Test project tau-source/build/release
          Start 1945: test_repl-normalize_cmd-issue185_juxtaposed_min_printed
          Start 1951: test_repl-normalize_cmd-qlt_pinned_neq_residual
          Start 1955: test_repl-normalize_cmd-qlt_density_residual
          Start  114: test_ltl_fuzz
          Start  110: test_ltl_aba
          Start  166: test_api-concrete_eval
          Start  131: test_cpp_codegen_program_desc
          Start  572: test_codegen_cli-always_one_emits
   1/2642 Test #1945: test_repl-normalize_cmd-issue185_juxtaposed_min_printed ......................................................................***Failed  Required regular expression not found. Regex=[x min\(x
]  0.08 sec
calculate_fixed_points:                            3 µs
apply_rec_relations:
normalize:                                      1.18  ms
	eliminate_arithmetic_and_quantifiers:     33 µs
	normalize_temporal_quantifiers:         1.13  ms
expand_definitions:                                3 µs
%1: min(x, { 2 }:bv[2])x = { 2 }:bv[2]


          Start   72: test_integration-bv_stress_check
   2/2642 Test #1951: test_repl-normalize_cmd-qlt_pinned_neq_residual ..............................................................................***Failed  Required regular expression not found. Regex=[: a != b
]  0.09 sec
calculate_fixed_points:                            5 µs
apply_rec_relations:
normalize:                                       467 µs
	eliminate_arithmetic_and_quantifiers:    401 µs
	normalize_temporal_quantifiers:           52 µs
expand_definitions:                                1 µs
%1: b != a


          Start  113: test_ltl_correctness
   3/2642 Test #1955: test_repl-normalize_cmd-qlt_density_residual .................................................................................***Failed  Required regular expression not found. Regex=[: a < b \|\| a = b && [ab] != c
]  0.09 sec
calculate_fixed_points:                            6 µs
apply_rec_relations:
normalize:                                       667 µs
	eliminate_arithmetic_and_quantifiers:    565 µs
	normalize_temporal_quantifiers:           91 µs
expand_definitions:                                2 µs
%1: a < b || a != c && b = a


          Start 1694: test_repl-realizable_cmd-data_game_bv_closed_regions_product_of_steps
   4/2642 Test   #72: test_integration-bv_stress_check .............................................................................................   Passed   29.14 sec
          Start  123: test_ltl_aba_open_points
   5/2642 Test  #113: test_ltl_correctness .........................................................................................................   Passed   29.64 sec
          Start  118: test_ltl_many_sorted
   6/2642 Test #1694: test_repl-realizable_cmd-data_game_bv_closed_regions_product_of_steps ........................................................   Passed   34.04 sec
          Start 1696: test_repl-realizable_cmd-bv_budget_products_of_steps
   7/2642 Test  #118: test_ltl_many_sorted .........................................................................................................   Passed   21.75 sec
          Start   35: test_hsb
   8/2642 Test  #123: test_ltl_aba_open_points .....................................................................................................   Passed   25.29 sec
          Start  109: test_pointwise_revision
   9/2642 Test  #572: test_codegen_cli-always_one_emits ............................................................................................   Passed   54.81 sec
          Start   22: test_integration-heuristics-bv_predicate_blasting
  10/2642 Test #1696: test_repl-realizable_cmd-bv_budget_products_of_steps .........................................................................   Passed   21.28 sec
          Start  128: test_cpp_codegen_roundtrip
  11/2642 Test   #22: test_integration-heuristics-bv_predicate_blasting ............................................................................   Passed    7.68 sec
          Start   26: test_ltl_qlt_bv
  12/2642 Test  #128: test_cpp_codegen_roundtrip ...................................................................................................   Passed    8.33 sec
          Start  139: test_ocltl_phi_delta
  13/2642 Test  #109: test_pointwise_revision ......................................................................................................   Passed   12.11 sec
          Start   71: test_integration-ctl_star
  14/2642 Test   #35: test_hsb .....................................................................................................................   Passed   15.62 sec
          Start   48: test_integration-interpreter
  15/2642 Test  #166: test_api-concrete_eval .......................................................................................................   Passed   68.95 sec
          Start  848: test_repl-sat_cmd-bv_budget_asked_twice
  16/2642 Test  #131: test_cpp_codegen_program_desc ................................................................................................   Passed   70.54 sec
          Start  844: test_repl-sat_cmd-bv_falling_output
  17/2642 Test   #26: test_ltl_qlt_bv ..............................................................................................................   Passed    8.35 sec
          Start   51: test_integration-ltl_aba_execution
  18/2642 Test   #48: test_integration-interpreter .................................................................................................   Passed    4.99 sec
          Start  127: test_cpp_codegen_pwr
  19/2642 Test  #139: test_ocltl_phi_delta .........................................................................................................   Passed    9.71 sec
          Start   20: test_integration-heuristics-bv_ba_custom_simplification_equivalence
  20/2642 Test   #71: test_integration-ctl_star ....................................................................................................   Passed    6.90 sec
          Start 1691: test_repl-realizable_cmd-bv_falling_output
  21/2642 Test   #51: test_integration-ltl_aba_execution ...........................................................................................   Passed    5.04 sec
          Start   76: test_integration-bv_quantifier_free_decision
  22/2642 Test  #844: test_repl-sat_cmd-bv_falling_output ..........................................................................................   Passed    7.16 sec
          Start  847: test_repl-sat_cmd-bv_budget_product_of_steps
  23/2642 Test   #76: test_integration-bv_quantifier_free_decision .................................................................................   Passed    1.95 sec
          Start  846: test_repl-sat_cmd-bv_budget_wide_product
  24/2642 Test  #848: test_repl-sat_cmd-bv_budget_asked_twice ......................................................................................   Passed    8.99 sec
          Start   78: test_integration-bv_definitional_elimination
  25/2642 Test   #20: test_integration-heuristics-bv_ba_custom_simplification_equivalence ..........................................................   Passed    5.27 sec
          Start   15: test_bv_bitblast
  26/2642 Test   #78: test_integration-bv_definitional_elimination .................................................................................   Passed    1.02 sec
          Start   17: test_bv_widening
  27/2642 Test  #127: test_cpp_codegen_pwr .........................................................................................................   Passed    7.15 sec
          Start  115: test_ltl_negative
  28/2642 Test #1691: test_repl-realizable_cmd-bv_falling_output ...................................................................................   Passed    7.02 sec
          Start  100: test_temporal_connectives
  29/2642 Test   #15: test_bv_bitblast .............................................................................................................   Passed    2.26 sec
          Start 2474: test_repl-blasting_equiv-128bit_16var-shift_mul_div_sat
  30/2642 Test   #17: test_bv_widening .............................................................................................................   Passed    2.31 sec
          Start   58: test_integration-splitter
  31/2642 Test  #115: test_ltl_negative ............................................................................................................   Passed    3.63 sec
          Start   77: test_integration-bv_case_split
  32/2642 Test   #77: test_integration-bv_case_split ...............................................................................................   Passed    0.74 sec
          Start   81: test_antiprenexing
  33/2642 Test  #100: test_temporal_connectives ....................................................................................................   Passed    3.47 sec
          Start  111: test_parse_hoa
  34/2642 Test  #847: test_repl-sat_cmd-bv_budget_product_of_steps .................................................................................   Passed    6.32 sec
          Start  107: test_table_step_provider
  35/2642 Test   #58: test_integration-splitter ....................................................................................................   Passed    2.77 sec
          Start  106: test_interpreter_api_extensions
  36/2642 Test   #81: test_antiprenexing ...........................................................................................................   Passed    1.61 sec
          Start   49: test_integration-interpreter_ltl_multiio
  37/2642 Test  #846: test_repl-sat_cmd-bv_budget_wide_product .....................................................................................   Passed    7.39 sec
          Start   63: test_integration-wff_normalization
  38/2642 Test  #106: test_interpreter_api_extensions ..............................................................................................   Passed    1.29 sec
          Start   74: test_integration-simp_tau_unsat_valid_unitwise
  39/2642 Test  #111: test_parse_hoa ...............................................................................................................   Passed    1.38 sec
          Start 1695: test_repl-realizable_cmd-bv_budget_wide_product
  40/2642 Test   #74: test_integration-simp_tau_unsat_valid_unitwise ...............................................................................   Passed    0.32 sec
          Start  105: test_interpreter
  41/2642 Test  #107: test_table_step_provider .....................................................................................................   Passed    1.94 sec
          Start  112: test_ltl_multi_type_oracle
  42/2642 Test  #105: test_interpreter .............................................................................................................   Passed    0.52 sec
          Start  136: test_normal_forms
  43/2642 Test   #49: test_integration-interpreter_ltl_multiio .....................................................................................   Passed    1.30 sec
          Start   75: test_integration-order_atoms_reduce
  44/2642 Test   #75: test_integration-order_atoms_reduce ..........................................................................................   Passed    0.26 sec
          Start 2125: test_repl-run_cmd-value_past_constant_size_budget
  45/2642 Test  #112: test_ltl_multi_type_oracle ...................................................................................................   Passed    0.96 sec
          Start   21: test_integration-heuristics-bv_ba_cvc5_simplification
  46/2642 Test   #21: test_integration-heuristics-bv_ba_cvc5_simplification ........................................................................   Passed    0.18 sec
          Start   96: test_bounded_cache
  47/2642 Test   #63: test_integration-wff_normalization ...........................................................................................   Passed    1.89 sec
          Start   64: test_integration-ba_types_inference
  48/2642 Test   #96: test_bounded_cache ...........................................................................................................   Passed    0.47 sec
          Start   92: test_ba_pack_traits
  49/2642 Test   #92: test_ba_pack_traits ..........................................................................................................   Passed    0.13 sec
          Start   16: test_bv_codegen
  50/2642 Test   #64: test_integration-ba_types_inference ..........................................................................................   Passed    0.94 sec
          Start   19: test_integration-heuristics-bv_ba_custom_simplification
  51/2642 Test #2474: test_repl-blasting_equiv-128bit_16var-shift_mul_div_sat ......................................................................   Passed    7.24 sec
          Start   67: test_integration-heuristics-simplify_using_equality
  52/2642 Test   #16: test_bv_codegen ..............................................................................................................   Passed    0.56 sec
          Start   73: test_integration-ba_component_factoring
  53/2642 Test   #19: test_integration-heuristics-bv_ba_custom_simplification ......................................................................   Passed    0.29 sec
          Start  117: test_ltl_perf
  54/2642 Test   #73: test_integration-ba_component_factoring ......................................................................................   Passed    0.25 sec
          Start   66: test_integration-type_scoped_resolver
  55/2642 Test   #67: test_integration-heuristics-simplify_using_equality ..........................................................................   Passed    0.39 sec
          Start   95: test_ba_types_inference
  56/2642 Test   #66: test_integration-type_scoped_resolver ........................................................................................   Passed    0.09 sec
          Start   97: test_bounded_call
  57/2642 Test   #95: test_ba_types_inference ......................................................................................................   Passed    0.11 sec
          Start   23: test_integration-heuristics-bv_predicate_blasting_predicates
  58/2642 Test   #97: test_bounded_call ............................................................................................................   Passed    0.47 sec
          Start   53: test_integration-nso_rr_fixed_point
  59/2642 Test   #23: test_integration-heuristics-bv_predicate_blasting_predicates .................................................................   Passed    0.53 sec
          Start   50: test_integration-pointwise_revision
  60/2642 Test   #53: test_integration-nso_rr_fixed_point ..........................................................................................   Passed    0.25 sec
          Start   68: test_integration-heuristics-syntactic_path_simplification
  61/2642 Test  #136: test_normal_forms ............................................................................................................   Passed    3.35 sec
          Start   93: test_literal_incomplete
  62/2642 Test   #68: test_integration-heuristics-syntactic_path_simplification ....................................................................   Passed    0.21 sec
          Start   54: test_integration-nso_rr_partial_eval
  63/2642 Test   #93: test_literal_incomplete ......................................................................................................   Passed    0.08 sec
          Start   18: test_integration-bv_hooks
  64/2642 Test   #54: test_integration-nso_rr_partial_eval .........................................................................................   Passed    0.07 sec
          Start   65: test_integration-semantic
  65/2642 Test   #50: test_integration-pointwise_revision ..........................................................................................   Passed    0.45 sec
          Start   87: test_bv_ba_hooks
  66/2642 Test   #65: test_integration-semantic ....................................................................................................   Passed    0.09 sec
          Start   28: test_integration-sbf2
  67/2642 Test   #28: test_integration-sbf2 ........................................................................................................   Passed    0.10 sec
          Start  125: test_codegen_parity
  68/2642 Test   #18: test_integration-bv_hooks ....................................................................................................   Passed    0.28 sec
          Start   70: test_integration-heuristics-trivial_skolem
  69/2642 Test   #70: test_integration-heuristics-trivial_skolem ...................................................................................   Passed    0.20 sec
          Start   14: test_bv_ba_helpers
  70/2642 Test   #87: test_bv_ba_hooks .............................................................................................................   Passed    0.47 sec
          Start 2126: test_repl-run_cmd-values_stay_within_constant_size_budget
  71/2642 Test   #14: test_bv_ba_helpers ...........................................................................................................   Passed    0.12 sec
          Start   69: test_integration-heuristics-ex_subs_based_elimination
  72/2642 Test #1695: test_repl-realizable_cmd-bv_budget_wide_product ..............................................................................   Passed    4.88 sec
          Start   91: test_ba_descriptor_pack_full
  73/2642 Test   #69: test_integration-heuristics-ex_subs_based_elimination ........................................................................   Passed    0.12 sec
          Start   52: test_integration-nso_rr_execution
  74/2642 Test   #91: test_ba_descriptor_pack_full .................................................................................................   Passed    0.09 sec
          Start  119: test_ltl_strategy_exec
  75/2642 Test  #117: test_ltl_perf ................................................................................................................   Passed    2.24 sec
          Start   45: test_integration-bf_hooks
  76/2642 Test   #52: test_integration-nso_rr_execution ............................................................................................   Passed    0.34 sec
          Start  108: test_io_context
  77/2642 Test  #108: test_io_context ..............................................................................................................   Passed    0.10 sec
          Start   79: test_integration-solver-iterators
  78/2642 Test   #79: test_integration-solver-iterators ............................................................................................   Passed    0.13 sec
          Start  104: test_hooks
  79/2642 Test #2125: test_repl-run_cmd-value_past_constant_size_budget ............................................................................   Passed    4.18 sec
          Start   10: test_semantic_pwr
  80/2642 Test  #104: test_hooks ...................................................................................................................   Passed    0.16 sec
          Start   25: test_integration-solver-bv
  81/2642 Test   #45: test_integration-bf_hooks ....................................................................................................   Passed    0.57 sec
          Start   94: test_ba_types
  82/2642 Test   #94: test_ba_types ................................................................................................................   Passed    0.08 sec
          Start   27: test_integration-sbf1
  83/2642 Test   #25: test_integration-solver-bv ...................................................................................................   Passed    0.30 sec
          Start   62: test_integration-wff_hooks
  84/2642 Test   #27: test_integration-sbf1 ........................................................................................................   Passed    0.12 sec
          Start   80: test_apply_rule
  85/2642 Test   #80: test_apply_rule ..............................................................................................................   Passed    0.08 sec
          Start 2408: test_repl-blasting_equiv-8bit_16var-xor_and_sat
  86/2642 Test  #125: test_codegen_parity ..........................................................................................................   Passed    2.00 sec
          Start   46: test_integration-bf_normalization
  87/2642 Test   #10: test_semantic_pwr ............................................................................................................   Passed    0.94 sec
          Start  575: test_codegen_cli-unknown_is_not_unrealizable
  88/2642 Test   #46: test_integration-bf_normalization ............................................................................................   Passed    0.16 sec
          Start  101: test_eliminability
  89/2642 Test   #62: test_integration-wff_hooks ...................................................................................................   Passed    0.76 sec
          Start   86: test_base_ba_dispatcher
  90/2642 Test  #101: test_eliminability ...........................................................................................................   Passed    0.20 sec
          Start   13: test_bv_ba-simplification
  91/2642 Test   #86: test_base_ba_dispatcher ......................................................................................................   Passed    0.09 sec
          Start   57: test_integration-normalizer_helpers
  92/2642 Test   #13: test_bv_ba-simplification ....................................................................................................   Passed    0.11 sec
          Start   98: test_data_bdd
  93/2642 Test   #98: test_data_bdd ................................................................................................................   Passed    0.08 sec
          Start   99: test_canonicalize_tref
  94/2642 Test   #99: test_canonicalize_tref .......................................................................................................   Passed    0.15 sec
          Start  576: test_codegen_cli-unknown_names_the_budget
  95/2642 Test   #57: test_integration-normalizer_helpers ..........................................................................................   Passed    0.83 sec
          Start   30: test_sbf_ba_parsing
  96/2642 Test   #30: test_sbf_ba_parsing ..........................................................................................................   Passed    0.11 sec
          Start    8: test_qlt_grammar
  97/2642 Test    #8: test_qlt_grammar .............................................................................................................   Passed    0.11 sec
          Start  102: test_execution
  98/2642 Test  #102: test_execution ...............................................................................................................   Passed    0.08 sec
          Start   12: test_bv_ba-cast
  99/2642 Test   #12: test_bv_ba-cast ..............................................................................................................   Passed    0.21 sec
          Start  577: test_codegen_cli-compile_reads_the_ltl_timeout_option
 100/2642 Test #2126: test_repl-run_cmd-values_stay_within_constant_size_budget ....................................................................   Passed    3.44 sec
          Start   33: test_sbf_codegen
 101/2642 Test   #33: test_sbf_codegen .............................................................................................................   Passed    0.21 sec
          Start   31: test_sbf_ba_splitter
 102/2642 Test   #31: test_sbf_ba_splitter .........................................................................................................   Passed    0.07 sec
          Start   34: test_sbf_oracle
 103/2642 Test  #119: test_ltl_strategy_exec .......................................................................................................   Passed    3.56 sec
          Start   47: test_integration-eliminability
 104/2642 Test   #34: test_sbf_oracle ..............................................................................................................   Passed    0.11 sec
          Start   56: test_integration-satisfiability6
 105/2642 Test   #47: test_integration-eliminability ...............................................................................................   Passed    0.09 sec
          Start   24: test_integration-interpreter-bv
 106/2642 Test   #24: test_integration-interpreter-bv ..............................................................................................   Passed    0.31 sec
          Start   82: test_adt_flatten
 107/2642 Test   #56: test_integration-satisfiability6 .............................................................................................   Passed    0.51 sec
          Start   40: test_integration-solver-hsb
 108/2642 Test   #40: test_integration-solver-hsb ..................................................................................................   Passed    0.48 sec
          Start   89: test_ba_conformance
 109/2642 Test   #82: test_adt_flatten .............................................................................................................   Passed    0.69 sec
          Start   11: test_nlang_grammar
 110/2642 Test #2408: test_repl-blasting_equiv-8bit_16var-xor_and_sat ..............................................................................   Passed    3.61 sec
          Start   38: test_hsb_splitter
 111/2642 Test   #89: test_ba_conformance ..........................................................................................................   Passed    0.12 sec
          Start   90: test_ba_descriptor_pack
 112/2642 Test   #11: test_nlang_grammar ...........................................................................................................   Passed    0.10 sec
          Start   36: test_hsb_grammar
 113/2642 Test   #90: test_ba_descriptor_pack ......................................................................................................   Passed    0.06 sec
          Start  103: test_gc
 114/2642 Test   #36: test_hsb_grammar .............................................................................................................   Passed    0.09 sec
          Start    9: test_qlt_oracle
 115/2642 Test  #103: test_gc ......................................................................................................................   Passed    0.08 sec
          Start   37: test_hsb_normalizer
 116/2642 Test   #38: test_hsb_splitter ............................................................................................................   Passed    0.24 sec
          Start    7: test_qlt_codegen
 117/2642 Test   #37: test_hsb_normalizer ..........................................................................................................   Passed    0.16 sec
          Start   29: test_sbf
 118/2642 Test    #9: test_qlt_oracle ..............................................................................................................   Passed    0.23 sec
          Start   60: test_integration-tau_ba1
 119/2642 Test   #29: test_sbf .....................................................................................................................   Passed    0.08 sec
          Start   59: test_integration-splitter2
 120/2642 Test    #7: test_qlt_codegen .............................................................................................................   Passed    0.21 sec
          Start  159: test_api-string_api
 121/2642 Test   #59: test_integration-splitter2 ...................................................................................................   Passed    0.09 sec
          Start   43: test_integration-antiprenexing
 122/2642 Test  #575: test_codegen_cli-unknown_is_not_unrealizable .................................................................................   Passed    3.72 sec
          Start   84: test_adt_types
 123/2642 Test   #60: test_integration-tau_ba1 .....................................................................................................   Passed    0.26 sec
          Start   44: test_integration-bf_fixed_point
 124/2642 Test   #84: test_adt_types ...............................................................................................................   Passed    0.20 sec
          Start  116: test_ltl_soundness_regression
 125/2642 Test   #44: test_integration-bf_fixed_point ..............................................................................................   Passed    0.14 sec
          Start   85: test_adt_wire_parsing
 126/2642 Test   #85: test_adt_wire_parsing ........................................................................................................   Passed    0.05 sec
          Start   39: test_integration-satisfiability-hsb
 127/2642 Test   #43: test_integration-antiprenexing ...............................................................................................   Passed    0.33 sec
          Start   32: test_sbf_bdd_capacity
 128/2642 Test   #32: test_sbf_bdd_capacity ........................................................................................................   Passed    0.04 sec
          Start  163: test_api-ltl_execution
 129/2642 Test   #39: test_integration-satisfiability-hsb ..........................................................................................   Passed    0.11 sec
          Start 2400: test_repl-blasting_equiv-128bit_8var-shift_mul_div_sat
 130/2642 Test  #576: test_codegen_cli-unknown_names_the_budget ....................................................................................   Passed    3.73 sec
          Start   88: test_ba_constants
 131/2642 Test   #88: test_ba_constants ............................................................................................................   Passed    0.08 sec
          Start   55: test_integration-placement_matrix
 132/2642 Test   #55: test_integration-placement_matrix ............................................................................................   Passed    0.29 sec
          Start  158: test_api-tref_api
 133/2642 Test  #116: test_ltl_soundness_regression ................................................................................................   Passed    0.94 sec
          Start   61: test_integration-tau_ba3
 134/2642 Test   #61: test_integration-tau_ba3 .....................................................................................................   Passed    0.11 sec
          Start    4: test_integration-solver-qlt
 135/2642 Test  #159: test_api-string_api ..........................................................................................................   Passed    1.39 sec
          Start  495: test_repl-ltl_execution-qlt_unrealizable_propositional
 136/2642 Test  #577: test_codegen_cli-compile_reads_the_ltl_timeout_option ........................................................................   Passed    3.72 sec
          Start 2470: test_repl-blasting_equiv-128bit_16var-arith_composition
 137/2642 Test  #163: test_api-ltl_execution .......................................................................................................   Passed    1.53 sec
          Start   83: test_adt_parsing
 138/2642 Test    #4: test_integration-solver-qlt ..................................................................................................   Passed    0.68 sec
          Start    6: test_qlt
 139/2642 Test    #6: test_qlt .....................................................................................................................   Passed    0.06 sec
          Start  162: test_api-reset
 140/2642 Test   #83: test_adt_parsing .............................................................................................................   Passed    0.14 sec
          Start   42: test_integration-adt
 141/2642 Test  #162: test_api-reset ...............................................................................................................   Passed    0.15 sec
          Start 2396: test_repl-blasting_equiv-128bit_8var-arith_composition
 142/2642 Test  #158: test_api-tref_api ............................................................................................................   Passed    1.32 sec
          Start 1693: test_repl-realizable_cmd-data_game_bv_closed_regions_off
 143/2642 Test   #42: test_integration-adt .........................................................................................................   Passed    0.39 sec
          Start  129: test_cpp_codegen_bench
 144/2642 Test #2400: test_repl-blasting_equiv-128bit_8var-shift_mul_div_sat .......................................................................   Passed    2.94 sec
          Start 2461: test_repl-blasting_equiv-128bit_4var-mod_existence
 145/2642 Test  #495: test_repl-ltl_execution-qlt_unrealizable_propositional .......................................................................   Passed    2.07 sec
          Start  165: test_api-undecided_verdicts
 146/2642 Test  #165: test_api-undecided_verdicts ..................................................................................................   Passed    0.35 sec
          Start    5: test_omcat_types
 147/2642 Test    #5: test_omcat_types .............................................................................................................   Passed    0.04 sec
          Start  168: test_repl-quit_cmd-full
 148/2642 Test  #168: test_repl-quit_cmd-full ......................................................................................................   Passed    0.06 sec
          Start  161: test_api-memory_budget
 149/2642 Test  #161: test_api-memory_budget .......................................................................................................   Passed    0.11 sec
          Start  153: test_variant_ba
 150/2642 Test  #129: test_cpp_codegen_bench .......................................................................................................   Passed    1.54 sec
          Start  160: test_api-limits
 151/2642 Test  #160: test_api-limits ..............................................................................................................   Passed    0.11 sec
          Start  164: test_api-normal_forms_xor
 152/2642 Test #2470: test_repl-blasting_equiv-128bit_16var-arith_composition ......................................................................   Passed    2.71 sec
          Start 1692: test_repl-realizable_cmd-data_game_bv_closed_regions_wide_product
 153/2642 Test  #164: test_api-normal_forms_xor ....................................................................................................   Passed    0.37 sec
          Start  122: test_algorithm_d
 154/2642 Test #2396: test_repl-blasting_equiv-128bit_8var-arith_composition .......................................................................   Passed    2.38 sec
          Start   41: test_cvc5
 155/2642 Test #1693: test_repl-realizable_cmd-data_game_bv_closed_regions_off .....................................................................   Passed    2.24 sec
          Start  147: test_tau_tree_from_parser
 156/2642 Test   #41: test_cvc5 ....................................................................................................................   Passed    0.06 sec
          Start  130: test_cpp_codegen_data_atoms
 157/2642 Test  #153: test_variant_ba ..............................................................................................................   Passed    0.93 sec
          Start    1: test_integration-solver-tau
 158/2642 Test  #147: test_tau_tree_from_parser ....................................................................................................   Passed    0.33 sec
          Start  156: test_tau_ba
 159/2642 Test  #156: test_tau_ba ..................................................................................................................   Passed    0.41 sec
          Start  148: test_traversal
 160/2642 Test  #148: test_traversal ...............................................................................................................   Passed    0.08 sec
          Start  479: test_repl-ltl_execution-data_game_strategy_bv_bits
 161/2642 Test #2461: test_repl-blasting_equiv-128bit_4var-mod_existence ...........................................................................   Passed    2.17 sec
          Start    3: test_qint_grammar
 162/2642 Test  #130: test_cpp_codegen_data_atoms ..................................................................................................   Passed    0.99 sec
          Start  146: test_tau_tree
 163/2642 Test    #3: test_qint_grammar ............................................................................................................   Passed    0.08 sec
          Start  143: test_spec_decompose
 164/2642 Test  #143: test_spec_decompose ..........................................................................................................   Passed    0.14 sec
          Start  145: test_tau_bdd
 165/2642 Test  #146: test_tau_tree ................................................................................................................   Passed    0.16 sec
          Start  157: test_tau_spec
 166/2642 Test  #157: test_tau_spec ................................................................................................................   Passed    0.18 sec
          Start  135: test_leaf_clause
 167/2642 Test    #1: test_integration-solver-tau ..................................................................................................   Passed    1.07 sec
          Start  155: test_hbdd
 168/2642 Test  #145: test_tau_bdd .................................................................................................................   Passed    0.22 sec
          Start  154: test_bool
 169/2642 Test  #155: test_hbdd ....................................................................................................................   Passed    0.05 sec
          Start  137: test_nso_ba
 170/2642 Test  #122: test_algorithm_d .............................................................................................................   Passed    1.58 sec
          Start  144: test_product_ba
 171/2642 Test  #154: test_bool ....................................................................................................................   Passed    0.06 sec
          Start  133: test_liveness_decomp
 172/2642 Test  #144: test_product_ba ..............................................................................................................   Passed    0.06 sec
          Start  126: test_cpp_codegen
 173/2642 Test  #135: test_leaf_clause .............................................................................................................   Passed    0.18 sec
          Start    2: test_qint
 174/2642 Test  #137: test_nso_ba ..................................................................................................................   Passed    0.12 sec
          Start  169: test_repl-quit_cmd-shortened
 175/2642 Test  #126: test_cpp_codegen .............................................................................................................   Passed    0.06 sec
          Start  121: test_algorithm_b
 176/2642 Test #1692: test_repl-realizable_cmd-data_game_bv_closed_regions_wide_product ............................................................   Passed    1.79 sec
          Start  150: test_union_find_with_sets
 177/2642 Test  #133: test_liveness_decomp .........................................................................................................   Passed    0.15 sec
 178/2642 Test  #169: test_repl-quit_cmd-shortened .................................................................................................   Passed    0.06 sec
          Start  151: test_bitblasting_predicates
          Start  142: test_rr
 179/2642 Test    #2: test_qint ....................................................................................................................   Passed    0.07 sec
          Start  132: test_gr1_detect
 180/2642 Test  #151: test_bitblasting_predicates ..................................................................................................   Passed    0.07 sec
          Start  140: test_ocltl_runtime_witness
 181/2642 Test  #150: test_union_find_with_sets ....................................................................................................   Passed    0.09 sec
          Start  486: test_repl-ltl_execution-data_game_strategy_revision_drops_goal
 182/2642 Test  #142: test_rr ......................................................................................................................   Passed    0.10 sec
          Start  497: test_repl-ltl_env-export_dot
 183/2642 Test  #132: test_gr1_detect ..............................................................................................................   Passed    0.16 sec
          Start  149: test_union_find
 184/2642 Test  #149: test_union_find ..............................................................................................................   Passed    0.05 sec
          Start  476: test_repl-ltl_execution-data_game_strategy_complement_codes
 185/2642 Test  #121: test_algorithm_b .............................................................................................................   Passed    0.26 sec
          Start  424: test_repl-ltl_cmd-garbage_output_is_unknown
 186/2642 Test  #140: test_ocltl_runtime_witness ...................................................................................................   Passed    0.16 sec
          Start  138: test_nso_rr
 187/2642 Test  #138: test_nso_rr ..................................................................................................................   Passed    0.13 sec
          Start  124: test_cli_options
 188/2642 Test  #424: test_repl-ltl_cmd-garbage_output_is_unknown ..................................................................................   Passed    0.18 sec
          Start  152: test_var_dict
 189/2642 Test  #124: test_cli_options .............................................................................................................   Passed    0.05 sec
          Start 2472: test_repl-blasting_equiv-128bit_16var-xor_and_sat
 190/2642 Test  #479: test_repl-ltl_execution-data_game_strategy_bv_bits ...........................................................................   Passed    1.20 sec
          Start  480: test_repl-ltl_execution-data_game_strategy_order_types
 191/2642 Test  #152: test_var_dict ................................................................................................................   Passed    0.05 sec
          Start 2453: test_repl-blasting_equiv-32bit_16var-shift_mul_div_sat
 192/2642 Test  #476: test_repl-ltl_execution-data_game_strategy_complement_codes ..................................................................   Passed    0.50 sec
          Start 2113: test_repl-run_cmd-issue82_accumulated_tau_constant
 193/2642 Test  #486: test_repl-ltl_execution-data_game_strategy_revision_drops_goal ...............................................................   Passed    0.79 sec
          Start  141: test_ocltl_types
 194/2642 Test #2472: test_repl-blasting_equiv-128bit_16var-xor_and_sat ............................................................................   Passed    0.54 sec
          Start 2622: test_repl-bdd_capacity-session_continues
 195/2642 Test  #497: test_repl-ltl_env-export_dot .................................................................................................   Passed    0.86 sec
          Start  485: test_repl-ltl_execution-data_game_strategy_revision
 196/2642 Test  #141: test_ocltl_types .............................................................................................................   Passed    0.10 sec
          Start  487: test_repl-ltl_execution-data_game_strategy_revision_new_stream
 197/2642 Test  #480: test_repl-ltl_execution-data_game_strategy_order_types .......................................................................   Passed    0.57 sec
          Start 2468: test_repl-blasting_equiv-128bit_16var-chain_ineq_gap
 198/2642 Test #2453: test_repl-blasting_equiv-32bit_16var-shift_mul_div_sat .......................................................................   Passed    0.57 sec
          Start  499: test_repl-ltl_env-witness
 199/2642 Test #2113: test_repl-run_cmd-issue82_accumulated_tau_constant ...........................................................................   Passed    0.64 sec
          Start  120: test_algorithm_a
 200/2642 Test  #120: test_algorithm_a .............................................................................................................   Passed    0.05 sec
          Start  501: test_repl-ltl_env-timeout_garbage_warns
 201/2642 Test #2468: test_repl-blasting_equiv-128bit_16var-chain_ineq_gap .........................................................................   Passed    0.49 sec
          Start 1668: test_repl-realizable_cmd-data_check_observed_until_past_input
 202/2642 Test  #485: test_repl-ltl_execution-data_game_strategy_revision ..........................................................................   Passed    0.57 sec
          Start  423: test_repl-sat-garbled_hoa_is_unknown
 203/2642 Test  #487: test_repl-ltl_execution-data_game_strategy_revision_new_stream ...............................................................   Passed    0.59 sec
          Start  441: test_repl-ltl_decisions-ltl_written_warm_up_tautology_own_always
 204/2642 Test #2622: test_repl-bdd_capacity-session_continues .....................................................................................   Passed    0.66 sec
          Start  437: test_repl-ltl_decisions-ltl_merged_always_warm_up_input
 205/2642 Test  #499: test_repl-ltl_env-witness ....................................................................................................   Passed    0.61 sec
          Start 2120: test_repl-run_cmd-delay_chain_initial_conditions_sometimes_bv
 206/2642 Test  #423: test_repl-sat-garbled_hoa_is_unknown .........................................................................................   Passed    0.17 sec
          Start  498: test_repl-ltl_env-export_off_by_default
 207/2642 Test  #501: test_repl-ltl_env-timeout_garbage_warns ......................................................................................   Passed    0.51 sec
          Start 2473: test_repl-blasting_equiv-128bit_16var-or_and_order
 208/2642 Test #1668: test_repl-realizable_cmd-data_check_observed_until_past_input ................................................................   Passed    0.53 sec
          Start  440: test_repl-ltl_decisions-ltl_written_warm_up_tautology
 209/2642 Test  #441: test_repl-ltl_decisions-ltl_written_warm_up_tautology_own_always .............................................................   Passed    0.52 sec
          Start  496: test_repl-ltl_env-export_hoa
 210/2642 Test  #437: test_repl-ltl_decisions-ltl_merged_always_warm_up_input ......................................................................   Passed    0.54 sec
          Start 2626: test_repl-bdd_capacity-whatis_overflow_ends_in_error
 211/2642 Test #2120: test_repl-run_cmd-delay_chain_initial_conditions_sometimes_bv ................................................................   Passed    0.52 sec
          Start  438: test_repl-ltl_decisions-ltl_merged_always_warm_up_bv
 212/2642 Test  #498: test_repl-ltl_env-export_off_by_default ......................................................................................   Passed    0.52 sec
          Start 2624: test_repl-bdd_capacity-ltl_overflow_is_no_verdict_neq
 213/2642 Test #2473: test_repl-blasting_equiv-128bit_16var-or_and_order ...........................................................................   Passed    0.41 sec
          Start 2449: test_repl-blasting_equiv-32bit_16var-arith_composition
 214/2642 Test  #440: test_repl-ltl_decisions-ltl_written_warm_up_tautology ........................................................................   Passed    0.52 sec
          Start  435: test_repl-ltl_decisions-ltl_merged_always_warm_up
 215/2642 Test #2626: test_repl-bdd_capacity-whatis_overflow_ends_in_error .........................................................................   Passed    0.44 sec
          Start 2471: test_repl-blasting_equiv-128bit_16var-xor_xnor_nand_nor_commutativity
 216/2642 Test #2624: test_repl-bdd_capacity-ltl_overflow_is_no_verdict_neq ........................................................................   Passed    0.44 sec
          Start 2621: test_repl-bdd_capacity-overflow_is_no_verdict
 217/2642 Test  #496: test_repl-ltl_env-export_hoa .................................................................................................   Passed    0.56 sec
          Start  439: test_repl-ltl_decisions-ltl_merged_always_one_clause
 218/2642 Test  #438: test_repl-ltl_decisions-ltl_merged_always_warm_up_bv .........................................................................   Passed    0.56 sec
          Start 2625: test_repl-bdd_capacity-ltl_overflow_is_no_verdict_eq
 219/2642 Test #2449: test_repl-blasting_equiv-32bit_16var-arith_composition .......................................................................   Passed    0.43 sec
          Start 2454: test_repl-blasting_equiv-32bit_16var-alt_quant_negation
 220/2642 Test #2471: test_repl-blasting_equiv-128bit_16var-xor_xnor_nand_nor_commutativity ........................................................   Passed    0.35 sec
          Start  417: test_repl-ltl_cmd-ctl_star_A_F_output_reduced
 221/2642 Test  #435: test_repl-ltl_decisions-ltl_merged_always_warm_up ............................................................................   Passed    0.55 sec
          Start 2406: test_repl-blasting_equiv-8bit_16var-arith_composition
 222/2642 Test #2454: test_repl-blasting_equiv-32bit_16var-alt_quant_negation ......................................................................   Passed    0.41 sec
          Start 2410: test_repl-blasting_equiv-8bit_16var-shift_mul_div_sat
 223/2642 Test #2625: test_repl-bdd_capacity-ltl_overflow_is_no_verdict_eq .........................................................................   Passed    0.47 sec
          Start 2403: test_repl-blasting_equiv-8bit_16var-add_or_commutativity
 224/2642 Test  #439: test_repl-ltl_decisions-ltl_merged_always_one_clause .........................................................................   Passed    0.54 sec
          Start  170: test_repl-version_cmd-full
 225/2642 Test #2621: test_repl-bdd_capacity-overflow_is_no_verdict ................................................................................   Passed    0.56 sec
          Start 2475: test_repl-blasting_equiv-128bit_16var-alt_quant_negation
 226/2642 Test  #170: test_repl-version_cmd-full ...................................................................................................   Passed    0.05 sec
          Start  481: test_repl-ltl_execution-data_game_strategy_reads_needed_inputs
 227/2642 Test  #417: test_repl-ltl_cmd-ctl_star_A_F_output_reduced ................................................................................   Passed    0.59 sec
          Start 2405: test_repl-blasting_equiv-8bit_16var-and_commutativity
 228/2642 Test #2406: test_repl-blasting_equiv-8bit_16var-arith_composition ........................................................................   Passed    0.47 sec
          Start 2623: test_repl-bdd_capacity-fresh_variable_after_overflow_is_no_verdict
 229/2642 Test #2403: test_repl-blasting_equiv-8bit_16var-add_or_commutativity .....................................................................   Passed    0.38 sec
          Start 2467: test_repl-blasting_equiv-128bit_16var-add_or_commutativity
 230/2642 Test  #481: test_repl-ltl_execution-data_game_strategy_reads_needed_inputs ...............................................................   Passed    0.33 sec
          Start 2627: test_repl-bdd_capacity-run_step_overflow_writes_no_output
 231/2642 Test #2475: test_repl-blasting_equiv-128bit_16var-alt_quant_negation .....................................................................   Passed    0.41 sec
          Start 2431: test_repl-blasting_equiv-32bit_8var-shift_mul_div_sat
 232/2642 Test #2410: test_repl-blasting_equiv-8bit_16var-shift_mul_div_sat ........................................................................   Passed    0.53 sec
          Start  574: test_codegen_cli-unrealizable_full_ltl
 233/2642 Test #2405: test_repl-blasting_equiv-8bit_16var-and_commutativity ........................................................................   Passed    0.38 sec
          Start  406: test_repl-ctl_star-realizable_E_always_input_both_values
 234/2642 Test #2467: test_repl-blasting_equiv-128bit_16var-add_or_commutativity ...................................................................   Passed    0.40 sec
          Start 2455: test_repl-blasting_equiv-32bit_16var-alt_quant_cross_dep
 235/2642 Test #2623: test_repl-bdd_capacity-fresh_variable_after_overflow_is_no_verdict ...........................................................   Passed    0.50 sec
          Start  482: test_repl-ltl_execution-fixed_steps_through_the_counter
 236/2642 Test #2627: test_repl-bdd_capacity-run_step_overflow_writes_no_output ....................................................................   Passed    0.49 sec
          Start 2427: test_repl-blasting_equiv-32bit_8var-arith_composition
 237/2642 Test #2431: test_repl-blasting_equiv-32bit_8var-shift_mul_div_sat ........................................................................   Passed    0.46 sec
          Start 2476: test_repl-blasting_equiv-128bit_16var-alt_quant_cross_dep
 238/2642 Test  #574: test_codegen_cli-unrealizable_full_ltl .......................................................................................   Passed    0.45 sec
          Start  434: test_repl-ltl_decisions-ltl_agrees_with_realizable
 239/2642 Test #2455: test_repl-blasting_equiv-32bit_16var-alt_quant_cross_dep .....................................................................   Passed    0.35 sec
          Start  493: test_repl-ltl_execution-qlt_points_bookkeeping_strategy_runs
 240/2642 Test  #406: test_repl-ctl_star-realizable_E_always_input_both_values .....................................................................   Passed    0.42 sec
          Start 1524: test_repl-realizable_cmd-by_grammar-shape_p_07_f_f_a1_f_a2_f_a3_f_a1
 241/2642 Test  #482: test_repl-ltl_execution-fixed_steps_through_the_counter ......................................................................   Passed    0.31 sec
          Start  478: test_repl-ltl_execution-data_game_strategy_merged_warm_up
 242/2642 Test #2476: test_repl-blasting_equiv-128bit_16var-alt_quant_cross_dep ....................................................................   Passed    0.31 sec
          Start 2469: test_repl-blasting_equiv-128bit_16var-and_commutativity
 243/2642 Test #2427: test_repl-blasting_equiv-32bit_8var-arith_composition ........................................................................   Passed    0.33 sec
          Start  134: test_mealy_extract
 244/2642 Test  #134: test_mealy_extract ...........................................................................................................   Passed    0.04 sec
          Start 2404: test_repl-blasting_equiv-8bit_16var-chain_ineq_gap
 245/2642 Test  #434: test_repl-ltl_decisions-ltl_agrees_with_realizable ...........................................................................   Passed    0.42 sec
          Start  442: test_repl-ltl_decisions-ltl_always_beside_sometimes_lookback
 246/2642 Test  #478: test_repl-ltl_execution-data_game_strategy_merged_warm_up ....................................................................   Passed    0.31 sec
          Start 1685: test_repl-realizable_cmd-data_game_complement_codes
 247/2642 Test  #493: test_repl-ltl_execution-qlt_points_bookkeeping_strategy_runs .................................................................   Passed    0.43 sec
          Start 2394: test_repl-blasting_equiv-128bit_8var-chain_ineq_gap
 248/2642 Test #1524: test_repl-realizable_cmd-by_grammar-shape_p_07_f_f_a1_f_a2_f_a3_f_a1 .........................................................   Passed    0.42 sec
          Start 2112: test_repl-run_cmd-issue76_mixed_tau_streams
 249/2642 Test #2469: test_repl-blasting_equiv-128bit_16var-and_commutativity ......................................................................   Passed    0.42 sec
          Start  474: test_repl-ltl_execution-data_game_strategy_input_goals
 250/2642 Test #2404: test_repl-blasting_equiv-8bit_16var-chain_ineq_gap ...........................................................................   Passed    0.40 sec
          Start  483: test_repl-ltl_execution-fixed_steps_through_the_counter_sometimes
 251/2642 Test  #442: test_repl-ltl_decisions-ltl_always_beside_sometimes_lookback .................................................................   Passed    0.45 sec
          Start 2407: test_repl-blasting_equiv-8bit_16var-xor_xnor_nand_nor_commutativity
 252/2642 Test #2112: test_repl-run_cmd-issue76_mixed_tau_streams ..................................................................................   Passed    0.30 sec
          Start  800: test_repl-sat_cmd-delay_chain5_sometimes_last
 253/2642 Test #1685: test_repl-realizable_cmd-data_game_complement_codes ..........................................................................   Passed    0.38 sec
          Start  421: test_repl-ltl_cmd-backend_failure_is_unknown
 254/2642 Test #2394: test_repl-blasting_equiv-128bit_8var-chain_ineq_gap ..........................................................................   Passed    0.34 sec
          Start  418: test_repl-ltl_cmd-ctl_star_A_F_input_unrealizable
 255/2642 Test  #474: test_repl-ltl_execution-data_game_strategy_input_goals .......................................................................   Passed    0.33 sec
          Start 2409: test_repl-blasting_equiv-8bit_16var-or_and_order
 256/2642 Test  #483: test_repl-ltl_execution-fixed_steps_through_the_counter_sometimes ............................................................   Passed    0.32 sec
          Start  420: test_repl-ltl_cmd-ctl_star_e_over_past_not_realizable
 257/2642 Test  #421: test_repl-ltl_cmd-backend_failure_is_unknown .................................................................................   Passed    0.17 sec
          Start 1482: test_repl-realizable_cmd-by_grammar-shape_l_04_g_a1_g_f_a2_f_g_a3_depth_3_in_branches
 258/2642 Test  #800: test_repl-sat_cmd-delay_chain5_sometimes_last ................................................................................   Passed    0.27 sec
          Start  419: test_repl-ltl_cmd-ctl_star_e_over_past_undecided
 259/2642 Test #2407: test_repl-blasting_equiv-8bit_16var-xor_xnor_nand_nor_commutativity ..........................................................   Passed    0.36 sec
          Start 2631: test_repl-compile_verb-cxx_override_is_used
 260/2642 Test #2409: test_repl-blasting_equiv-8bit_16var-or_and_order .............................................................................   Passed    0.34 sec
          Start 1630: test_repl-realizable_cmd-ltl_qlt_bv-br_12_g_eq_i1_and_f_neq255_and_g_i1_255_unreal
 261/2642 Test  #418: test_repl-ltl_cmd-ctl_star_A_F_input_unrealizable ............................................................................   Passed    0.42 sec
          Start 2451: test_repl-blasting_equiv-32bit_16var-xor_and_sat
 262/2642 Test  #420: test_repl-ltl_cmd-ctl_star_e_over_past_not_realizable ........................................................................   Passed    0.39 sec
          Start 2418: test_repl-blasting_equiv-32bit_4var-mod_existence
 263/2642 Test #1482: test_repl-realizable_cmd-by_grammar-shape_l_04_g_a1_g_f_a2_f_g_a3_depth_3_in_branches ........................................   Passed    0.42 sec
          Start 1657: test_repl-realizable_cmd-delay_chain_5_stages_initial_conditions_sometimes
 264/2642 Test  #419: test_repl-ltl_cmd-ctl_star_e_over_past_undecided .............................................................................   Passed    0.39 sec
          Start  431: test_repl-ltl_decisions-input_tautology_bv_three_atoms
 265/2642 Test #2631: test_repl-compile_verb-cxx_override_is_used ..................................................................................   Passed    0.41 sec
          Start  475: test_repl-ltl_execution-data_game_strategy_new_value
 266/2642 Test #2451: test_repl-blasting_equiv-32bit_16var-xor_and_sat .............................................................................   Passed    0.29 sec
          Start 2411: test_repl-blasting_equiv-8bit_16var-alt_quant_negation
 267/2642 Test #2418: test_repl-blasting_equiv-32bit_4var-mod_existence ............................................................................   Passed    0.27 sec
          Start 2412: test_repl-blasting_equiv-8bit_16var-alt_quant_cross_dep
 268/2642 Test #1630: test_repl-realizable_cmd-ltl_qlt_bv-br_12_g_eq_i1_and_f_neq255_and_g_i1_255_unreal ...........................................   Passed    0.40 sec
          Start  477: test_repl-ltl_execution-data_game_strategy_bv_values
 269/2642 Test  #431: test_repl-ltl_decisions-input_tautology_bv_three_atoms .......................................................................   Passed    0.29 sec
          Start  459: test_repl-ltl_decisions-consistency_cap_is_unknown
 270/2642 Test #1657: test_repl-realizable_cmd-delay_chain_5_stages_initial_conditions_sometimes ...................................................   Passed    0.35 sec
          Start  458: test_repl-ltl_decisions-per_literal_guard_realizable
 271/2642 Test  #475: test_repl-ltl_execution-data_game_strategy_new_value .........................................................................   Passed    0.31 sec
          Start 1683: test_repl-realizable_cmd-abstraction_refined_without_strategy
 272/2642 Test #2411: test_repl-blasting_equiv-8bit_16var-alt_quant_negation .......................................................................   Passed    0.33 sec
          Start 1670: test_repl-realizable_cmd-data_game_delayed_copy_of_past_input
 273/2642 Test #2412: test_repl-blasting_equiv-8bit_16var-alt_quant_cross_dep ......................................................................   Passed    0.31 sec
          Start 1508: test_repl-realizable_cmd-by_grammar-shape_n_07_o1_t_1_0_u_f_o1_t_2_0
 274/2642 Test  #477: test_repl-ltl_execution-data_game_strategy_bv_values .........................................................................   Passed    0.33 sec
          Start 1679: test_repl-realizable_cmd-data_game_equalities_over_default_type
 275/2642 Test  #458: test_repl-ltl_decisions-per_literal_guard_realizable .........................................................................   Passed    0.30 sec
          Start 2447: test_repl-blasting_equiv-32bit_16var-chain_ineq_gap
 276/2642 Test  #459: test_repl-ltl_decisions-consistency_cap_is_unknown ...........................................................................   Passed    0.30 sec
          Start  960: test_repl-realizable_cmd-bool-mixed_lookback_two_st_2
 277/2642 Test #1683: test_repl-realizable_cmd-abstraction_refined_without_strategy ................................................................   Passed    0.33 sec
          Start 2442: test_repl-blasting_equiv-8bit_8var-shift_mul_div_sat
 278/2642 Test #1670: test_repl-realizable_cmd-data_game_delayed_copy_of_past_input ................................................................   Passed    0.31 sec
          Start 2398: test_repl-blasting_equiv-128bit_8var-xor_and_sat
 279/2642 Test #1508: test_repl-realizable_cmd-by_grammar-shape_n_07_o1_t_1_0_u_f_o1_t_2_0 .........................................................   Passed    0.28 sec
          Start  955: test_repl-realizable_cmd-bool-greater_lookback_two_st_1
 280/2642 Test #1679: test_repl-realizable_cmd-data_game_equalities_over_default_type ..............................................................   Passed    0.33 sec
          Start  469: test_repl-ltl_execution-mealy_initial_transition_once
 281/2642 Test #2447: test_repl-blasting_equiv-32bit_16var-chain_ineq_gap ..........................................................................   Passed    0.27 sec
          Start  472: test_repl-ltl_execution-pure_past_step_zero
 282/2642 Test  #960: test_repl-realizable_cmd-bool-mixed_lookback_two_st_2 ........................................................................   Passed    0.31 sec
          Start 2061: test_repl-run_cmd-ltl_aba_execution-g6_04_w_5steps
 283/2642 Test #2442: test_repl-blasting_equiv-8bit_8var-shift_mul_div_sat .........................................................................   Passed    0.28 sec
          Start  558: test_repl-realizable_bv1-input_tautology_under_F
 284/2642 Test #2398: test_repl-blasting_equiv-128bit_8var-xor_and_sat .............................................................................   Passed    0.29 sec
          Start 1701: test_repl-realizable_cmd-data_game_order_types_outputs_climb
 285/2642 Test  #955: test_repl-realizable_cmd-bool-greater_lookback_two_st_1 ......................................................................   Passed    0.31 sec
          Start  559: test_repl-realizable_bv1-input_tautology_under_U
 286/2642 Test  #469: test_repl-ltl_execution-mealy_initial_transition_once ........................................................................   Passed    0.29 sec
          Start 1666: test_repl-realizable_cmd-data_check_chain_longer_than_window
 287/2642 Test  #472: test_repl-ltl_execution-pure_past_step_zero ..................................................................................   Passed    0.33 sec
          Start 1699: test_repl-realizable_cmd-data_game_order_types_constant_input_below_one
 288/2642 Test #2061: test_repl-run_cmd-ltl_aba_execution-g6_04_w_5steps ...........................................................................   Passed    0.30 sec
          Start 2509: test_repl-strategy_exec-sq1_01_f_g_o1_eq0_exports_hoa
 289/2642 Test  #558: test_repl-realizable_bv1-input_tautology_under_F .............................................................................   Passed    0.28 sec
          Start 2457: test_repl-blasting_equiv-128bit_4var-chain_ineq_gap
 290/2642 Test #1701: test_repl-realizable_cmd-data_game_order_types_outputs_climb .................................................................   Passed    0.30 sec
          Start 1700: test_repl-realizable_cmd-data_game_order_types_copied_input_above_one
 291/2642 Test  #559: test_repl-realizable_bv1-input_tautology_under_U .............................................................................   Passed    0.28 sec
          Start 2116: test_repl-run_cmd-mirror_01_f_alt
 292/2642 Test #1666: test_repl-realizable_cmd-data_check_chain_longer_than_window .................................................................   Passed    0.30 sec
          Start 2438: test_repl-blasting_equiv-8bit_8var-arith_composition
 293/2642 Test #1699: test_repl-realizable_cmd-data_game_order_types_constant_input_below_one ......................................................   Passed    0.31 sec
          Start 2114: test_repl-run_cmd-issue107_bv_command_controller
 294/2642 Test #2457: test_repl-blasting_equiv-128bit_4var-chain_ineq_gap ..........................................................................   Passed    0.26 sec
          Start  471: test_repl-ltl_execution-refined_strategy_runs
 295/2642 Test #2509: test_repl-strategy_exec-sq1_01_f_g_o1_eq0_exports_hoa ........................................................................   Passed    0.35 sec
          Start 2399: test_repl-blasting_equiv-128bit_8var-add_commutativity_nested
 296/2642 Test #1700: test_repl-realizable_cmd-data_game_order_types_copied_input_above_one ........................................................   Passed    0.30 sec
          Start 1710: test_repl-unrealizable_cmd-output_eventually
 297/2642 Test #2116: test_repl-run_cmd-mirror_01_f_alt ............................................................................................   Passed    0.31 sec
          Start  907: test_repl-temporal_ops-sat_A_weak_until_input
 298/2642 Test #2438: test_repl-blasting_equiv-8bit_8var-arith_composition .........................................................................   Passed    0.26 sec
          Start 1997: test_repl-run_cmd-ltl_correctness-adv_w_02_o0_until_o1_alt
 299/2642 Test #2114: test_repl-run_cmd-issue107_bv_command_controller .............................................................................   Passed    0.26 sec
          Start  956: test_repl-realizable_cmd-bool-greater_lookback_two_st_2
 300/2642 Test #2399: test_repl-blasting_equiv-128bit_8var-add_commutativity_nested ................................................................   Passed    0.24 sec
          Start 1091: test_repl-realizable_cmd-ltl_many_sorted-ms_0009_qlt_hsb_f_liveness_across_types
 301/2642 Test  #471: test_repl-ltl_execution-refined_strategy_runs ................................................................................   Passed    0.30 sec
          Start  905: test_repl-temporal_ops-sat_A_until_input
 302/2642 Test #1710: test_repl-unrealizable_cmd-output_eventually .................................................................................   Passed    0.28 sec
          Start 2057: test_repl-run_cmd-ltl_aba_execution-g5_05_g_mirror_and_f_const_5steps
 303/2642 Test  #907: test_repl-temporal_ops-sat_A_weak_until_input ................................................................................   Passed    0.30 sec
          Start 1675: test_repl-realizable_cmd-data_game_outputs_goal_in_warm_up
 304/2642 Test #1997: test_repl-run_cmd-ltl_correctness-adv_w_02_o0_until_o1_alt ...................................................................   Passed    0.30 sec
          Start 1568: test_repl-realizable_cmd-by_grammar-shape_s_07_g_f_o1_bv_8_0_bv_8_typed_bf_f_in_bv
 305/2642 Test  #956: test_repl-realizable_cmd-bool-greater_lookback_two_st_2 ......................................................................   Passed    0.30 sec
          Start  909: test_repl-temporal_ops-sat_A_trigger_output
 306/2642 Test #1091: test_repl-realizable_cmd-ltl_many_sorted-ms_0009_qlt_hsb_f_liveness_across_types .............................................   Passed    0.33 sec
          Start  491: test_repl-ltl_execution-qlt_points_data_game_equalities
 307/2642 Test  #905: test_repl-temporal_ops-sat_A_until_input .....................................................................................   Passed    0.30 sec
          Start 1525: test_repl-realizable_cmd-by_grammar-shape_p_08_f_f_a1_g_f_a2_a3
 308/2642 Test #2057: test_repl-run_cmd-ltl_aba_execution-g5_05_g_mirror_and_f_const_5steps ........................................................   Passed    0.31 sec
          Start 1549: test_repl-realizable_cmd-by_grammar-shape_q_20_f_a1_g_a2_u_g_a3_a1_r_a2_s_f_a3_g_a1
 309/2642 Test #1675: test_repl-realizable_cmd-data_game_outputs_goal_in_warm_up ...................................................................   Passed    0.30 sec
          Start 2124: test_repl-run_cmd-two_outputs_share_an_input_value
 310/2642 Test #1568: test_repl-realizable_cmd-by_grammar-shape_s_07_g_f_o1_bv_8_0_bv_8_typed_bf_f_in_bv ...........................................   Passed    0.27 sec
          Start 1509: test_repl-realizable_cmd-by_grammar-shape_n_08_f_f_o1_t_1_0_s_o1_t_2_0_s_with_lookback
 311/2642 Test  #909: test_repl-temporal_ops-sat_A_trigger_output ..................................................................................   Passed    0.28 sec
          Start  953: test_repl-realizable_cmd-bool-greater_lookback_one_st
 312/2642 Test  #491: test_repl-ltl_execution-qlt_points_data_game_equalities ......................................................................   Passed    0.28 sec
          Start 1155: test_repl-realizable_cmd-ltl_many_sorted-ms_0073_qlt_bv_tau_f_liveness_three_types
 313/2642 Test #1525: test_repl-realizable_cmd-by_grammar-shape_p_08_f_f_a1_g_f_a2_a3 ..............................................................   Passed    0.31 sec
          Start  821: test_repl-sat_cmd-warm_up_realizable
 314/2642 Test #1549: test_repl-realizable_cmd-by_grammar-shape_q_20_f_a1_g_a2_u_g_a3_a1_r_a2_s_f_a3_g_a1 ..........................................   Passed    0.30 sec
          Start 1986: test_repl-run_cmd-ltl_correctness-adv_f_02_o_eq_0_top
 315/2642 Test #2124: test_repl-run_cmd-two_outputs_share_an_input_value ...........................................................................   Passed    0.31 sec
          Start  463: test_repl-ltl_decisions-sat_negated_disjunction_F
 316/2642 Test #1509: test_repl-realizable_cmd-by_grammar-shape_n_08_f_f_o1_t_1_0_s_o1_t_2_0_s_with_lookback .......................................   Passed    0.29 sec
          Start 1661: test_repl-realizable_cmd-delay_chain_initial_conditions_pinned_source_unrealizable
 317/2642 Test  #953: test_repl-realizable_cmd-bool-greater_lookback_one_st ........................................................................   Passed    0.28 sec
          Start 2062: test_repl-run_cmd-ltl_aba_execution-g6_05_w_5steps_variant
 318/2642 Test #1155: test_repl-realizable_cmd-ltl_many_sorted-ms_0073_qlt_bv_tau_f_liveness_three_types ...........................................   Passed    0.29 sec
          Start 1541: test_repl-realizable_cmd-by_grammar-shape_q_12_f_a1_g_a2_s_a1_w_a2_f_a3_and_as_s_operands
 319/2642 Test  #821: test_repl-sat_cmd-warm_up_realizable .........................................................................................   Passed    0.28 sec
          Start 2117: test_repl-run_cmd-mirror_02_sometimes_alt
 320/2642 Test #1986: test_repl-run_cmd-ltl_correctness-adv_f_02_o_eq_0_top ........................................................................   Passed    0.30 sec
          Start  432: test_repl-ltl_decisions-input_tautology_tau_three_atoms
 321/2642 Test  #463: test_repl-ltl_decisions-sat_negated_disjunction_F ............................................................................   Passed    0.28 sec
          Start 2119: test_repl-run_cmd-delay_chain_initial_conditions_sometimes
 322/2642 Test #1661: test_repl-realizable_cmd-delay_chain_initial_conditions_pinned_source_unrealizable ...........................................   Passed    0.30 sec
          Start  908: test_repl-temporal_ops-sat_E_since_output
 323/2642 Test #2062: test_repl-run_cmd-ltl_aba_execution-g6_05_w_5steps_variant ...................................................................   Passed    0.28 sec
          Start 1558: test_repl-realizable_cmd-by_grammar-shape_r_09_bf_mod_f_f_f_o1_3_1_bv_8
 324/2642 Test #1541: test_repl-realizable_cmd-by_grammar-shape_q_12_f_a1_g_a2_s_a1_w_a2_f_a3_and_as_s_operands ....................................   Passed    0.31 sec
          Start 1045: test_repl-realizable_cmd-bv-greater_lookback_one_st
 325/2642 Test #2117: test_repl-run_cmd-mirror_02_sometimes_alt ....................................................................................   Passed    0.31 sec
          Start 1052: test_repl-realizable_cmd-bv-smaller_lookback_two_st_2
 326/2642 Test  #432: test_repl-ltl_decisions-input_tautology_tau_three_atoms ......................................................................   Passed    0.29 sec
          Start 1546: test_repl-realizable_cmd-by_grammar-shape_q_17_f_f_a1_a1_u_a2_u_a2_s_a3_g_a1_w_a2_combo_inside_f_at_depth_3
 327/2642 Test #2119: test_repl-run_cmd-delay_chain_initial_conditions_sometimes ...................................................................   Passed    0.31 sec
          Start  906: test_repl-temporal_ops-sat_A_release_output
 328/2642 Test  #908: test_repl-temporal_ops-sat_E_since_output ....................................................................................   Passed    0.29 sec
          Start  171: test_repl-version_cmd-shortened
 329/2642 Test #1558: test_repl-realizable_cmd-by_grammar-shape_r_09_bf_mod_f_f_f_o1_3_1_bv_8 ......................................................   Passed    0.30 sec
          Start 2615: test_repl-limit_effect-maxsubsets_giveup
 330/2642 Test  #171: test_repl-version_cmd-shortened ..............................................................................................   Passed    0.06 sec
          Start 1142: test_repl-realizable_cmd-ltl_many_sorted-ms_0060_qlt_bv_hsb_f_liveness_three_types
 331/2642 Test #1045: test_repl-realizable_cmd-bv-greater_lookback_one_st ..........................................................................   Passed    0.29 sec
          Start 1557: test_repl-realizable_cmd-by_grammar-shape_r_08_bf_div_g_f_o1_3_2_bv_8
 332/2642 Test #1052: test_repl-realizable_cmd-bv-smaller_lookback_two_st_2 ........................................................................   Passed    0.30 sec
          Start 1665: test_repl-realizable_cmd-data_check_copy_of_past_input
 333/2642 Test #1546: test_repl-realizable_cmd-by_grammar-shape_q_17_f_f_a1_a1_u_a2_u_a2_s_a3_g_a1_w_a2_combo_inside_f_at_depth_3 ..................   Passed    0.31 sec
          Start  470: test_repl-ltl_execution-no_negative_time_guard
 334/2642 Test  #906: test_repl-temporal_ops-sat_A_release_output ..................................................................................   Passed    0.28 sec
          Start  561: test_repl-realizable_bv1-weak_until_tautology
 335/2642 Test #2615: test_repl-limit_effect-maxsubsets_giveup .....................................................................................   Passed    0.30 sec
          Start 2616: test_repl-limit_effect-maxsubsets_capped_verdict_recovered
 336/2642 Test #1142: test_repl-realizable_cmd-ltl_many_sorted-ms_0060_qlt_bv_hsb_f_liveness_three_types ...........................................   Passed    0.30 sec
          Start 2092: test_repl-run_cmd-ltl_aba_execution-g12_05_bv_f_b10110101_4steps
 337/2642 Test #1557: test_repl-realizable_cmd-by_grammar-shape_r_08_bf_div_g_f_o1_3_2_bv_8 ........................................................   Passed    0.28 sec
          Start 1424: test_repl-realizable_cmd-by_grammar-shape_c_06_f_a1_a2_a3
 338/2642 Test #1665: test_repl-realizable_cmd-data_check_copy_of_past_input .......................................................................   Passed    0.27 sec
          Start 1049: test_repl-realizable_cmd-bv-greater_lookback_two_st_1
 339/2642 Test  #470: test_repl-ltl_execution-no_negative_time_guard ...............................................................................   Passed    0.28 sec
          Start  408: test_repl-ctl_star-sat_neg_A_through_dual
 340/2642 Test  #561: test_repl-realizable_bv1-weak_until_tautology ................................................................................   Passed    0.28 sec
          Start 2617: test_repl-limit_effect-maxsubsets_capped_verdict_correct
 341/2642 Test #2092: test_repl-run_cmd-ltl_aba_execution-g12_05_bv_f_b10110101_4steps .............................................................   Passed    0.27 sec
          Start 1548: test_repl-realizable_cmd-by_grammar-shape_q_19_f_a1_g_a2_a1_u_a2_u_a2_r_a3_f_a1
 342/2642 Test #2616: test_repl-limit_effect-maxsubsets_capped_verdict_recovered ...................................................................   Passed    0.29 sec
          Start 1044: test_repl-realizable_cmd-bv-smaller_lookback_one_st
 343/2642 Test #1424: test_repl-realizable_cmd-by_grammar-shape_c_06_f_a1_a2_a3 ....................................................................   Passed    0.29 sec
          Start 1552: test_repl-realizable_cmd-by_grammar-shape_r_03_bf_sub_f_f_f_o1_2_3_bv_8
 344/2642 Test #1049: test_repl-realizable_cmd-bv-greater_lookback_two_st_1 ........................................................................   Passed    0.28 sec
          Start 1542: test_repl-realizable_cmd-by_grammar-shape_q_13_f_a1_a2_w_a3_t_g_a2_a1_u_a3
 345/2642 Test #2617: test_repl-limit_effect-maxsubsets_capped_verdict_correct .....................................................................   Passed    0.28 sec
          Start 1690: test_repl-realizable_cmd-data_game_bv_bits_difference_with_past_input
 346/2642 Test  #408: test_repl-ctl_star-sat_neg_A_through_dual ....................................................................................   Passed    0.30 sec
          Start 1671: test_repl-realizable_cmd-data_game_value_fixed_two_steps_before_input
 347/2642 Test #1044: test_repl-realizable_cmd-bv-smaller_lookback_one_st ..........................................................................   Passed    0.28 sec
          Start  958: test_repl-realizable_cmd-bool-smaller_lookback_two_st_2
 348/2642 Test #1548: test_repl-realizable_cmd-by_grammar-shape_q_19_f_a1_g_a2_a1_u_a2_u_a2_r_a3_f_a1 ..............................................   Passed    0.30 sec
          Start  449: test_repl-ltl_decisions-valid_until_implies_F_T
 349/2642 Test #1552: test_repl-realizable_cmd-by_grammar-shape_r_03_bf_sub_f_f_f_o1_2_3_bv_8 ......................................................   Passed    0.29 sec
          Start 1061: test_repl-realizable_cmd-ltl_benchmarks-lb_01_request_grant_g_i1_f_o1
 350/2642 Test #1542: test_repl-realizable_cmd-by_grammar-shape_q_13_f_a1_a2_w_a3_t_g_a2_a1_u_a3 ...................................................   Passed    0.29 sec
          Start 1511: test_repl-realizable_cmd-by_grammar-shape_n_10_g_f_o1_t_1_b10110101_bv_8_bv_lookback
 351/2642 Test #1690: test_repl-realizable_cmd-data_game_bv_bits_difference_with_past_input ........................................................   Passed    0.29 sec
          Start  433: test_repl-ltl_decisions-input_valid_single_atom
 352/2642 Test #1671: test_repl-realizable_cmd-data_game_value_fixed_two_steps_before_input ........................................................   Passed    0.29 sec
          Start 1551: test_repl-realizable_cmd-by_grammar-shape_r_02_bf_add_g_f_o1_3_8_bv_8
 353/2642 Test  #449: test_repl-ltl_decisions-valid_until_implies_F_T ..............................................................................   Passed    0.28 sec
          Start 1658: test_repl-realizable_cmd-delay_chain_initial_conditions_sometimes_input_tautology
 354/2642 Test  #958: test_repl-realizable_cmd-bool-smaller_lookback_two_st_2 ......................................................................   Passed    0.31 sec
          Start  813: test_repl-sat_cmd-sometimes_input_realizable
 355/2642 Test #1061: test_repl-realizable_cmd-ltl_benchmarks-lb_01_request_grant_g_i1_f_o1 ........................................................   Passed    0.29 sec
          Start  427: test_repl-ctl_star-run_E_executes
 356/2642 Test #1511: test_repl-realizable_cmd-by_grammar-shape_n_10_g_f_o1_t_1_b10110101_bv_8_bv_lookback .........................................   Passed    0.28 sec
          Start 2055: test_repl-run_cmd-ltl_aba_execution-g5_03_f_o_eq_i1_5steps
 357/2642 Test  #433: test_repl-ltl_decisions-input_valid_single_atom ..............................................................................   Passed    0.27 sec
          Start 1660: test_repl-realizable_cmd-delay_chain_initial_conditions_sometimes_sbf
 358/2642 Test #1551: test_repl-realizable_cmd-by_grammar-shape_r_02_bf_add_g_f_o1_3_8_bv_8 ........................................................   Passed    0.30 sec
          Start 1569: test_repl-realizable_cmd-by_grammar-shape_s_08_o1_sbf_0_s_o2_sbf_1_bf_f_and_bf_t_in_s
 359/2642 Test  #813: test_repl-sat_cmd-sometimes_input_realizable .................................................................................   Passed    0.29 sec
          Start  967: test_repl-realizable_cmd-sbf-constant_one_sometimes_sat
 360/2642 Test #1658: test_repl-realizable_cmd-delay_chain_initial_conditions_sometimes_input_tautology ............................................   Passed    0.31 sec
          Start  903: test_repl-temporal_ops-sat_E_always_output
 361/2642 Test  #427: test_repl-ctl_star-run_E_executes ............................................................................................   Passed    0.30 sec
          Start 1050: test_repl-realizable_cmd-bv-greater_lookback_two_st_2
 362/2642 Test #2055: test_repl-run_cmd-ltl_aba_execution-g5_03_f_o_eq_i1_5steps ...................................................................   Passed    0.32 sec
          Start 2450: test_repl-blasting_equiv-32bit_16var-xor_xnor_nand_nor_commutativity
 363/2642 Test #1660: test_repl-realizable_cmd-delay_chain_initial_conditions_sometimes_sbf ........................................................   Passed    0.33 sec
          Start 1145: test_repl-realizable_cmd-ltl_many_sorted-ms_0063_qlt_bv_hsb_until_on_qlt_f_on_bv_hsb
 364/2642 Test #1569: test_repl-realizable_cmd-by_grammar-shape_s_08_o1_sbf_0_s_o2_sbf_1_bf_f_and_bf_t_in_s ........................................   Passed    0.30 sec
          Start 1073: test_repl-realizable_cmd-ltl_multi_type_oracle-mt_03_g_qlt_f_bv_real
 365/2642 Test  #903: test_repl-temporal_ops-sat_E_always_output ...................................................................................   Passed    0.30 sec
          Start 1706: test_repl-unrealizable_cmd-input_eventually
 366/2642 Test  #967: test_repl-realizable_cmd-sbf-constant_one_sometimes_sat ......................................................................   Passed    0.31 sec
          Start 1688: test_repl-realizable_cmd-data_game_bv_bits_falling_output
 367/2642 Test #2450: test_repl-blasting_equiv-32bit_16var-xor_xnor_nand_nor_commutativity .........................................................   Passed    0.23 sec
          Start 1124: test_repl-realizable_cmd-ltl_many_sorted-ms_0042_hsb_tau_f_liveness
 368/2642 Test #1050: test_repl-realizable_cmd-bv-greater_lookback_two_st_2 ........................................................................   Passed    0.29 sec
          Start 1536: test_repl-realizable_cmd-by_grammar-shape_q_07_f_a1_a2_u_a3_r_g_a1_a2_w_a3
 369/2642 Test #1145: test_repl-realizable_cmd-ltl_many_sorted-ms_0063_qlt_bv_hsb_until_on_qlt_f_on_bv_hsb .........................................   Passed    0.29 sec
          Start  951: test_repl-realizable_cmd-bool-equal_lookback_one_st
 370/2642 Test #1073: test_repl-realizable_cmd-ltl_multi_type_oracle-mt_03_g_qlt_f_bv_real .........................................................   Passed    0.30 sec
          Start 2483: test_repl-strategy_exec-exec_f_03_f_o1_eq_tau_top_3steps
 371/2642 Test #1706: test_repl-unrealizable_cmd-input_eventually ..................................................................................   Passed    0.27 sec
          Start 1082: test_repl-realizable_cmd-ltl_soundness_regression-triple_with_output_lookback_real_not_spuriously_blocked
 372/2642 Test #1688: test_repl-realizable_cmd-data_game_bv_bits_falling_output ....................................................................   Passed    0.29 sec
          Start 1651: test_repl-realizable_cmd-delay_chain_initial_conditions_sometimes
 373/2642 Test #1124: test_repl-realizable_cmd-ltl_many_sorted-ms_0042_hsb_tau_f_liveness ..........................................................   Passed    0.29 sec
          Start 1559: test_repl-realizable_cmd-by_grammar-shape_r_10_bf_mod_g_f_o1_5_2_bv_8
 374/2642 Test #1536: test_repl-realizable_cmd-by_grammar-shape_q_07_f_a1_a2_u_a3_r_g_a1_a2_w_a3 ...................................................   Passed    0.30 sec
          Start 2493: test_repl-strategy_exec-exec_io_03_f_o1_eq_i1_3steps
 375/2642 Test  #951: test_repl-realizable_cmd-bool-equal_lookback_one_st ..........................................................................   Passed    0.28 sec
          Start 1697: test_repl-realizable_cmd-data_game_order_types_input_below_output
 376/2642 Test #2483: test_repl-strategy_exec-exec_f_03_f_o1_eq_tau_top_3steps .....................................................................   Passed    0.28 sec
          Start 1583: test_repl-realizable_cmd-by_grammar-shape_u_14_contradictory_eventually_and_globally
 377/2642 Test #1082: test_repl-realizable_cmd-ltl_soundness_regression-triple_with_output_lookback_real_not_spuriously_blocked ....................   Passed    0.29 sec
          Start  578: test_codegen_cli-backend_failure_exit_4
 378/2642 Test #1651: test_repl-realizable_cmd-delay_chain_initial_conditions_sometimes ............................................................   Passed    0.28 sec
          Start 1053: test_repl-realizable_cmd-bv-mixed_lookback_two_st_1
 379/2642 Test #1559: test_repl-realizable_cmd-by_grammar-shape_r_10_bf_mod_g_f_o1_5_2_bv_8 ........................................................   Passed    0.29 sec
          Start 1565: test_repl-realizable_cmd-by_grammar-shape_s_04_o1_sbf_1_u_o2_sbf_1_bf_t_on_both_sides_of_u
 380/2642 Test #2493: test_repl-strategy_exec-exec_io_03_f_o1_eq_i1_3steps .........................................................................   Passed    0.30 sec
          Start 2395: test_repl-blasting_equiv-128bit_8var-and_commutativity
 381/2642 Test #1697: test_repl-realizable_cmd-data_game_order_types_input_below_output ............................................................   Passed    0.29 sec
          Start  833: test_repl-sat_cmd-warm_up_tautology_realizable
 382/2642 Test #1583: test_repl-realizable_cmd-by_grammar-shape_u_14_contradictory_eventually_and_globally .........................................   Passed    0.28 sec
          Start 2093: test_repl-run_cmd-ltl_aba_execution-g12_06_bv_u_5steps
 383/2642 Test  #578: test_codegen_cli-backend_failure_exit_4 ......................................................................................   Passed    0.28 sec
          Start 1664: test_repl-realizable_cmd-data_check_past_atom_against_input
 384/2642 Test #1053: test_repl-realizable_cmd-bv-mixed_lookback_two_st_1 ..........................................................................   Passed    0.30 sec
          Start 2490: test_repl-strategy_exec-exec_gf_03b_g_f_o1_eq1_4steps
 385/2642 Test #2395: test_repl-blasting_equiv-128bit_8var-and_commutativity .......................................................................   Passed    0.22 sec
          Start 1987: test_repl-run_cmd-ltl_correctness-adv_f_03_o_eq_1_alt
 386/2642 Test #1565: test_repl-realizable_cmd-by_grammar-shape_s_04_o1_sbf_1_u_o2_sbf_1_bf_t_on_both_sides_of_u ...................................   Passed    0.31 sec
          Start 2123: test_repl-run_cmd-warm_up_tautology_sometimes
 387/2642 Test  #833: test_repl-sat_cmd-warm_up_tautology_realizable ...............................................................................   Passed    0.30 sec
          Start 1104: test_repl-realizable_cmd-ltl_many_sorted-ms_0022_bv_hsb_until_across_types
 388/2642 Test #2093: test_repl-run_cmd-ltl_aba_execution-g12_06_bv_u_5steps .......................................................................   Passed    0.30 sec
          Start 2059: test_repl-run_cmd-ltl_aba_execution-g6_02_u_5steps
 389/2642 Test #1664: test_repl-realizable_cmd-data_check_past_atom_against_input ..................................................................   Passed    0.29 sec
          Start  494: test_repl-ltl_execution-qlt_unrealizable_data_game
 390/2642 Test #2490: test_repl-strategy_exec-exec_gf_03b_g_f_o1_eq1_4steps ........................................................................   Passed    0.27 sec
          Start 2402: test_repl-blasting_equiv-128bit_8var-alt_quant_cross_dep
 391/2642 Test #1987: test_repl-run_cmd-ltl_correctness-adv_f_03_o_eq_1_alt ........................................................................   Passed    0.30 sec
          Start 1464: test_repl-realizable_cmd-by_grammar-shape_h_03_o1_bv_8_b11110000_1_u_o2_bv_8_b10110101_2
 392/2642 Test #2123: test_repl-run_cmd-warm_up_tautology_sometimes ................................................................................   Passed    0.29 sec
          Start 2056: test_repl-run_cmd-ltl_aba_execution-g5_04_f_two_outputs_4steps
 393/2642 Test #1104: test_repl-realizable_cmd-ltl_many_sorted-ms_0022_bv_hsb_until_across_types ...................................................   Passed    0.28 sec
          Start  407: test_repl-ctl_star-realizable_E_since_undecided
 394/2642 Test #2059: test_repl-run_cmd-ltl_aba_execution-g6_02_u_5steps ...........................................................................   Passed    0.28 sec
          Start 2393: test_repl-blasting_equiv-128bit_8var-add_or_commutativity
 395/2642 Test #2402: test_repl-blasting_equiv-128bit_8var-alt_quant_cross_dep .....................................................................   Passed    0.23 sec
          Start  405: test_repl-ctl_star-realizable_E_F_input
 396/2642 Test  #494: test_repl-ltl_execution-qlt_unrealizable_data_game ...........................................................................   Passed    0.28 sec
          Start 1084: test_repl-realizable_cmd-ltl_many_sorted-ms_0002_qlt_bv_f_conjunction_both_satisfiable_independently
 397/2642 Test #1464: test_repl-realizable_cmd-by_grammar-shape_h_03_o1_bv_8_b11110000_1_u_o2_bv_8_b10110101_2 .....................................   Passed    0.31 sec
          Start 1086: test_repl-realizable_cmd-ltl_many_sorted-ms_0004_qlt_bv_until_across_types
 398/2642 Test #2056: test_repl-run_cmd-ltl_aba_execution-g5_04_f_two_outputs_4steps ...............................................................   Passed    0.30 sec
          Start 1654: test_repl-realizable_cmd-delay_chain_initial_conditions_sometimes_at_step_1
 399/2642 Test #2393: test_repl-blasting_equiv-128bit_8var-add_or_commutativity ....................................................................   Passed    0.23 sec
          Start 1652: test_repl-realizable_cmd-delay_chain_initial_conditions_sometimes_neq
 400/2642 Test  #407: test_repl-ctl_star-realizable_E_since_undecided ..............................................................................   Passed    0.29 sec
          Start 2121: test_repl-run_cmd-initial_value_constant_stream_with_sometimes
 401/2642 Test  #405: test_repl-ctl_star-realizable_E_F_input ......................................................................................   Passed    0.32 sec
          Start 2397: test_repl-blasting_equiv-128bit_8var-xor_xnor_nand_commutativity
 402/2642 Test #1084: test_repl-realizable_cmd-ltl_many_sorted-ms_0002_qlt_bv_f_conjunction_both_satisfiable_independently .........................   Passed    0.30 sec
          Start 1561: test_repl-realizable_cmd-by_grammar-shape_r_12_mixed_arithmetic_ops_f_f_o1_1_5_o2_1_4_bv_8
 403/2642 Test #1086: test_repl-realizable_cmd-ltl_many_sorted-ms_0004_qlt_bv_until_across_types ...................................................   Passed    0.30 sec
          Start 1560: test_repl-realizable_cmd-by_grammar-shape_r_11_arithmetic_in_u_o1_2_5_u_o2_3_6_bv_8_realizable
 404/2642 Test #1654: test_repl-realizable_cmd-delay_chain_initial_conditions_sometimes_at_step_1 ..................................................   Passed    0.32 sec
          Start 1051: test_repl-realizable_cmd-bv-smaller_lookback_two_st_1
 405/2642 Test #1652: test_repl-realizable_cmd-delay_chain_initial_conditions_sometimes_neq ........................................................   Passed    0.30 sec
          Start 1686: test_repl-realizable_cmd-data_game_bv_arithmetic_values
 406/2642 Test #2121: test_repl-run_cmd-initial_value_constant_stream_with_sometimes ...............................................................   Passed    0.31 sec
          Start 1556: test_repl-realizable_cmd-by_grammar-shape_r_07_bf_div_f_f_f_o1_2_4_bv_8
 407/2642 Test #2397: test_repl-blasting_equiv-128bit_8var-xor_xnor_nand_commutativity .............................................................   Passed    0.30 sec
          Start 1672: test_repl-realizable_cmd-data_game_unavoidable_input_goal
 408/2642 Test #1561: test_repl-realizable_cmd-by_grammar-shape_r_12_mixed_arithmetic_ops_f_f_o1_1_5_o2_1_4_bv_8 ...................................   Passed    0.31 sec
          Start 2425: test_repl-blasting_equiv-32bit_8var-chain_ineq_gap
 409/2642 Test #1560: test_repl-realizable_cmd-by_grammar-shape_r_11_arithmetic_in_u_o1_2_5_u_o2_3_6_bv_8_realizable ...............................   Passed    0.33 sec
          Start 1985: test_repl-run_cmd-ltl_correctness-adv_f_01_o_eq_0_bottom
 410/2642 Test #1051: test_repl-realizable_cmd-bv-smaller_lookback_two_st_1 ........................................................................   Passed    0.32 sec
          Start 1413: test_repl-realizable_cmd-by_grammar-shape_b_08_f_a1_s_a2_s_a3_left_nested_s_since
 411/2642 Test #1686: test_repl-realizable_cmd-data_game_bv_arithmetic_values ......................................................................   Passed    0.33 sec
          Start 2452: test_repl-blasting_equiv-32bit_16var-or_and_order
 412/2642 Test #1556: test_repl-realizable_cmd-by_grammar-shape_r_07_bf_div_f_f_f_o1_2_4_bv_8 ......................................................   Passed    0.31 sec
          Start 1642: test_repl-realizable_cmd-ltl_qlt_bv-gf_04_depth2_bv_f_g_const_b11001100
 413/2642 Test #1672: test_repl-realizable_cmd-data_game_unavoidable_input_goal ....................................................................   Passed    0.28 sec
          Start  436: test_repl-ltl_decisions-realizable_merged_always_warm_up
 414/2642 Test #2425: test_repl-blasting_equiv-32bit_8var-chain_ineq_gap ...........................................................................   Passed    0.27 sec
          Start 1667: test_repl-realizable_cmd-data_check_observed_copy_then_check
 415/2642 Test #1985: test_repl-run_cmd-ltl_correctness-adv_f_01_o_eq_0_bottom .....................................................................   Passed    0.31 sec
          Start  492: test_repl-ltl_execution-qlt_points_goal_between_outputs
 416/2642 Test #1413: test_repl-realizable_cmd-by_grammar-shape_b_08_f_a1_s_a2_s_a3_left_nested_s_since ............................................   Passed    0.32 sec
          Start 1656: test_repl-realizable_cmd-delay_chain_3_stages_initial_conditions_sometimes
 417/2642 Test #2452: test_repl-blasting_equiv-32bit_16var-or_and_order ............................................................................   Passed    0.28 sec
          Start  957: test_repl-realizable_cmd-bool-smaller_lookback_two_st_1
 418/2642 Test #1642: test_repl-realizable_cmd-ltl_qlt_bv-gf_04_depth2_bv_f_g_const_b11001100 ......................................................   Passed    0.29 sec
          Start  814: test_repl-sat_cmd-sometimes_input_until
 419/2642 Test  #436: test_repl-ltl_decisions-realizable_merged_always_warm_up .....................................................................   Passed    0.31 sec
          Start  425: test_repl-realizable-alg_d_no_verdict_is_unknown
 420/2642 Test #1667: test_repl-realizable_cmd-data_check_observed_copy_then_check .................................................................   Passed    0.31 sec
          Start 1996: test_repl-run_cmd-ltl_correctness-adv_w_01_o1_until_o0_bottom
 421/2642 Test  #492: test_repl-ltl_execution-qlt_points_goal_between_outputs ......................................................................   Passed    0.31 sec
          Start 2054: test_repl-run_cmd-ltl_aba_execution-g5_02_f_o_eq1_4steps
 422/2642 Test  #425: test_repl-realizable-alg_d_no_verdict_is_unknown .............................................................................   Passed    0.16 sec
          Start 2095: test_repl-run_cmd-ltl_aba_execution-g12_08_bv_w_4steps
 423/2642 Test  #957: test_repl-realizable_cmd-bool-smaller_lookback_two_st_1 ......................................................................   Passed    0.29 sec
          Start 1659: test_repl-realizable_cmd-delay_chain_initial_conditions_sometimes_bv
 424/2642 Test #1656: test_repl-realizable_cmd-delay_chain_3_stages_initial_conditions_sometimes ...................................................   Passed    0.30 sec
          Start 1540: test_repl-realizable_cmd-by_grammar-shape_q_11_a1_u_a2_f_a3_s_g_a1_a2_r_a3_and_as_s_operands
 425/2642 Test  #814: test_repl-sat_cmd-sometimes_input_until ......................................................................................   Passed    0.27 sec
          Start 1012: test_repl-realizable_cmd-mixed-simple_sometimes_loopback_in_bv
 426/2642 Test #1996: test_repl-run_cmd-ltl_correctness-adv_w_01_o1_until_o0_bottom ................................................................   Passed    0.30 sec
          Start 2620: test_repl-limit_effect-maxsubsets_via_set
 427/2642 Test #2054: test_repl-run_cmd-ltl_aba_execution-g5_02_f_o_eq1_4steps .....................................................................   Passed    0.28 sec
          Start 1988: test_repl-run_cmd-ltl_correctness-adv_gf_01_o_eq_0_bottom
 428/2642 Test #2095: test_repl-run_cmd-ltl_aba_execution-g12_08_bv_w_4steps .......................................................................   Passed    0.29 sec
          Start 1550: test_repl-realizable_cmd-by_grammar-shape_r_01_bf_add_f_f_f_o1_2_7_bv_8
 429/2642 Test #1012: test_repl-realizable_cmd-mixed-simple_sometimes_loopback_in_bv ...............................................................   Passed    0.31 sec
          Start  966: test_repl-realizable_cmd-sbf-constant_zero_sometimes_sat
 430/2642 Test #1540: test_repl-realizable_cmd-by_grammar-shape_q_11_a1_u_a2_f_a3_s_g_a1_a2_r_a3_and_as_s_operands .................................   Passed    0.33 sec
          Start 1544: test_repl-realizable_cmd-by_grammar-shape_q_15_g_f_a1_a1_u_a2_u_a2_s_a3_user_example_wrapped_in_g
 431/2642 Test #1659: test_repl-realizable_cmd-delay_chain_initial_conditions_sometimes_bv .........................................................   Passed    0.34 sec
          Start  443: test_repl-ltl_decisions-valid_until_F
 432/2642 Test #2620: test_repl-limit_effect-maxsubsets_via_set ....................................................................................   Passed    0.32 sec
          Start 2096: test_repl-run_cmd-ltl_aba_execution-g12_09_bv_r_5steps
 433/2642 Test #1988: test_repl-run_cmd-ltl_correctness-adv_gf_01_o_eq_0_bottom ....................................................................   Passed    0.33 sec
          Start  400: test_repl-ctl_star-realizable_A_F_input
 434/2642 Test #1550: test_repl-realizable_cmd-by_grammar-shape_r_01_bf_add_f_f_f_o1_2_7_bv_8 ......................................................   Passed    0.33 sec
          Start 1554: test_repl-realizable_cmd-by_grammar-shape_r_05_bf_mul_f_f_f_o1_3_6_bv_8
 435/2642 Test  #966: test_repl-realizable_cmd-sbf-constant_zero_sometimes_sat .....................................................................   Passed    0.29 sec
          Start 1689: test_repl-realizable_cmd-data_game_bv_bits_product_by_constant
 436/2642 Test  #443: test_repl-ltl_decisions-valid_until_F ........................................................................................   Passed    0.30 sec
          Start  944: test_repl-realizable_cmd-nested_temporal
 437/2642 Test #1544: test_repl-realizable_cmd-by_grammar-shape_q_15_g_f_a1_a1_u_a2_u_a2_s_a3_user_example_wrapped_in_g ............................   Passed    0.31 sec
          Start  970: test_repl-realizable_cmd-sbf-loopback_and_constant_always_unsat
 438/2642 Test #2096: test_repl-run_cmd-ltl_aba_execution-g12_09_bv_r_5steps .......................................................................   Passed    0.29 sec
          Start 1677: test_repl-realizable_cmd-data_game_constant_output_against_input_ltl
 439/2642 Test  #400: test_repl-ctl_star-realizable_A_F_input ......................................................................................   Passed    0.28 sec
          Start 1129: test_repl-realizable_cmd-ltl_many_sorted-ms_0047_qlt_bv_g_f_liveness_on_both_types_alternating
 440/2642 Test #1554: test_repl-realizable_cmd-by_grammar-shape_r_05_bf_mul_f_f_f_o1_3_6_bv_8 ......................................................   Passed    0.28 sec
          Start  952: test_repl-realizable_cmd-bool-smaller_lookback_one_st
 441/2642 Test #1689: test_repl-realizable_cmd-data_game_bv_bits_product_by_constant ...............................................................   Passed    0.30 sec
          Start 1653: test_repl-realizable_cmd-delay_chain_initial_conditions_sometimes_first_stage
 442/2642 Test  #944: test_repl-realizable_cmd-nested_temporal .....................................................................................   Passed    0.29 sec
          Start 1992: test_repl-run_cmd-ltl_correctness-adv_gf_05_o_eq_1_named
 443/2642 Test  #970: test_repl-realizable_cmd-sbf-loopback_and_constant_always_unsat ..............................................................   Passed    0.28 sec
          Start 1205: test_repl-realizable_cmd-ltl_many_sorted-ms_0123_bv_hsb_tau_f_liveness_three_types
 444/2642 Test #1677: test_repl-realizable_cmd-data_game_constant_output_against_input_ltl .........................................................   Passed    0.28 sec
          Start 1158: test_repl-realizable_cmd-ltl_many_sorted-ms_0076_qlt_bv_tau_until_on_qlt_with_g_on_bv_tau
 445/2642 Test #1129: test_repl-realizable_cmd-ltl_many_sorted-ms_0047_qlt_bv_g_f_liveness_on_both_types_alternating ...............................   Passed    0.28 sec
          Start  904: test_repl-temporal_ops-sat_E_until_output
 446/2642 Test  #952: test_repl-realizable_cmd-bool-smaller_lookback_one_st ........................................................................   Passed    0.29 sec
          Start 1563: test_repl-realizable_cmd-by_grammar-shape_s_02_g_f_o1_sbf_1_bf_t_in_g_f
 447/2642 Test #1653: test_repl-realizable_cmd-delay_chain_initial_conditions_sometimes_first_stage ................................................   Passed    0.29 sec
          Start 1504: test_repl-realizable_cmd-by_grammar-shape_n_03_f_f_f_o1_t_3_0_qlt
 448/2642 Test #1205: test_repl-realizable_cmd-ltl_many_sorted-ms_0123_bv_hsb_tau_f_liveness_three_types ...........................................   Passed    0.28 sec
          Start 1662: test_repl-realizable_cmd-delay_chain_initial_conditions_sometimes_input_unrealizable
 449/2642 Test #1992: test_repl-run_cmd-ltl_correctness-adv_gf_05_o_eq_1_named .....................................................................   Passed    0.29 sec
          Start 2097: test_repl-run_cmd-ltl_aba_execution-g12_10_bv_alternating_6steps
 450/2642 Test #1158: test_repl-realizable_cmd-ltl_many_sorted-ms_0076_qlt_bv_tau_until_on_qlt_with_g_on_bv_tau ....................................   Passed    0.29 sec
          Start  834: test_repl-sat_cmd-warm_up_tautology_until
 451/2642 Test  #904: test_repl-temporal_ops-sat_E_until_output ....................................................................................   Passed    0.28 sec
          Start 1553: test_repl-realizable_cmd-by_grammar-shape_r_04_bf_sub_g_f_o1_1_4_bv_8
 452/2642 Test #1563: test_repl-realizable_cmd-by_grammar-shape_s_02_g_f_o1_sbf_1_bf_t_in_g_f ......................................................   Passed    0.28 sec
          Start 1417: test_repl-realizable_cmd-by_grammar-shape_b_12_a1_u_a2_s_a2_r_a3_t_a1_all_five_binary_temporal_ops
 453/2642 Test #1504: test_repl-realizable_cmd-by_grammar-shape_n_03_f_f_f_o1_t_3_0_qlt ............................................................   Passed    0.27 sec
          Start 1680: test_repl-realizable_cmd-abstraction_without_strategy_input_after_output
 454/2642 Test #1662: test_repl-realizable_cmd-delay_chain_initial_conditions_sometimes_input_unrealizable .........................................   Passed    0.29 sec
          Start 1507: test_repl-realizable_cmd-by_grammar-shape_n_06_g_f_o1_t_3_0_qlt
 455/2642 Test #2097: test_repl-run_cmd-ltl_aba_execution-g12_10_bv_alternating_6steps .............................................................   Passed    0.29 sec
          Start 1993: test_repl-run_cmd-ltl_correctness-adv_u_01_bottom
 456/2642 Test  #834: test_repl-sat_cmd-warm_up_tautology_until ....................................................................................   Passed    0.28 sec
          Start 1681: test_repl-realizable_cmd-abstraction_without_strategy_sat_ltl_spelling
 457/2642 Test #1553: test_repl-realizable_cmd-by_grammar-shape_r_04_bf_sub_g_f_o1_1_4_bv_8 ........................................................   Passed    0.28 sec
          Start 1571: test_repl-realizable_cmd-by_grammar-shape_u_02_contradiction_g_o1_0_f_o1_1
 458/2642 Test #1417: test_repl-realizable_cmd-by_grammar-shape_b_12_a1_u_a2_s_a2_r_a3_t_a1_all_five_binary_temporal_ops ...........................   Passed    0.29 sec
          Start 1564: test_repl-realizable_cmd-by_grammar-shape_s_03_g_f_o1_bv_8_1_bv_8_typed_bf_t_in_bv
 459/2642 Test #1680: test_repl-realizable_cmd-abstraction_without_strategy_input_after_output .....................................................   Passed    0.28 sec
          Start 2618: test_repl-limit_effect-maxsubsets_capped_verdict_correct_warns
 460/2642 Test #1507: test_repl-realizable_cmd-by_grammar-shape_n_06_g_f_o1_t_3_0_qlt ..............................................................   Passed    0.27 sec
          Start 1503: test_repl-realizable_cmd-by_grammar-shape_n_02_f_f_f_o1_t_2_0_qlt
 461/2642 Test #1993: test_repl-run_cmd-ltl_correctness-adv_u_01_bottom ............................................................................   Passed    0.32 sec
          Start 1426: test_repl-realizable_cmd-by_grammar-shape_c_08_f_a1_a2_a3
 462/2642 Test #1681: test_repl-realizable_cmd-abstraction_without_strategy_sat_ltl_spelling .......................................................   Passed    0.29 sec
          Start 1054: test_repl-realizable_cmd-bv-mixed_lookback_two_st_2
 463/2642 Test #1571: test_repl-realizable_cmd-by_grammar-shape_u_02_contradiction_g_o1_0_f_o1_1 ...................................................   Passed    0.27 sec
          Start  404: test_repl-ctl_star-realizable_E_F_output
 464/2642 Test #1564: test_repl-realizable_cmd-by_grammar-shape_s_03_g_f_o1_bv_8_1_bv_8_typed_bf_t_in_bv ...........................................   Passed    0.28 sec
          Start 1430: test_repl-realizable_cmd-by_grammar-shape_c_12_f_a1_a2_a3
 465/2642 Test #2618: test_repl-limit_effect-maxsubsets_capped_verdict_correct_warns ...............................................................   Passed    0.30 sec
          Start 2401: test_repl-blasting_equiv-128bit_8var-alt_quant_negation
 466/2642 Test #1503: test_repl-realizable_cmd-by_grammar-shape_n_02_f_f_f_o1_t_2_0_qlt ............................................................   Passed    0.28 sec
          Start  959: test_repl-realizable_cmd-bool-mixed_lookback_two_st_1
 467/2642 Test #1426: test_repl-realizable_cmd-by_grammar-shape_c_08_f_a1_a2_a3 ....................................................................   Passed    0.27 sec
          Start 1018: test_repl-realizable_cmd-mixed-qlt_positive_sometimes_and_bool_sometimes_sat
 468/2642 Test #1054: test_repl-realizable_cmd-bv-mixed_lookback_two_st_2 ..........................................................................   Passed    0.29 sec
          Start 2094: test_repl-run_cmd-ltl_aba_execution-g12_07_bv_gf_255_6steps
 469/2642 Test  #404: test_repl-ctl_star-realizable_E_F_output .....................................................................................   Passed    0.28 sec
          Start 2488: test_repl-strategy_exec-exec_gf_02_g_f_o1_eq1_6steps
 470/2642 Test #2401: test_repl-blasting_equiv-128bit_8var-alt_quant_negation ......................................................................   Passed    0.20 sec
          Start 1991: test_repl-run_cmd-ltl_correctness-adv_gf_04_o_eq_1_bottom
 471/2642 Test #1430: test_repl-realizable_cmd-by_grammar-shape_c_12_f_a1_a2_a3 ....................................................................   Passed    0.30 sec
          Start 2058: test_repl-run_cmd-ltl_aba_execution-g6_01_u_4steps
 472/2642 Test  #959: test_repl-realizable_cmd-bool-mixed_lookback_two_st_1 ........................................................................   Passed    0.28 sec
          Start  448: test_repl-ltl_decisions-valid_nested_implication_input_T
 473/2642 Test  #110: test_ltl_aba .................................................................................................................   Passed  117.64 sec
          Start  409: test_repl-ctl_star-sat_semneg_unrealizable_body
 474/2642 Test #1018: test_repl-realizable_cmd-mixed-qlt_positive_sometimes_and_bool_sometimes_sat .................................................   Passed    0.29 sec
          Start  973: test_repl-realizable_cmd-hsb-sometimes_top_sat
 475/2642 Test #2094: test_repl-run_cmd-ltl_aba_execution-g12_07_bv_gf_255_6steps ..................................................................   Passed    0.29 sec
          Start 2458: test_repl-blasting_equiv-128bit_4var-distributivity
 476/2642 Test #2488: test_repl-strategy_exec-exec_gf_02_g_f_o1_eq1_6steps .........................................................................   Passed    0.29 sec
          Start  411: test_repl-ctl_star-sat_semneg_under_G
 477/2642 Test #1991: test_repl-run_cmd-ltl_correctness-adv_gf_04_o_eq_1_bottom ....................................................................   Passed    0.29 sec
          Start 2484: test_repl-strategy_exec-exec_u_01_o1_eq0_until_o1_eq1_4steps
 478/2642 Test #2058: test_repl-run_cmd-ltl_aba_execution-g6_01_u_4steps ...........................................................................   Passed    0.27 sec
          Start 1674: test_repl-realizable_cmd-data_game_mirrored_input_goal
 479/2642 Test  #448: test_repl-ltl_decisions-valid_nested_implication_input_T .....................................................................   Passed    0.27 sec
          Start 1989: test_repl-run_cmd-ltl_correctness-adv_gf_02_o_eq_0_top
 480/2642 Test #2458: test_repl-blasting_equiv-128bit_4var-distributivity ..........................................................................   Passed    0.18 sec
          Start 1483: test_repl-realizable_cmd-by_grammar-shape_l_05_ternary_u_ternary
 481/2642 Test  #409: test_repl-ctl_star-sat_semneg_unrealizable_body ..............................................................................   Passed    0.26 sec
          Start 1098: test_repl-realizable_cmd-ltl_many_sorted-ms_0016_qlt_tau_f_conjunction_across_types
 482/2642 Test  #973: test_repl-realizable_cmd-hsb-sometimes_top_sat ...............................................................................   Passed    0.28 sec
          Start 1103: test_repl-realizable_cmd-ltl_many_sorted-ms_0021_bv_hsb_f_conjunction
 483/2642 Test  #411: test_repl-ctl_star-sat_semneg_under_G ........................................................................................   Passed    0.28 sec
          Start 1995: test_repl-run_cmd-ltl_correctness-adv_u_03_alt
 484/2642 Test #2484: test_repl-strategy_exec-exec_u_01_o1_eq0_until_o1_eq1_4steps .................................................................   Passed    0.30 sec
          Start 1567: test_repl-realizable_cmd-by_grammar-shape_s_06_g_f_o1_sbf_0_bf_f_in_g_f
 485/2642 Test #1674: test_repl-realizable_cmd-data_game_mirrored_input_goal .......................................................................   Passed    0.30 sec
          Start 1011: test_repl-realizable_cmd-mixed-simple_sometimes_loopback_in_tau
 486/2642 Test #1989: test_repl-run_cmd-ltl_correctness-adv_gf_02_o_eq_0_top .......................................................................   Passed    0.31 sec
          Start 1411: test_repl-realizable_cmd-by_grammar-shape_b_06_f_a1_w_a2_w_a3_left_nested_w
 487/2642 Test #1483: test_repl-realizable_cmd-by_grammar-shape_l_05_ternary_u_ternary .............................................................   Passed    0.30 sec
          Start 1407: test_repl-realizable_cmd-by_grammar-shape_b_02_f_a1_u_a2_u_a3_right_assoc_u
 488/2642 Test #1098: test_repl-realizable_cmd-ltl_many_sorted-ms_0016_qlt_tau_f_conjunction_across_types ..........................................   Passed    0.29 sec
          Start 1432: test_repl-realizable_cmd-by_grammar-shape_c_14_f_a1_a2_a2_a3_mixed_boolean_depth_3
 489/2642 Test #1103: test_repl-realizable_cmd-ltl_many_sorted-ms_0021_bv_hsb_f_conjunction ........................................................   Passed    0.29 sec
          Start 1498: test_repl-realizable_cmd-by_grammar-shape_m_15_qlt_o1_1_2_u_g_f_o2_0
 490/2642 Test #1995: test_repl-run_cmd-ltl_correctness-adv_u_03_alt ...............................................................................   Passed    0.29 sec
          Start 2487: test_repl-strategy_exec-exec_gf_01_g_f_o1_eq0_6steps
 491/2642 Test #1567: test_repl-realizable_cmd-by_grammar-shape_s_06_g_f_o1_sbf_0_bf_f_in_g_f ......................................................   Passed    0.29 sec
          Start 1562: test_repl-realizable_cmd-by_grammar-shape_s_01_f_f_f_o1_sbf_1_bf_t_in_sbf
 492/2642 Test #1011: test_repl-realizable_cmd-mixed-simple_sometimes_loopback_in_tau ..............................................................   Passed    0.29 sec
          Start 1481: test_repl-realizable_cmd-by_grammar-shape_l_03_f_a1_f_a2_g_a3_nested_operators_in_branches
 493/2642 Test #1411: test_repl-realizable_cmd-by_grammar-shape_b_06_f_a1_w_a2_w_a3_left_nested_w ..................................................   Passed    0.28 sec
          Start 1067: test_repl-realizable_cmd-ltl_benchmarks-lb_07_arbiter_g_i1_f_o1_g_i2_f_o2_g_o1_o2
 494/2642 Test #1407: test_repl-realizable_cmd-by_grammar-shape_b_02_f_a1_u_a2_u_a3_right_assoc_u ..................................................   Passed    0.28 sec
          Start 1698: test_repl-realizable_cmd-data_game_order_types_until_input_changes
 495/2642 Test #1432: test_repl-realizable_cmd-by_grammar-shape_c_14_f_a1_a2_a2_a3_mixed_boolean_depth_3 ...........................................   Passed    0.29 sec
          Start 1245: test_repl-realizable_cmd-ltl_many_sorted-ms_0163_qlt_bv_hsb_tau_f_liveness_four_types
 496/2642 Test #1498: test_repl-realizable_cmd-by_grammar-shape_m_15_qlt_o1_1_2_u_g_f_o2_0 .........................................................   Passed    0.28 sec
          Start 1566: test_repl-realizable_cmd-by_grammar-shape_s_05_f_f_f_o1_sbf_0_bf_f_in_sbf
 497/2642 Test #2487: test_repl-strategy_exec-exec_gf_01_g_f_o1_eq0_6steps .........................................................................   Passed    0.27 sec
          Start 1669: test_repl-realizable_cmd-data_game_history_fixed_before_input_tau
 498/2642 Test #1562: test_repl-realizable_cmd-by_grammar-shape_s_01_f_f_f_o1_sbf_1_bf_t_in_sbf ....................................................   Passed    0.27 sec
          Start 2486: test_repl-strategy_exec-exec_u_03_o1_eq0_wuntil_i1_eq1_4steps
 499/2642 Test #1481: test_repl-realizable_cmd-by_grammar-shape_l_03_f_a1_f_a2_g_a3_nested_operators_in_branches ...................................   Passed    0.28 sec
          Start 1428: test_repl-realizable_cmd-by_grammar-shape_c_10_f_a1_a2_a3
 500/2642 Test #1698: test_repl-realizable_cmd-data_game_order_types_until_input_changes ...........................................................   Passed    0.27 sec
          Start 1543: test_repl-realizable_cmd-by_grammar-shape_q_14_g_a1_a1_s_a2_t_f_a3_a2_t_a3_and_as_t_operands
 501/2642 Test #1067: test_repl-realizable_cmd-ltl_benchmarks-lb_07_arbiter_g_i1_f_o1_g_i2_f_o2_g_o1_o2 ............................................   Passed    0.30 sec
          Start 1538: test_repl-realizable_cmd-by_grammar-shape_q_09_f_a1_a2_s_a3_w_g_a2_a1_t_a3
 502/2642 Test #1245: test_repl-realizable_cmd-ltl_many_sorted-ms_0163_qlt_bv_hsb_tau_f_liveness_four_types ........................................   Passed    0.30 sec
          Start 1684: test_repl-realizable_cmd-abstraction_without_strategy_unrealizable
 503/2642 Test #1566: test_repl-realizable_cmd-by_grammar-shape_s_05_f_f_f_o1_sbf_0_bf_f_in_sbf ....................................................   Passed    0.28 sec
          Start 1014: test_repl-realizable_cmd-mixed-mixing_always_and_sometimes_sat
 504/2642 Test #1669: test_repl-realizable_cmd-data_game_history_fixed_before_input_tau ............................................................   Passed    0.28 sec
          Start 2060: test_repl-run_cmd-ltl_aba_execution-g6_03_r_4steps
 505/2642 Test #2486: test_repl-strategy_exec-exec_u_03_o1_eq0_wuntil_i1_eq1_4steps ................................................................   Passed    0.29 sec
          Start 1181: test_repl-realizable_cmd-ltl_many_sorted-ms_0099_qlt_hsb_tau_f_liveness_three_types
 506/2642 Test #1428: test_repl-realizable_cmd-by_grammar-shape_c_10_f_a1_a2_a3 ....................................................................   Passed    0.28 sec
          Start 1663: test_repl-realizable_cmd-data_check_history_fixed_before_input
 507/2642 Test #1543: test_repl-realizable_cmd-by_grammar-shape_q_14_g_a1_a1_s_a2_t_f_a3_a2_t_a3_and_as_t_operands .................................   Passed    0.29 sec
          Start 1533: test_repl-realizable_cmd-by_grammar-shape_q_04_f_a1_g_a2_u_a2_s_a3_of_unary_as_u_left
 508/2642 Test #1538: test_repl-realizable_cmd-by_grammar-shape_q_09_f_a1_a2_s_a3_w_g_a2_a1_t_a3 ...................................................   Passed    0.29 sec
          Start 2485: test_repl-strategy_exec-exec_u_02_o1_eq0_wuntil_o1_eq1_4steps
 509/2642 Test #1684: test_repl-realizable_cmd-abstraction_without_strategy_unrealizable ...........................................................   Passed    0.28 sec
          Start 1521: test_repl-realizable_cmd-by_grammar-shape_p_04_f_a1_g_a2_f_a3
 510/2642 Test #1014: test_repl-realizable_cmd-mixed-mixing_always_and_sometimes_sat ...............................................................   Passed    0.29 sec
          Start 1110: test_repl-realizable_cmd-ltl_many_sorted-ms_0028_bv_tau_f_conjunction_across_types
 511/2642 Test #2060: test_repl-run_cmd-ltl_aba_execution-g6_03_r_4steps ...........................................................................   Passed    0.27 sec
          Start  884: test_repl-temporal_ops-realizable_G_until
 512/2642 Test #1181: test_repl-realizable_cmd-ltl_many_sorted-ms_0099_qlt_hsb_tau_f_liveness_three_types ..........................................   Passed    0.29 sec
          Start 1545: test_repl-realizable_cmd-by_grammar-shape_q_16_f_g_a1_a2_r_a3_w_a1_u_a2_f_a3_wrapped_in_f
 513/2642 Test #1663: test_repl-realizable_cmd-data_check_history_fixed_before_input ...............................................................   Passed    0.27 sec
          Start 2489: test_repl-strategy_exec-exec_gf_03a_g_f_o1_eq0_4steps
 514/2642 Test #2485: test_repl-strategy_exec-exec_u_02_o1_eq0_wuntil_o1_eq1_4steps ................................................................   Passed    0.27 sec
          Start 1678: test_repl-realizable_cmd-data_game_sat_ltl_spelling
 515/2642 Test #1533: test_repl-realizable_cmd-by_grammar-shape_q_04_f_a1_g_a2_u_a2_s_a3_of_unary_as_u_left ........................................   Passed    0.28 sec
          Start 1575: test_repl-realizable_cmd-by_grammar-shape_u_06_output_must_change_but_also_stay_the_same
 516/2642 Test #1521: test_repl-realizable_cmd-by_grammar-shape_p_04_f_a1_g_a2_f_a3 ................................................................   Passed    0.28 sec
          Start  886: test_repl-temporal_ops-unrealizable_release_input
 517/2642 Test #1110: test_repl-realizable_cmd-ltl_many_sorted-ms_0028_bv_tau_f_conjunction_across_types ...........................................   Passed    0.27 sec
          Start 1409: test_repl-realizable_cmd-by_grammar-shape_b_04_f_a1_r_a2_r_a3_left_nested_r
 518/2642 Test  #884: test_repl-temporal_ops-realizable_G_until ....................................................................................   Passed    0.27 sec
          Start 1532: test_repl-realizable_cmd-by_grammar-shape_q_03_a1_u_f_a2_a2_w_a3_of_f_w_as_u_right
 519/2642 Test #1545: test_repl-realizable_cmd-by_grammar-shape_q_16_f_g_a1_a2_r_a3_w_a1_u_a2_f_a3_wrapped_in_f ....................................   Passed    0.28 sec
          Start 1505: test_repl-realizable_cmd-by_grammar-shape_n_04_g_f_o1_t_1_0_qlt
 520/2642 Test #2489: test_repl-strategy_exec-exec_gf_03a_g_f_o1_eq0_4steps ........................................................................   Passed    0.26 sec
          Start 1449: test_repl-realizable_cmd-by_grammar-shape_e_04_interval_u_interval
 521/2642 Test #1678: test_repl-realizable_cmd-data_game_sat_ltl_spelling ..........................................................................   Passed    0.28 sec
          Start 1990: test_repl-run_cmd-ltl_correctness-adv_gf_03_o_eq_0_alt
 522/2642 Test #1575: test_repl-realizable_cmd-by_grammar-shape_u_06_output_must_change_but_also_stay_the_same .....................................   Passed    0.28 sec
          Start  794: test_repl-sat_cmd-delay_chain3_sometimes_eq
 523/2642 Test  #886: test_repl-temporal_ops-unrealizable_release_input ............................................................................   Passed    0.26 sec
          Start 1632: test_repl-realizable_cmd-ltl_qlt_bv-br_14_u_and_g_neq_unreal
 524/2642 Test #1409: test_repl-realizable_cmd-by_grammar-shape_b_04_f_a1_r_a2_r_a3_left_nested_r ..................................................   Passed    0.29 sec
          Start  396: test_repl-ctl_star-sat_E_always_output_no_abort
 525/2642 Test  #794: test_repl-sat_cmd-delay_chain3_sometimes_eq ..................................................................................   Passed    0.15 sec
          Start 1406: test_repl-realizable_cmd-by_grammar-shape_b_01_f_a1_u_a2_u_a3_left_nested_u_at_depth_3
 526/2642 Test #1532: test_repl-realizable_cmd-by_grammar-shape_q_03_a1_u_f_a2_a2_w_a3_of_f_w_as_u_right ...........................................   Passed    0.29 sec
          Start 1555: test_repl-realizable_cmd-by_grammar-shape_r_06_bf_mul_g_f_o1_2_4_bv_8
 527/2642 Test #1505: test_repl-realizable_cmd-by_grammar-shape_n_04_g_f_o1_t_1_0_qlt ..............................................................   Passed    0.28 sec
          Start 2440: test_repl-blasting_equiv-8bit_8var-xor_and_sat
 528/2642 Test #1449: test_repl-realizable_cmd-by_grammar-shape_e_04_interval_u_interval ...........................................................   Passed    0.28 sec
          Start 2501: test_repl-strategy_exec-exec_ms_01_g_f_o1_eq0_8steps_windows
 529/2642 Test #1990: test_repl-run_cmd-ltl_correctness-adv_gf_03_o_eq_0_alt .......................................................................   Passed    0.29 sec
          Start  882: test_repl-temporal_ops-realizable_since
 530/2642 Test #1632: test_repl-realizable_cmd-ltl_qlt_bv-br_14_u_and_g_neq_unreal .................................................................   Passed    0.29 sec
          Start 2481: test_repl-strategy_exec-exec_f_01_f_o1_eq0_1step
 531/2642 Test  #396: test_repl-ctl_star-sat_E_always_output_no_abort ..............................................................................   Passed    0.28 sec
          Start  444: test_repl-ltl_decisions-valid_negated_until_F
 532/2642 Test #2440: test_repl-blasting_equiv-8bit_8var-xor_and_sat ...............................................................................   Passed    0.21 sec
          Start  879: test_repl-temporal_ops-realizable_until
 533/2642 Test #1406: test_repl-realizable_cmd-by_grammar-shape_b_01_f_a1_u_a2_u_a3_left_nested_u_at_depth_3 .......................................   Passed    0.28 sec
          Start 1342: test_repl-realizable_cmd-ltl_correctness-equiv_06_w_o_eq_1_weak_until_o_eq_0
 534/2642 Test #1555: test_repl-realizable_cmd-by_grammar-shape_r_06_bf_mul_g_f_o1_2_4_bv_8 ........................................................   Passed    0.28 sec
          Start 1529: test_repl-realizable_cmd-by_grammar-shape_p_12_f_f_f_a1_g_g_g_a2_f_g_f_a3
 535/2642 Test #2501: test_repl-strategy_exec-exec_ms_01_g_f_o1_eq0_8steps_windows .................................................................   Passed    0.27 sec
          Start 1502: test_repl-realizable_cmd-by_grammar-shape_n_01_f_f_f_o1_t_1_0_qlt
 536/2642 Test  #882: test_repl-temporal_ops-realizable_since ......................................................................................   Passed    0.28 sec
          Start 1343: test_repl-realizable_cmd-ltl_correctness-equiv_07_u_o_eq_0_until_o_eq_1
 537/2642 Test #2481: test_repl-strategy_exec-exec_f_01_f_o1_eq0_1step .............................................................................   Passed    0.29 sec
          Start 1637: test_repl-realizable_cmd-ltl_qlt_bv-br_19_r_const5_b00001111
 538/2642 Test  #444: test_repl-ltl_decisions-valid_negated_until_F ................................................................................   Passed    0.27 sec
          Start  885: test_repl-temporal_ops-unrealizable_until_input
 539/2642 Test  #879: test_repl-temporal_ops-realizable_until ......................................................................................   Passed    0.27 sec
          Start  881: test_repl-temporal_ops-realizable_weak_until
 540/2642 Test #1342: test_repl-realizable_cmd-ltl_correctness-equiv_06_w_o_eq_1_weak_until_o_eq_0 .................................................   Passed    0.26 sec
          Start 1345: test_repl-realizable_cmd-ltl_correctness-equiv_09_g_f_o_eq_0
 541/2642 Test #1529: test_repl-realizable_cmd-by_grammar-shape_p_12_f_f_f_a1_g_g_g_a2_f_g_f_a3 ....................................................   Passed    0.28 sec
          Start 1065: test_repl-realizable_cmd-ltl_benchmarks-lb_05_fairness_g_wrapped_g_i1_f_o1
 542/2642 Test #1502: test_repl-realizable_cmd-by_grammar-shape_n_01_f_f_f_o1_t_1_0_qlt ............................................................   Passed    0.27 sec
          Start 1530: test_repl-realizable_cmd-by_grammar-shape_q_01_f_a1_a1_u_a2_u_a2_s_a3_of_unary_u_as_u_left
 543/2642 Test #1343: test_repl-realizable_cmd-ltl_correctness-equiv_07_u_o_eq_0_until_o_eq_1 ......................................................   Passed    0.27 sec
          Start 1476: test_repl-realizable_cmd-by_grammar-shape_k_07_g_a1_u_a2_t
 544/2642 Test #1637: test_repl-realizable_cmd-ltl_qlt_bv-br_19_r_const5_b00001111 .................................................................   Passed    0.27 sec
          Start 1490: test_repl-realizable_cmd-by_grammar-shape_m_07_bv_f_f_f_o1_b10110101_bv_8
 545/2642 Test  #885: test_repl-temporal_ops-unrealizable_until_input ..............................................................................   Passed    0.26 sec
          Start 1010: test_repl-realizable_cmd-mixed-simple_sometimes_no_loopback
 546/2642 Test  #881: test_repl-temporal_ops-realizable_weak_until .................................................................................   Passed    0.27 sec
          Start 2462: test_repl-blasting_equiv-128bit_4var-or_and_order
 547/2642 Test #1345: test_repl-realizable_cmd-ltl_correctness-equiv_09_g_f_o_eq_0 .................................................................   Passed    0.27 sec
          Start 1527: test_repl-realizable_cmd-by_grammar-shape_p_10_a1_t_1_s_a2_t_2_u_g_f_a3_t_3
 548/2642 Test #1065: test_repl-realizable_cmd-ltl_benchmarks-lb_05_fairness_g_wrapped_g_i1_f_o1 ...................................................   Passed    0.27 sec
          Start 1408: test_repl-realizable_cmd-by_grammar-shape_b_03_g_a1_u_a2_u_under_g
 549/2642 Test #1530: test_repl-realizable_cmd-by_grammar-shape_q_01_f_a1_a1_u_a2_u_a2_s_a3_of_unary_u_as_u_left ...................................   Passed    0.27 sec
          Start 1414: test_repl-realizable_cmd-by_grammar-shape_b_09_g_a1_s_a2_s_a3_right_assoc_s_under_g
 550/2642 Test #1476: test_repl-realizable_cmd-by_grammar-shape_k_07_g_a1_u_a2_t ...................................................................   Passed    0.28 sec
          Start  799: test_repl-sat_cmd-delay_chain5_sometimes_mid
 551/2642 Test #1490: test_repl-realizable_cmd-by_grammar-shape_m_07_bv_f_f_f_o1_b10110101_bv_8 ....................................................   Passed    0.27 sec
          Start 1528: test_repl-realizable_cmd-by_grammar-shape_p_11_f_a1_f_a2_u_a3_g_a3_w_a2
 552/2642 Test #1010: test_repl-realizable_cmd-mixed-simple_sometimes_no_loopback ..................................................................   Passed    0.27 sec
          Start 1539: test_repl-realizable_cmd-by_grammar-shape_q_10_f_a1_a1_r_a2_w_g_a3_a2_u_a3_and_as_w_operands
 553/2642 Test #2462: test_repl-blasting_equiv-128bit_4var-or_and_order ............................................................................   Passed    0.18 sec
          Start 1650: test_repl-realizable_cmd-initial_value_constant_stream_with_sometimes
 554/2642 Test #1527: test_repl-realizable_cmd-by_grammar-shape_p_10_a1_t_1_s_a2_t_2_u_g_f_a3_t_3 ..................................................   Passed    0.27 sec
          Start 2448: test_repl-blasting_equiv-32bit_16var-and_commutativity
 555/2642 Test  #799: test_repl-sat_cmd-delay_chain5_sometimes_mid .................................................................................   Passed    0.16 sec
          Start 1420: test_repl-realizable_cmd-by_grammar-shape_c_02_f_a1_a2_a3
 556/2642 Test #1408: test_repl-realizable_cmd-by_grammar-shape_b_03_g_a1_u_a2_u_under_g ...........................................................   Passed    0.28 sec
          Start 1655: test_repl-realizable_cmd-delay_chain_initial_conditions_sometimes_lookback_2
 557/2642 Test #1414: test_repl-realizable_cmd-by_grammar-shape_b_09_g_a1_s_a2_s_a3_right_assoc_s_under_g ..........................................   Passed    0.28 sec
          Start 1537: test_repl-realizable_cmd-by_grammar-shape_q_08_g_a1_a1_u_a2_r_f_a3_a2_r_a3_and_as_r_operands
 558/2642 Test #1528: test_repl-realizable_cmd-by_grammar-shape_p_11_f_a1_f_a2_u_a3_g_a3_w_a2 ......................................................   Passed    0.28 sec
          Start 1648: test_repl-realizable_cmd-ltl_qlt_bv-gf_10_s_nested_multi_output_qlt
 559/2642 Test #2448: test_repl-blasting_equiv-32bit_16var-and_commutativity .......................................................................   Passed    0.19 sec
          Start  447: test_repl-ltl_decisions-valid_until_input_F
 560/2642 Test #1539: test_repl-realizable_cmd-by_grammar-shape_q_10_f_a1_a1_r_a2_w_g_a3_a2_u_a3_and_as_w_operands .................................   Passed    0.29 sec
          Start 1422: test_repl-realizable_cmd-by_grammar-shape_c_04_f_a1_a2_a3
 561/2642 Test #1650: test_repl-realizable_cmd-initial_value_constant_stream_with_sometimes ........................................................   Passed    0.30 sec
          Start 1412: test_repl-realizable_cmd-by_grammar-shape_b_07_g_a1_w_a2_w_a3_right_assoc_w_under_g
 562/2642 Test #1420: test_repl-realizable_cmd-by_grammar-shape_c_02_f_a1_a2_a3 ....................................................................   Passed    0.28 sec
          Start 1518: test_repl-realizable_cmd-by_grammar-shape_p_01_f_a1_u_a2_a2_r_a3
 563/2642 Test #1655: test_repl-realizable_cmd-delay_chain_initial_conditions_sometimes_lookback_2 .................................................   Passed    0.29 sec
          Start 1000: test_repl-realizable_cmd-tau_ba-constant_t_sometimes_sat
 564/2642 Test #1537: test_repl-realizable_cmd-by_grammar-shape_q_08_g_a1_a1_u_a2_r_f_a3_a2_r_a3_and_as_r_operands .................................   Passed    0.29 sec
          Start 1336: test_repl-realizable_cmd-ltl_correctness-equiv_03_r2_f_o_eq_0
 565/2642 Test #1648: test_repl-realizable_cmd-ltl_qlt_bv-gf_10_s_nested_multi_output_qlt ..........................................................   Passed    0.27 sec
          Start 1463: test_repl-realizable_cmd-by_grammar-shape_h_02_g_f_o1_bv_8_b00001111_1_bv_8
 566/2642 Test  #447: test_repl-ltl_decisions-valid_until_input_F ..................................................................................   Passed    0.27 sec
          Start 1994: test_repl-run_cmd-ltl_correctness-adv_u_02_top
 567/2642 Test #1422: test_repl-realizable_cmd-by_grammar-shape_c_04_f_a1_a2_a3 ....................................................................   Passed    0.27 sec
          Start 2053: test_repl-run_cmd-ltl_aba_execution-g5_01_f_o_eq0_4steps
 568/2642 Test #1412: test_repl-realizable_cmd-by_grammar-shape_b_07_g_a1_w_a2_w_a3_right_assoc_w_under_g ..........................................   Passed    0.27 sec
          Start 1523: test_repl-realizable_cmd-by_grammar-shape_p_06_g_a1_w_a2_f_a3_a1
 569/2642 Test #1518: test_repl-realizable_cmd-by_grammar-shape_p_01_f_a1_u_a2_a2_r_a3 .............................................................   Passed    0.28 sec
          Start 1416: test_repl-realizable_cmd-by_grammar-shape_b_11_g_a1_t_a2_t_a3_right_assoc_t_under_g
 570/2642 Test #1000: test_repl-realizable_cmd-tau_ba-constant_t_sometimes_sat .....................................................................   Passed    0.26 sec
          Start  942: test_repl-realizable_cmd-output_eventually
 571/2642 Test #1336: test_repl-realizable_cmd-ltl_correctness-equiv_03_r2_f_o_eq_0 ................................................................   Passed    0.26 sec
          Start  781: test_repl-sat_cmd-xor_ladder_valid
 572/2642 Test #1463: test_repl-realizable_cmd-by_grammar-shape_h_02_g_f_o1_bv_8_b00001111_1_bv_8 ..................................................   Passed    0.27 sec
          Start 1687: test_repl-realizable_cmd-data_game_bv_bits_sum_of_inputs
 573/2642 Test #2053: test_repl-run_cmd-ltl_aba_execution-g5_01_f_o_eq0_4steps .....................................................................   Passed    0.27 sec
          Start 1492: test_repl-realizable_cmd-by_grammar-shape_m_09_bv_o1_b11110000_u_g_f_o2_b10110101
 574/2642 Test #1994: test_repl-run_cmd-ltl_correctness-adv_u_02_top ...............................................................................   Passed    0.29 sec
 575/2642 Test #1523: test_repl-realizable_cmd-by_grammar-shape_p_06_g_a1_w_a2_f_a3_a1 .............................................................   Passed    0.28 sec
          Start 1535: test_repl-realizable_cmd-by_grammar-shape_q_06_f_a1_a1_u_a2_u_g_a2_a2_s_a3_and_as_u_operands
          Start 1462: test_repl-realizable_cmd-by_grammar-shape_h_01_f_f_f_o1_bv_8_b10110101_2_bv_8
 576/2642 Test  #781: test_repl-sat_cmd-xor_ladder_valid ...........................................................................................   Passed    0.14 sec
          Start 1636: test_repl-realizable_cmd-ltl_qlt_bv-br_18_g_f_const_b01010101_infinitely_often
 577/2642 Test  #942: test_repl-realizable_cmd-output_eventually ...................................................................................   Passed    0.27 sec
          Start 1676: test_repl-realizable_cmd-data_game_constant_output_against_input
 578/2642 Test #1416: test_repl-realizable_cmd-by_grammar-shape_b_11_g_a1_t_a2_t_a3_right_assoc_t_under_g ..........................................   Passed    0.27 sec
          Start 2459: test_repl-blasting_equiv-128bit_4var-arith_composition
 579/2642 Test #1687: test_repl-realizable_cmd-data_game_bv_bits_sum_of_inputs .....................................................................   Passed    0.27 sec
          Start 1479: test_repl-realizable_cmd-by_grammar-shape_l_01_f_f_a1_a2_a3
 580/2642 Test #1492: test_repl-realizable_cmd-by_grammar-shape_m_09_bv_o1_b11110000_u_g_f_o2_b10110101 ............................................   Passed    0.28 sec
          Start 2444: test_repl-blasting_equiv-8bit_8var-alt_quant_mixed
 581/2642 Test #1462: test_repl-realizable_cmd-by_grammar-shape_h_01_f_f_f_o1_bv_8_b10110101_2_bv_8 ................................................   Passed    0.28 sec
          Start  393: test_repl-ctl_star-realizable_F_input_unrealizable
 582/2642 Test #1535: test_repl-realizable_cmd-by_grammar-shape_q_06_f_a1_a1_u_a2_u_g_a2_a2_s_a3_and_as_u_operands .................................   Passed    0.28 sec
          Start 1534: test_repl-realizable_cmd-by_grammar-shape_q_05_a1_u_a2_f_a3_u_g_a1_a2_r_a3_and_combos
 583/2642 Test #1636: test_repl-realizable_cmd-ltl_qlt_bv-br_18_g_f_const_b01010101_infinitely_often ...............................................   Passed    0.28 sec
          Start 1001: test_repl-realizable_cmd-tau_ba-constant_f_sometimes_sat
 584/2642 Test #2459: test_repl-blasting_equiv-128bit_4var-arith_composition .......................................................................   Passed    0.18 sec
          Start 1015: test_repl-realizable_cmd-mixed-mixing_always_and_sometimes_unsat
 585/2642 Test #1676: test_repl-realizable_cmd-data_game_constant_output_against_input .............................................................   Passed    0.27 sec
          Start 2482: test_repl-strategy_exec-exec_f_02_f_o1_eq1_1step
 586/2642 Test #2444: test_repl-blasting_equiv-8bit_8var-alt_quant_mixed ...........................................................................   Passed    0.19 sec
          Start 1358: test_repl-realizable_cmd-ltl_correctness-equiv_08_r2_not_not_o_eq_0_until_not_o_eq_1
 587/2642 Test #1479: test_repl-realizable_cmd-by_grammar-shape_l_01_f_f_a1_a2_a3 ..................................................................   Passed    0.28 sec
          Start 1418: test_repl-realizable_cmd-by_grammar-shape_b_13_f_a1_u_a2_s_a2_r_a3_mixed_temporal_at_depth_3
 588/2642 Test  #393: test_repl-ctl_star-realizable_F_input_unrealizable ...........................................................................   Passed    0.28 sec
          Start 1522: test_repl-realizable_cmd-by_grammar-shape_p_05_f_a1_s_a2_u_g_a3
 589/2642 Test #1001: test_repl-realizable_cmd-tau_ba-constant_f_sometimes_sat .....................................................................   Passed    0.27 sec
          Start 1335: test_repl-realizable_cmd-ltl_correctness-equiv_03_r1_f_o_eq_0
 590/2642 Test #1534: test_repl-realizable_cmd-by_grammar-shape_q_05_a1_u_a2_f_a3_u_g_a1_a2_r_a3_and_combos ........................................   Passed    0.30 sec
          Start  876: test_repl-temporal_ops-unrealizable_F_input
 591/2642 Test #1015: test_repl-realizable_cmd-mixed-mixing_always_and_sometimes_unsat .............................................................   Passed    0.29 sec
          Start 2508: test_repl-strategy_exec-exec_ver_05_f_o1_eq1_4steps
 592/2642 Test #2482: test_repl-strategy_exec-exec_f_02_f_o1_eq1_1step .............................................................................   Passed    0.27 sec
          Start  445: test_repl-ltl_decisions-valid_G_F_no_abort
 593/2642 Test #1358: test_repl-realizable_cmd-ltl_correctness-equiv_08_r2_not_not_o_eq_0_until_not_o_eq_1 .........................................   Passed    0.28 sec
          Start 1506: test_repl-realizable_cmd-by_grammar-shape_n_05_g_f_o1_t_2_0_qlt
 594/2642 Test #1418: test_repl-realizable_cmd-by_grammar-shape_b_13_f_a1_u_a2_s_a2_r_a3_mixed_temporal_at_depth_3 .................................   Passed    0.28 sec
          Start 1419: test_repl-realizable_cmd-by_grammar-shape_c_01_f_a1_a2_a3
 595/2642 Test #1522: test_repl-realizable_cmd-by_grammar-shape_p_05_f_a1_s_a2_u_g_a3 ..............................................................   Passed    0.28 sec
          Start 2510: test_repl-strategy_exec-sq1_02_f_g_o1_eq0_realizable
 596/2642 Test #1335: test_repl-realizable_cmd-ltl_correctness-equiv_03_r1_f_o_eq_0 ................................................................   Passed    0.28 sec
          Start 1673: test_repl-realizable_cmd-data_game_unavoidable_input_goal_ltl
 597/2642 Test  #876: test_repl-temporal_ops-unrealizable_F_input ..................................................................................   Passed    0.27 sec
          Start 1486: test_repl-realizable_cmd-by_grammar-shape_m_03_tau_o1_tau_t_u_g_f_o1_tau_t
 598/2642 Test #2508: test_repl-strategy_exec-exec_ver_05_f_o1_eq1_4steps ..........................................................................   Passed    0.27 sec
          Start 1415: test_repl-realizable_cmd-by_grammar-shape_b_10_f_a1_t_a2_t_a3_left_nested_t_trigger
 599/2642 Test  #445: test_repl-ltl_decisions-valid_G_F_no_abort ...................................................................................   Passed    0.26 sec
          Start  446: test_repl-ltl_decisions-valid_G_F_input_F
 600/2642 Test #1506: test_repl-realizable_cmd-by_grammar-shape_n_05_g_f_o1_t_2_0_qlt ..............................................................   Passed    0.26 sec
          Start 1069: test_repl-realizable_cmd-ltl_benchmarks-lb_09_persistence_f_g_o1
 601/2642 Test #1419: test_repl-realizable_cmd-by_grammar-shape_c_01_f_a1_a2_a3 ....................................................................   Passed    0.27 sec
          Start  883: test_repl-temporal_ops-realizable_trigger
 602/2642 Test #2510: test_repl-strategy_exec-sq1_02_f_g_o1_eq0_realizable .........................................................................   Passed    0.26 sec
          Start 2436: test_repl-blasting_equiv-8bit_8var-chain_ineq_gap
 603/2642 Test #1673: test_repl-realizable_cmd-data_game_unavoidable_input_goal_ltl ................................................................   Passed    0.27 sec
          Start 2424: test_repl-blasting_equiv-32bit_8var-add_or_commutativity
 604/2642 Test #1486: test_repl-realizable_cmd-by_grammar-shape_m_03_tau_o1_tau_t_u_g_f_o1_tau_t ...................................................   Passed    0.27 sec
          Start  888: test_repl-temporal_ops-unrealizable_trigger_input
 605/2642 Test #1415: test_repl-realizable_cmd-by_grammar-shape_b_10_f_a1_t_a2_t_a3_left_nested_t_trigger ..........................................   Passed    0.28 sec
          Start 1341: test_repl-realizable_cmd-ltl_correctness-equiv_06_u_o_eq_1_until_o_eq_0
 606/2642 Test  #446: test_repl-ltl_decisions-valid_G_F_input_F ....................................................................................   Passed    0.26 sec
          Start 1606: test_repl-realizable_cmd-ltl_qlt_bv-qr_27_s_half_third_and_g_neq_third_unreal
 607/2642 Test #1069: test_repl-realizable_cmd-ltl_benchmarks-lb_09_persistence_f_g_o1 .............................................................   Passed    0.27 sec
          Start 2502: test_repl-strategy_exec-exec_ms_02_g_f_o1_eq1_8steps_windows
 608/2642 Test #2436: test_repl-blasting_equiv-8bit_8var-chain_ineq_gap ............................................................................   Passed    0.20 sec
          Start 2503: test_repl-strategy_exec-exec_ms_03_o1_eq0_release_o1_eq1_5steps
 609/2642 Test #2424: test_repl-blasting_equiv-32bit_8var-add_or_commutativity .....................................................................   Passed    0.19 sec
          Start  902: test_repl-temporal_ops-sat_E_F_output
 610/2642 Test  #883: test_repl-temporal_ops-realizable_trigger ....................................................................................   Passed    0.27 sec
          Start 1612: test_repl-realizable_cmd-ltl_qlt_bv-qr_33_u_i1_lookback2_lookback1
 611/2642 Test  #888: test_repl-temporal_ops-unrealizable_trigger_input ............................................................................   Passed    0.27 sec
          Start 1013: test_repl-realizable_cmd-mixed-simple_sometimes_loopback_in_bv_and_tau
 612/2642 Test #1341: test_repl-realizable_cmd-ltl_correctness-equiv_06_u_o_eq_1_until_o_eq_0 ......................................................   Passed    0.27 sec
          Start 1596: test_repl-realizable_cmd-ltl_qlt_bv-qr_13_s_quarter_three_quarters
 613/2642 Test #1606: test_repl-realizable_cmd-ltl_qlt_bv-qr_27_s_half_third_and_g_neq_third_unreal ................................................   Passed    0.27 sec
          Start  797: test_repl-sat_cmd-delay_chain3_valid_negation
 614/2642 Test #2502: test_repl-strategy_exec-exec_ms_02_g_f_o1_eq1_8steps_windows .................................................................   Passed    0.27 sec
          Start 1519: test_repl-realizable_cmd-by_grammar-shape_p_02_g_a1_a2_u_a3
 615/2642 Test  #902: test_repl-temporal_ops-sat_E_F_output ........................................................................................   Passed    0.27 sec
          Start  887: test_repl-temporal_ops-unrealizable_since_input
 616/2642 Test #2503: test_repl-strategy_exec-exec_ms_03_o1_eq0_release_o1_eq1_5steps ..............................................................   Passed    0.28 sec
          Start 1615: test_repl-realizable_cmd-ltl_qlt_bv-qr_36_s_gt_quarter_lt_three_quarters
 617/2642 Test  #797: test_repl-sat_cmd-delay_chain3_valid_negation ................................................................................   Passed    0.14 sec
          Start  901: test_repl-temporal_ops-sat_E_diamond_output
 618/2642 Test #1612: test_repl-realizable_cmd-ltl_qlt_bv-qr_33_u_i1_lookback2_lookback1 ...........................................................   Passed    0.28 sec
          Start 1043: test_repl-realizable_cmd-bv-equal_lookback_one_st
 619/2642 Test #1013: test_repl-realizable_cmd-mixed-simple_sometimes_loopback_in_bv_and_tau .......................................................   Passed    0.27 sec
          Start 1346: test_repl-realizable_cmd-ltl_correctness-equiv_10_g_f_o_eq_1
 620/2642 Test #1596: test_repl-realizable_cmd-ltl_qlt_bv-qr_13_s_quarter_three_quarters ...........................................................   Passed    0.29 sec
          Start 2463: test_repl-blasting_equiv-128bit_4var-shift_existence
 621/2642 Test #1519: test_repl-realizable_cmd-by_grammar-shape_p_02_g_a1_a2_u_a3 ..................................................................   Passed    0.28 sec
          Start  880: test_repl-temporal_ops-realizable_release
 622/2642 Test  #887: test_repl-temporal_ops-unrealizable_since_input ..............................................................................   Passed    0.27 sec
          Start 2500: test_repl-strategy_exec-exec_bv_02_f_o1_eq_bv_5_1step
 623/2642 Test #1615: test_repl-realizable_cmd-ltl_qlt_bv-qr_36_s_gt_quarter_lt_three_quarters .....................................................   Passed    0.27 sec
          Start 1344: test_repl-realizable_cmd-ltl_correctness-equiv_07_w_o_eq_0_weak_until_o_eq_1
 624/2642 Test #2463: test_repl-blasting_equiv-128bit_4var-shift_existence .........................................................................   Passed    0.18 sec
          Start 1357: test_repl-realizable_cmd-ltl_correctness-equiv_08_r1_o_eq_0_release_o_eq_1
 625/2642 Test  #901: test_repl-temporal_ops-sat_E_diamond_output ..................................................................................   Passed    0.27 sec
          Start 2437: test_repl-blasting_equiv-8bit_8var-and_commutativity
 626/2642 Test #1043: test_repl-realizable_cmd-bv-equal_lookback_one_st ............................................................................   Passed    0.27 sec
          Start 1410: test_repl-realizable_cmd-by_grammar-shape_b_05_g_a1_r_a2_r_a3_right_assoc_r_under_g
 627/2642 Test #1346: test_repl-realizable_cmd-ltl_correctness-equiv_10_g_f_o_eq_1 .................................................................   Passed    0.27 sec
          Start 1348: test_repl-realizable_cmd-ltl_correctness-equiv_14_f_o_eq_0_and_g_o_eq_1
 628/2642 Test #2437: test_repl-blasting_equiv-8bit_8var-and_commutativity .........................................................................   Passed    0.18 sec
          Start 1531: test_repl-realizable_cmd-by_grammar-shape_q_02_g_a1_a2_r_a3_of_g_r_as_u_left_a1_as_right
 629/2642 Test  #880: test_repl-temporal_ops-realizable_release ....................................................................................   Passed    0.27 sec
          Start 2429: test_repl-blasting_equiv-32bit_8var-xor_and_sat
 630/2642 Test #2500: test_repl-strategy_exec-exec_bv_02_f_o1_eq_bv_5_1step ........................................................................   Passed    0.27 sec
          Start  889: test_repl-temporal_ops-realizable_weak_until_input
 631/2642 Test #1344: test_repl-realizable_cmd-ltl_correctness-equiv_07_w_o_eq_0_weak_until_o_eq_1 .................................................   Passed    0.27 sec
          Start  943: test_repl-realizable_cmd-input_eventually
 632/2642 Test #1357: test_repl-realizable_cmd-ltl_correctness-equiv_08_r1_o_eq_0_release_o_eq_1 ...................................................   Passed    0.27 sec
          Start 1621: test_repl-realizable_cmd-ltl_qlt_bv-br_03_f_const_255
 633/2642 Test #1410: test_repl-realizable_cmd-by_grammar-shape_b_05_g_a1_r_a2_r_a3_right_assoc_r_under_g ..........................................   Passed    0.28 sec
          Start 1626: test_repl-realizable_cmd-ltl_qlt_bv-br_08_u_b00001111_b11110000
 634/2642 Test #1348: test_repl-realizable_cmd-ltl_correctness-equiv_14_f_o_eq_0_and_g_o_eq_1 ......................................................   Passed    0.26 sec
          Start 1349: test_repl-realizable_cmd-ltl_correctness-equiv_15_f_mixed_atom_tau
 635/2642 Test #2429: test_repl-blasting_equiv-32bit_8var-xor_and_sat ..............................................................................   Passed    0.20 sec
          Start 1635: test_repl-realizable_cmd-ltl_qlt_bv-br_17_f_g_const_255_eventually_constant
 636/2642 Test #1531: test_repl-realizable_cmd-by_grammar-shape_q_02_g_a1_a2_r_a3_of_g_r_as_u_left_a1_as_right .....................................   Passed    0.27 sec
          Start 2456: test_repl-blasting_equiv-128bit_4var-add_commutativity
 637/2642 Test  #943: test_repl-realizable_cmd-input_eventually ....................................................................................   Passed    0.26 sec
          Start 1520: test_repl-realizable_cmd-by_grammar-shape_p_03_f_a1_u_g_a2_a3
 638/2642 Test  #889: test_repl-temporal_ops-realizable_weak_until_input ...........................................................................   Passed    0.27 sec
          Start 1445: test_repl-realizable_cmd-by_grammar-shape_d_12_bf_gt_in_u_g_a2_u_o1_0_qlt
 639/2642 Test #1621: test_repl-realizable_cmd-ltl_qlt_bv-br_03_f_const_255 ........................................................................   Passed    0.27 sec
          Start 1485: test_repl-realizable_cmd-by_grammar-shape_m_02_tau_g_f_o1_tau_t
 640/2642 Test #1626: test_repl-realizable_cmd-ltl_qlt_bv-br_08_u_b00001111_b11110000 ..............................................................   Passed    0.27 sec
          Start 1491: test_repl-realizable_cmd-by_grammar-shape_m_08_bv_g_f_f_o1_b00001111_bv_8
 641/2642 Test #1349: test_repl-realizable_cmd-ltl_correctness-equiv_15_f_mixed_atom_tau ...........................................................   Passed    0.26 sec
          Start 2435: test_repl-blasting_equiv-8bit_8var-add_or_commutativity
 642/2642 Test #2456: test_repl-blasting_equiv-128bit_4var-add_commutativity .......................................................................   Passed    0.15 sec
          Start 2428: test_repl-blasting_equiv-32bit_8var-xor_xnor_nand_commutativity
 643/2642 Test #1635: test_repl-realizable_cmd-ltl_qlt_bv-br_17_f_g_const_255_eventually_constant ..................................................   Passed    0.27 sec
          Start 1627: test_repl-realizable_cmd-ltl_qlt_bv-br_09_s_b10101010_b01010101
 644/2642 Test #1520: test_repl-realizable_cmd-by_grammar-shape_p_03_f_a1_u_g_a2_a3 ................................................................   Passed    0.27 sec
          Start 2507: test_repl-strategy_exec-exec_ver_04_f_o1_eq0_4steps
 645/2642 Test #2435: test_repl-blasting_equiv-8bit_8var-add_or_commutativity ......................................................................   Passed    0.20 sec
          Start 1068: test_repl-realizable_cmd-ltl_benchmarks-lb_08_weak_until_o1_1_w_i1_1
 646/2642 Test #1445: test_repl-realizable_cmd-by_grammar-shape_d_12_bf_gt_in_u_g_a2_u_o1_0_qlt ....................................................   Passed    0.27 sec
          Start 2419: test_repl-blasting_equiv-32bit_4var-or_and_order
 647/2642 Test #2428: test_repl-blasting_equiv-32bit_8var-xor_xnor_nand_commutativity ..............................................................   Passed    0.21 sec
          Start 1362: test_repl-realizable_cmd-ltl_correctness-equiv_12_r2_not_not_f_o_eq_1
 648/2642 Test #1485: test_repl-realizable_cmd-by_grammar-shape_m_02_tau_g_f_o1_tau_t ..............................................................   Passed    0.29 sec
          Start 1484: test_repl-realizable_cmd-by_grammar-shape_m_01_tau_f_f_f_o1_tau_t
 649/2642 Test #1491: test_repl-realizable_cmd-by_grammar-shape_m_08_bv_g_f_f_o1_b00001111_bv_8 ....................................................   Passed    0.28 sec
          Start 2439: test_repl-blasting_equiv-8bit_8var-xor_xnor_nand_commutativity
 650/2642 Test #2419: test_repl-blasting_equiv-32bit_4var-or_and_order .............................................................................   Passed    0.17 sec
          Start 2426: test_repl-blasting_equiv-32bit_8var-and_commutativity
 651/2642 Test #1627: test_repl-realizable_cmd-ltl_qlt_bv-br_09_s_b10101010_b01010101 ..............................................................   Passed    0.28 sec
          Start 2446: test_repl-blasting_equiv-32bit_16var-add_or_commutativity
 652/2642 Test #2439: test_repl-blasting_equiv-8bit_8var-xor_xnor_nand_commutativity ...............................................................   Passed    0.19 sec
          Start 2432: test_repl-blasting_equiv-32bit_8var-alt_quant_negation
 653/2642 Test #2507: test_repl-strategy_exec-exec_ver_04_f_o1_eq0_4steps ..........................................................................   Passed    0.27 sec
          Start 2466: test_repl-blasting_equiv-128bit_4var-alt_quant_shift_bound
 654/2642 Test #1068: test_repl-realizable_cmd-ltl_benchmarks-lb_08_weak_until_o1_1_w_i1_1 .........................................................   Passed    0.27 sec
          Start 2420: test_repl-blasting_equiv-32bit_4var-shift_existence
 655/2642 Test #1362: test_repl-realizable_cmd-ltl_correctness-equiv_12_r2_not_not_f_o_eq_1 ........................................................   Passed    0.28 sec
          Start 2434: test_repl-blasting_equiv-32bit_8var-alt_quant_cross_dep
 656/2642 Test #1484: test_repl-realizable_cmd-by_grammar-shape_m_01_tau_f_f_f_o1_tau_t ............................................................   Passed    0.28 sec
          Start 1516: test_repl-realizable_cmd-by_grammar-shape_o_05_g_f_f_i1_b10110101_bv_8_unrealizable
 657/2642 Test #2426: test_repl-blasting_equiv-32bit_8var-and_commutativity ........................................................................   Passed    0.19 sec
          Start 2433: test_repl-blasting_equiv-32bit_8var-alt_quant_mixed
 658/2642 Test #2446: test_repl-blasting_equiv-32bit_16var-add_or_commutativity ....................................................................   Passed    0.21 sec
          Start 2441: test_repl-blasting_equiv-8bit_8var-add_commutativity_nested
 659/2642 Test #2466: test_repl-blasting_equiv-128bit_4var-alt_quant_shift_bound ...................................................................   Passed    0.19 sec
          Start 2443: test_repl-blasting_equiv-8bit_8var-alt_quant_negation
 660/2642 Test #2432: test_repl-blasting_equiv-32bit_8var-alt_quant_negation .......................................................................   Passed    0.23 sec
          Start 2020: test_repl-run_cmd-multiio-t18_crossed_2step_delay_8steps
 661/2642 Test #2420: test_repl-blasting_equiv-32bit_4var-shift_existence ..........................................................................   Passed    0.21 sec
          Start 2387: test_repl-blasting_equiv-8bit_4var-mod_existence
 662/2642 Test #2434: test_repl-blasting_equiv-32bit_8var-alt_quant_cross_dep ......................................................................   Passed    0.24 sec
          Start 1361: test_repl-realizable_cmd-ltl_correctness-equiv_12_r1_f_o_eq_1
 663/2642 Test #2433: test_repl-blasting_equiv-32bit_8var-alt_quant_mixed ..........................................................................   Passed    0.24 sec
          Start 2460: test_repl-blasting_equiv-128bit_4var-xor_assoc
 664/2642 Test #1516: test_repl-realizable_cmd-by_grammar-shape_o_05_g_f_f_i1_b10110101_bv_8_unrealizable ..........................................   Passed    0.30 sec
          Start 2445: test_repl-blasting_equiv-8bit_8var-alt_quant_cross_dep
 665/2642 Test #2020: test_repl-run_cmd-multiio-t18_crossed_2step_delay_8steps .....................................................................   Passed    0.16 sec
          Start 2385: test_repl-blasting_equiv-8bit_4var-arith_composition
 666/2642 Test #2441: test_repl-blasting_equiv-8bit_8var-add_commutativity_nested ..................................................................   Passed    0.25 sec
          Start  795: test_repl-sat_cmd-delay_chain3_sometimes_neq
 667/2642 Test #2443: test_repl-blasting_equiv-8bit_8var-alt_quant_negation ........................................................................   Passed    0.24 sec
          Start 2386: test_repl-blasting_equiv-8bit_4var-xor_assoc
 668/2642 Test #2387: test_repl-blasting_equiv-8bit_4var-mod_existence .............................................................................   Passed    0.23 sec
          Start 2465: test_repl-blasting_equiv-128bit_4var-alt_quant_and_dep
 669/2642 Test  #795: test_repl-sat_cmd-delay_chain3_sometimes_neq .................................................................................   Passed    0.15 sec
          Start 2430: test_repl-blasting_equiv-32bit_8var-add_commutativity_nested
 670/2642 Test #2460: test_repl-blasting_equiv-128bit_4var-xor_assoc ...............................................................................   Passed    0.21 sec
          Start 2389: test_repl-blasting_equiv-8bit_4var-shift_existence
 671/2642 Test #2385: test_repl-blasting_equiv-8bit_4var-arith_composition .........................................................................   Passed    0.20 sec
          Start 2392: test_repl-blasting_equiv-8bit_4var-alt_quant_shift_bound
 672/2642 Test #1361: test_repl-realizable_cmd-ltl_correctness-equiv_12_r1_f_o_eq_1 ................................................................   Passed    0.30 sec
          Start 1510: test_repl-realizable_cmd-by_grammar-shape_n_09_f_f_f_o1_t_1_x_y_sbf_sbf_lookback
 673/2642 Test #2445: test_repl-blasting_equiv-8bit_8var-alt_quant_cross_dep .......................................................................   Passed    0.25 sec
          Start 2423: test_repl-blasting_equiv-32bit_4var-alt_quant_shift_bound
 674/2642 Test #2386: test_repl-blasting_equiv-8bit_4var-xor_assoc .................................................................................   Passed    0.23 sec
          Start 2417: test_repl-blasting_equiv-32bit_4var-xor_assoc
 675/2642 Test #2465: test_repl-blasting_equiv-128bit_4var-alt_quant_and_dep .......................................................................   Passed    0.24 sec
          Start 2416: test_repl-blasting_equiv-32bit_4var-arith_composition
 676/2642 Test #1510: test_repl-realizable_cmd-by_grammar-shape_n_09_f_f_f_o1_t_1_x_y_sbf_sbf_lookback .............................................   Passed    0.18 sec
          Start 1330: test_repl-realizable_cmd-ltl_many_sorted-ms_0248_6_type_g_f_mixed_with_until_across_types
 677/2642 Test #2392: test_repl-blasting_equiv-8bit_4var-alt_quant_shift_bound .....................................................................   Passed    0.21 sec
          Start 2414: test_repl-blasting_equiv-32bit_4var-chain_ineq_gap
 678/2642 Test #2430: test_repl-blasting_equiv-32bit_8var-add_commutativity_nested .................................................................   Passed    0.26 sec
          Start 2017: test_repl-run_cmd-multiio-t15_mixed_delays_8steps
 679/2642 Test #2389: test_repl-blasting_equiv-8bit_4var-shift_existence ...........................................................................   Passed    0.25 sec
          Start 2422: test_repl-blasting_equiv-32bit_4var-alt_quant_xor_dep
 680/2642 Test #2423: test_repl-blasting_equiv-32bit_4var-alt_quant_shift_bound ....................................................................   Passed    0.22 sec
          Start 2383: test_repl-blasting_equiv-8bit_4var-chain_ineq_gap
 681/2642 Test #2417: test_repl-blasting_equiv-32bit_4var-xor_assoc ................................................................................   Passed    0.20 sec
          Start 2384: test_repl-blasting_equiv-8bit_4var-distributivity
 682/2642 Test #2416: test_repl-blasting_equiv-32bit_4var-arith_composition ........................................................................   Passed    0.20 sec
          Start 2388: test_repl-blasting_equiv-8bit_4var-or_and_order
 683/2642 Test #2017: test_repl-run_cmd-multiio-t15_mixed_delays_8steps ............................................................................   Passed    0.13 sec
          Start 2464: test_repl-blasting_equiv-128bit_4var-alt_quant_negation
 684/2642 Test #2414: test_repl-blasting_equiv-32bit_4var-chain_ineq_gap ...........................................................................   Passed    0.19 sec
          Start 2415: test_repl-blasting_equiv-32bit_4var-distributivity
 685/2642 Test #1330: test_repl-realizable_cmd-ltl_many_sorted-ms_0248_6_type_g_f_mixed_with_until_across_types ....................................   Passed    0.22 sec
          Start 2390: test_repl-blasting_equiv-8bit_4var-alt_quant_negation
 686/2642 Test #2422: test_repl-blasting_equiv-32bit_4var-alt_quant_xor_dep ........................................................................   Passed    0.20 sec
          Start 2421: test_repl-blasting_equiv-32bit_4var-alt_quant_negation
 687/2642 Test #2383: test_repl-blasting_equiv-8bit_4var-chain_ineq_gap ............................................................................   Passed    0.19 sec
          Start 2391: test_repl-blasting_equiv-8bit_4var-alt_quant_xor_dep
 688/2642 Test #2384: test_repl-blasting_equiv-8bit_4var-distributivity ............................................................................   Passed    0.18 sec
          Start 2382: test_repl-blasting_equiv-8bit_4var-add_commutativity
 689/2642 Test #2388: test_repl-blasting_equiv-8bit_4var-or_and_order ..............................................................................   Passed    0.19 sec
          Start 2380: test_repl-blasting_equiv-simple_arith-mod_zero
 690/2642 Test #2464: test_repl-blasting_equiv-128bit_4var-alt_quant_negation ......................................................................   Passed    0.19 sec
          Start 1332: test_repl-realizable_cmd-ltl_many_sorted-ms_0250_6_type_comprehensive_six_type_with_varied_temporal_ops
 691/2642 Test #2415: test_repl-blasting_equiv-32bit_4var-distributivity ...........................................................................   Passed    0.19 sec
          Start 1127: test_repl-realizable_cmd-ltl_many_sorted-ms_0045_qint_tau_f_liveness_both
 692/2642 Test #2390: test_repl-blasting_equiv-8bit_4var-alt_quant_negation ........................................................................   Passed    0.19 sec
          Start 1326: test_repl-realizable_cmd-ltl_many_sorted-ms_0244_6_type_until_on_bv_with_g_on_five
 693/2642 Test #2391: test_repl-blasting_equiv-8bit_4var-alt_quant_xor_dep .........................................................................   Passed    0.18 sec
          Start 1152: test_repl-realizable_cmd-ltl_many_sorted-ms_0070_qlt_bv_qint_until_on_bv_with_g_on_qlt_qint
 694/2642 Test #2421: test_repl-blasting_equiv-32bit_4var-alt_quant_negation .......................................................................   Passed    0.21 sec
          Start  796: test_repl-sat_cmd-delay_chain3_unsat
 695/2642 Test #2382: test_repl-blasting_equiv-8bit_4var-add_commutativity .........................................................................   Passed    0.19 sec
          Start 1274: test_repl-realizable_cmd-ltl_many_sorted-ms_0192_qlt_bv_sbf_hsb_qint_f_liveness_five_types
 696/2642 Test #2380: test_repl-blasting_equiv-simple_arith-mod_zero ...............................................................................   Passed    0.17 sec
          Start 1320: test_repl-realizable_cmd-ltl_many_sorted-ms_0238_6_type_until_on_sbf_with_f_on_bv_and_g_on_rest
 697/2642 Test #1332: test_repl-realizable_cmd-ltl_many_sorted-ms_0250_6_type_comprehensive_six_type_with_varied_temporal_ops ......................   Passed    0.21 sec
          Start 1294: test_repl-realizable_cmd-ltl_many_sorted-ms_0212_qlt_bv_hsb_qint_tau_f_liveness_five_types
 698/2642 Test #1127: test_repl-realizable_cmd-ltl_many_sorted-ms_0045_qint_tau_f_liveness_both ....................................................   Passed    0.18 sec
          Start 1100: test_repl-realizable_cmd-ltl_many_sorted-ms_0018_bv_sbf_until_bv_holds_until_sbf_achieved
 699/2642 Test  #796: test_repl-sat_cmd-delay_chain3_unsat .........................................................................................   Passed    0.14 sec
          Start 1282: test_repl-realizable_cmd-ltl_many_sorted-ms_0200_qlt_bv_sbf_hsb_tau_f_liveness_five_types
 700/2642 Test #1326: test_repl-realizable_cmd-ltl_many_sorted-ms_0244_6_type_until_on_bv_with_g_on_five ...........................................   Passed    0.20 sec
          Start 1214: test_repl-realizable_cmd-ltl_many_sorted-ms_0132_qlt_bv_sbf_hsb_f_liveness_four_types
 701/2642 Test #1152: test_repl-realizable_cmd-ltl_many_sorted-ms_0070_qlt_bv_qint_until_on_bv_with_g_on_qlt_qint ..................................   Passed    0.18 sec
          Start 1291: test_repl-realizable_cmd-ltl_many_sorted-ms_0209_qlt_bv_sbf_qint_tau_until_on_sbf_with_g_on_rest
 702/2642 Test #1274: test_repl-realizable_cmd-ltl_many_sorted-ms_0192_qlt_bv_sbf_hsb_qint_f_liveness_five_types ...................................   Passed    0.20 sec
          Start 1317: test_repl-realizable_cmd-ltl_many_sorted-ms_0235_6_type_until_on_bv_with_g_on_five
 703/2642 Test #1320: test_repl-realizable_cmd-ltl_many_sorted-ms_0238_6_type_until_on_sbf_with_f_on_bv_and_g_on_rest ..............................   Passed    0.20 sec
          Start 1227: test_repl-realizable_cmd-ltl_many_sorted-ms_0145_qlt_bv_sbf_qint_until_on_sbf
 704/2642 Test #1100: test_repl-realizable_cmd-ltl_many_sorted-ms_0018_bv_sbf_until_bv_holds_until_sbf_achieved ....................................   Passed    0.17 sec
          Start  801: test_repl-sat_cmd-delay_chain3_bv
 705/2642 Test #1294: test_repl-realizable_cmd-ltl_many_sorted-ms_0212_qlt_bv_hsb_qint_tau_f_liveness_five_types ...................................   Passed    0.19 sec
          Start 2379: test_repl-blasting_equiv-simple_arith-div_sat
 706/2642 Test #1282: test_repl-realizable_cmd-ltl_many_sorted-ms_0200_qlt_bv_sbf_hsb_tau_f_liveness_five_types ....................................   Passed    0.20 sec
          Start 1224: test_repl-realizable_cmd-ltl_many_sorted-ms_0142_qlt_bv_sbf_qint_f_liveness_four_types
 707/2642 Test #1214: test_repl-realizable_cmd-ltl_many_sorted-ms_0132_qlt_bv_sbf_hsb_f_liveness_four_types ........................................   Passed    0.19 sec
          Start  765: test_repl-sat_cmd-issue72_disjoint_support_ladder
 708/2642 Test #1291: test_repl-realizable_cmd-ltl_many_sorted-ms_0209_qlt_bv_sbf_qint_tau_until_on_sbf_with_g_on_rest .............................   Passed    0.19 sec
          Start 1310: test_repl-realizable_cmd-ltl_many_sorted-ms_0228_6_type_until_on_qlt_with_g_on_five
 709/2642 Test #1317: test_repl-realizable_cmd-ltl_many_sorted-ms_0235_6_type_until_on_bv_with_g_on_five ...........................................   Passed    0.19 sec
          Start 1120: test_repl-realizable_cmd-ltl_many_sorted-ms_0038_hsb_qint_f_both_types
 710/2642 Test #1227: test_repl-realizable_cmd-ltl_many_sorted-ms_0145_qlt_bv_sbf_qint_until_on_sbf ................................................   Passed    0.19 sec
          Start 2381: test_repl-blasting_equiv-simple_arith-mod_sat
 711/2642 Test  #801: test_repl-sat_cmd-delay_chain3_bv ............................................................................................   Passed    0.16 sec
          Start 1300: test_repl-realizable_cmd-ltl_many_sorted-ms_0218_qlt_sbf_hsb_qint_tau_f_liveness_five_types
 712/2642 Test #2379: test_repl-blasting_equiv-simple_arith-div_sat ................................................................................   Passed    0.17 sec
          Start 1230: test_repl-realizable_cmd-ltl_many_sorted-ms_0148_qlt_bv_sbf_qint_g_f_liveness_on_all_four
 713/2642 Test  #765: test_repl-sat_cmd-issue72_disjoint_support_ladder ............................................................................   Passed    0.16 sec
          Start 1289: test_repl-realizable_cmd-ltl_many_sorted-ms_0207_qlt_bv_sbf_qint_tau_f_liveness_five_types
 714/2642 Test #1224: test_repl-realizable_cmd-ltl_many_sorted-ms_0142_qlt_bv_sbf_qint_f_liveness_four_types .......................................   Passed    0.19 sec
          Start 2375: test_repl-blasting_equiv-simple_arith-mul_zero
 715/2642 Test #1310: test_repl-realizable_cmd-ltl_many_sorted-ms_0228_6_type_until_on_qlt_with_g_on_five ..........................................   Passed    0.19 sec
          Start 2498: test_repl-strategy_exec-exec_sbf_03_g_f_o1_eq_sbf_x_and_y_3steps
 716/2642 Test #1120: test_repl-realizable_cmd-ltl_many_sorted-ms_0038_hsb_qint_f_both_types .......................................................   Passed    0.19 sec
          Start 1304: test_repl-realizable_cmd-ltl_many_sorted-ms_0222_6_type_f_liveness_all_six_types
 717/2642 Test #2381: test_repl-blasting_equiv-simple_arith-mod_sat ................................................................................   Passed    0.19 sec
          Start 1122: test_repl-realizable_cmd-ltl_many_sorted-ms_0040_hsb_qint_until_across_types
 718/2642 Test #1300: test_repl-realizable_cmd-ltl_many_sorted-ms_0218_qlt_sbf_hsb_qint_tau_f_liveness_five_types ..................................   Passed    0.19 sec
          Start  798: test_repl-sat_cmd-delay_chain3_blocked
 719/2642 Test #1230: test_repl-realizable_cmd-ltl_many_sorted-ms_0148_qlt_bv_sbf_qint_g_f_liveness_on_all_four ....................................   Passed    0.18 sec
          Start 1325: test_repl-realizable_cmd-ltl_many_sorted-ms_0243_6_type_mixed_f_and_g_with_diverse_constants
 720/2642 Test #2375: test_repl-blasting_equiv-simple_arith-mul_zero ...............................................................................   Passed    0.16 sec
          Start 2007: test_repl-run_cmd-multiio-t05_two_mirrors_one_g_9steps
 721/2642 Test #1289: test_repl-realizable_cmd-ltl_many_sorted-ms_0207_qlt_bv_sbf_qint_tau_f_liveness_five_types ...................................   Passed    0.20 sec
          Start 2030: test_repl-run_cmd-multiio-t28_3step_delay_plus_current_9steps
 722/2642 Test #2498: test_repl-strategy_exec-exec_sbf_03_g_f_o1_eq_sbf_x_and_y_3steps .............................................................   Passed    0.17 sec
          Start 2016: test_repl-run_cmd-multiio-t14_crossed_1step_delay_7steps
 723/2642 Test  #798: test_repl-sat_cmd-delay_chain3_blocked .......................................................................................   Passed    0.10 sec
          Start 1311: test_repl-realizable_cmd-ltl_many_sorted-ms_0229_6_type_g_f_liveness_on_all_six
 724/2642 Test #1122: test_repl-realizable_cmd-ltl_many_sorted-ms_0040_hsb_qint_until_across_types .................................................   Passed    0.17 sec
          Start 1328: test_repl-realizable_cmd-ltl_many_sorted-ms_0246_6_type_g_f_on_qlt_and_bv_with_g_on_rest
 725/2642 Test #1304: test_repl-realizable_cmd-ltl_many_sorted-ms_0222_6_type_f_liveness_all_six_types .............................................   Passed    0.20 sec
          Start 1218: test_repl-realizable_cmd-ltl_many_sorted-ms_0136_qlt_bv_sbf_hsb_g_f_on_all_four_types
 726/2642 Test #2007: test_repl-run_cmd-multiio-t05_two_mirrors_one_g_9steps .......................................................................   Passed    0.14 sec
          Start 1222: test_repl-realizable_cmd-ltl_many_sorted-ms_0140_qlt_bv_sbf_hsb_until_on_qlt_with_g_on_rest
 727/2642 Test #2030: test_repl-run_cmd-multiio-t28_3step_delay_plus_current_9steps ................................................................   Passed    0.13 sec
          Start  992: test_repl-realizable_cmd-qlt-sometimes_positive_sat
 728/2642 Test #2016: test_repl-run_cmd-multiio-t14_crossed_1step_delay_7steps .....................................................................   Passed    0.12 sec
          Start 2377: test_repl-blasting_equiv-simple_arith-mul_sat
 729/2642 Test #1325: test_repl-realizable_cmd-ltl_many_sorted-ms_0243_6_type_mixed_f_and_g_with_diverse_constants .................................   Passed    0.20 sec
          Start 1198: test_repl-realizable_cmd-ltl_many_sorted-ms_0116_bv_sbf_tau_f_liveness_three_types
 730/2642 Test #1311: test_repl-realizable_cmd-ltl_many_sorted-ms_0229_6_type_g_f_liveness_on_all_six ..............................................   Passed    0.18 sec
          Start 2031: test_repl-run_cmd-multiio-t29_both_delayed_9steps
 731/2642 Test #1218: test_repl-realizable_cmd-ltl_many_sorted-ms_0136_qlt_bv_sbf_hsb_g_f_on_all_four_types ........................................   Passed    0.18 sec
          Start 2078: test_repl-run_cmd-ltl_aba_execution-g10_01_sbf_f_xandy_4steps
 732/2642 Test #1328: test_repl-realizable_cmd-ltl_many_sorted-ms_0246_6_type_g_f_on_qlt_and_bv_with_g_on_rest .....................................   Passed    0.20 sec
          Start 2413: test_repl-blasting_equiv-32bit_4var-add_commutativity
 733/2642 Test #2377: test_repl-blasting_equiv-simple_arith-mul_sat ................................................................................   Passed    0.15 sec
          Start 2376: test_repl-blasting_equiv-simple_arith-mul_identity
 734/2642 Test  #992: test_repl-realizable_cmd-qlt-sometimes_positive_sat ..........................................................................   Passed    0.17 sec
          Start  993: test_repl-realizable_cmd-qlt-always_positive_sometimes_below_one_sat
 735/2642 Test #1222: test_repl-realizable_cmd-ltl_many_sorted-ms_0140_qlt_bv_sbf_hsb_until_on_qlt_with_g_on_rest ..................................   Passed    0.18 sec
          Start 1199: test_repl-realizable_cmd-ltl_many_sorted-ms_0117_bv_sbf_tau_until_on_bv_with_g_on_sbf_tau
 736/2642 Test #1198: test_repl-realizable_cmd-ltl_many_sorted-ms_0116_bv_sbf_tau_f_liveness_three_types ...........................................   Passed    0.19 sec
          Start 1277: test_repl-realizable_cmd-ltl_many_sorted-ms_0195_qlt_bv_sbf_hsb_qint_until_on_qlt_with_g_on_rest
 737/2642 Test #2031: test_repl-run_cmd-multiio-t29_both_delayed_9steps ............................................................................   Passed    0.14 sec
          Start 2018: test_repl-run_cmd-multiio-t16_reversed_mixed_delays_7steps
 738/2642 Test #2376: test_repl-blasting_equiv-simple_arith-mul_identity ...........................................................................   Passed    0.15 sec
          Start 1296: test_repl-realizable_cmd-ltl_many_sorted-ms_0214_qlt_bv_hsb_qint_tau_until_on_qlt_with_g_on_rest
 739/2642 Test #2078: test_repl-run_cmd-ltl_aba_execution-g10_01_sbf_f_xandy_4steps ................................................................   Passed    0.18 sec
          Start 1723: test_repl-solver_cmd-hsb-find_solution-two_vars
 740/2642 Test #2413: test_repl-blasting_equiv-32bit_4var-add_commutativity ........................................................................   Passed    0.18 sec
          Start 1232: test_repl-realizable_cmd-ltl_many_sorted-ms_0150_qlt_bv_sbf_tau_f_liveness_four_types
 741/2642 Test  #993: test_repl-realizable_cmd-qlt-always_positive_sometimes_below_one_sat .........................................................   Passed    0.17 sec
          Start  780: test_repl-sat_cmd-xor_ladder_sat
 742/2642 Test #1199: test_repl-realizable_cmd-ltl_many_sorted-ms_0117_bv_sbf_tau_until_on_bv_with_g_on_sbf_tau ....................................   Passed    0.18 sec
          Start 1235: test_repl-realizable_cmd-ltl_many_sorted-ms_0153_qlt_bv_sbf_tau_until_on_qlt_f_on_bv
 743/2642 Test #2018: test_repl-run_cmd-multiio-t16_reversed_mixed_delays_7steps ...................................................................   Passed    0.12 sec
          Start 1193: test_repl-realizable_cmd-ltl_many_sorted-ms_0111_bv_sbf_qint_f_liveness_three_types
 744/2642 Test #1277: test_repl-realizable_cmd-ltl_many_sorted-ms_0195_qlt_bv_sbf_hsb_qint_until_on_qlt_with_g_on_rest .............................   Passed    0.19 sec
          Start 1495: test_repl-realizable_cmd-by_grammar-shape_m_12_dyadic_o1_0_1_u_g_f_o2_1_4_3_4
 745/2642 Test  #780: test_repl-sat_cmd-xor_ladder_sat .............................................................................................   Passed    0.13 sec
          Start 1314: test_repl-realizable_cmd-ltl_many_sorted-ms_0232_6_type_until_on_qlt_with_g_on_five
 746/2642 Test #1723: test_repl-solver_cmd-hsb-find_solution-two_vars ..............................................................................   Passed    0.16 sec
          Start 1115: test_repl-realizable_cmd-ltl_many_sorted-ms_0033_sbf_qint_until_across_types
 747/2642 Test #1296: test_repl-realizable_cmd-ltl_many_sorted-ms_0214_qlt_bv_hsb_qint_tau_until_on_qlt_with_g_on_rest .............................   Passed    0.19 sec
          Start 1189: test_repl-realizable_cmd-ltl_many_sorted-ms_0107_bv_sbf_hsb_f_liveness_three_types
 748/2642 Test #1232: test_repl-realizable_cmd-ltl_many_sorted-ms_0150_qlt_bv_sbf_tau_f_liveness_four_types ........................................   Passed    0.20 sec
          Start 1076: test_repl-realizable_cmd-ltl_multi_type_oracle-mt_06_f_qlt_f_sbf_both_reachable_real
 749/2642 Test #1193: test_repl-realizable_cmd-ltl_many_sorted-ms_0111_bv_sbf_qint_f_liveness_three_types ..........................................   Passed    0.18 sec
          Start 1435: test_repl-realizable_cmd-by_grammar-shape_d_02_bf_neq_f_f_f_o1_1_2_qlt
 750/2642 Test #1235: test_repl-realizable_cmd-ltl_many_sorted-ms_0153_qlt_bv_sbf_tau_until_on_qlt_f_on_bv .........................................   Passed    0.19 sec
          Start 1386: test_repl-realizable_cmd-by_grammar-shape_a_08_f_g_a1
 751/2642 Test #1495: test_repl-realizable_cmd-by_grammar-shape_m_12_dyadic_o1_0_1_u_g_f_o2_1_4_3_4 ................................................   Passed    0.17 sec
          Start 1587: test_repl-realizable_cmd-ltl_qlt_bv-qr_03_f_one_third
 752/2642 Test #1314: test_repl-realizable_cmd-ltl_many_sorted-ms_0232_6_type_until_on_qlt_with_g_on_five ..........................................   Passed    0.18 sec
          Start 1239: test_repl-realizable_cmd-ltl_many_sorted-ms_0157_qlt_bv_hsb_qint_f_liveness_four_types
 753/2642 Test #1115: test_repl-realizable_cmd-ltl_many_sorted-ms_0033_sbf_qint_until_across_types .................................................   Passed    0.16 sec
          Start 1261: test_repl-realizable_cmd-ltl_many_sorted-ms_0179_qlt_sbf_hsb_tau_f_liveness_four_types
 754/2642 Test #1189: test_repl-realizable_cmd-ltl_many_sorted-ms_0107_bv_sbf_hsb_f_liveness_three_types ...........................................   Passed    0.18 sec
          Start 1094: test_repl-realizable_cmd-ltl_many_sorted-ms_0012_qlt_qint_temporal_nesting_f_g_across_types
 755/2642 Test #1435: test_repl-realizable_cmd-by_grammar-shape_d_02_bf_neq_f_f_f_o1_1_2_qlt .......................................................   Passed    0.17 sec
          Start 1217: test_repl-realizable_cmd-ltl_many_sorted-ms_0135_qlt_bv_sbf_hsb_until_on_qlt_with_g_on_bv_sbf_hsb
 756/2642 Test #1076: test_repl-realizable_cmd-ltl_multi_type_oracle-mt_06_f_qlt_f_sbf_both_reachable_real .........................................   Passed    0.19 sec
          Start 1279: test_repl-realizable_cmd-ltl_many_sorted-ms_0197_qlt_bv_sbf_hsb_qint_g_f_liveness_five_types
 757/2642 Test #1386: test_repl-realizable_cmd-by_grammar-shape_a_08_f_g_a1 ........................................................................   Passed    0.17 sec
          Start  473: test_repl-ltl_execution-revision_drops_dead_alternative
 758/2642 Test #1587: test_repl-realizable_cmd-ltl_qlt_bv-qr_03_f_one_third ........................................................................   Passed    0.18 sec
          Start 1319: test_repl-realizable_cmd-ltl_many_sorted-ms_0237_6_type_mixed_temporal_operators_across_all_types
 759/2642 Test  #473: test_repl-ltl_execution-revision_drops_dead_alternative ......................................................................   Passed    0.08 sec
          Start 1169: test_repl-realizable_cmd-ltl_many_sorted-ms_0087_qlt_sbf_qint_until_on_qlt_with_g_on_sbf_qint
 760/2642 Test #1261: test_repl-realizable_cmd-ltl_many_sorted-ms_0179_qlt_sbf_hsb_tau_f_liveness_four_types .......................................   Passed    0.17 sec
          Start  981: test_repl-realizable_cmd-qint-interval_sometimes_sat
 761/2642 Test #1239: test_repl-realizable_cmd-ltl_many_sorted-ms_0157_qlt_bv_hsb_qint_f_liveness_four_types .......................................   Passed    0.18 sec
          Start 1258: test_repl-realizable_cmd-ltl_many_sorted-ms_0176_qlt_sbf_hsb_qint_until_on_sbf_with_g_on_rest
 762/2642 Test #1094: test_repl-realizable_cmd-ltl_many_sorted-ms_0012_qlt_qint_temporal_nesting_f_g_across_types ..................................   Passed    0.17 sec
          Start 1252: test_repl-realizable_cmd-ltl_many_sorted-ms_0170_qlt_bv_qint_tau_until_on_qlt_with_g_on_rest
 763/2642 Test #1217: test_repl-realizable_cmd-ltl_many_sorted-ms_0135_qlt_bv_sbf_hsb_until_on_qlt_with_g_on_bv_sbf_hsb ............................   Passed    0.18 sec
          Start 1268: test_repl-realizable_cmd-ltl_many_sorted-ms_0186_qlt_hsb_qint_tau_f_liveness_four_types
 764/2642 Test #1279: test_repl-realizable_cmd-ltl_many_sorted-ms_0197_qlt_bv_sbf_hsb_qint_g_f_liveness_five_types .................................   Passed    0.18 sec
          Start 2497: test_repl-strategy_exec-exec_sbf_02_f_o1_eq_sbf_x_or_z_1step
 765/2642 Test #1319: test_repl-realizable_cmd-ltl_many_sorted-ms_0237_6_type_mixed_temporal_operators_across_all_types ............................   Passed    0.18 sec
          Start 1149: test_repl-realizable_cmd-ltl_many_sorted-ms_0067_qlt_bv_qint_f_liveness_three_types
 766/2642 Test #1169: test_repl-realizable_cmd-ltl_many_sorted-ms_0087_qlt_sbf_qint_until_on_qlt_with_g_on_sbf_qint ................................   Passed    0.17 sec
          Start 1547: test_repl-realizable_cmd-by_grammar-shape_q_18_sbf_type_f_b1_b1_u_b2_u_b2_s_b1_sbf_version_of_user_pattern
 767/2642 Test  #981: test_repl-realizable_cmd-qint-interval_sometimes_sat .........................................................................   Passed    0.17 sec
          Start 1179: test_repl-realizable_cmd-ltl_many_sorted-ms_0097_qlt_hsb_qint_until_on_qlt_with_g_on_hsb_qint
 768/2642 Test #1258: test_repl-realizable_cmd-ltl_many_sorted-ms_0176_qlt_sbf_hsb_qint_until_on_sbf_with_g_on_rest ................................   Passed    0.19 sec
          Start 1118: test_repl-realizable_cmd-ltl_many_sorted-ms_0036_sbf_tau_f_liveness
 769/2642 Test #1252: test_repl-realizable_cmd-ltl_many_sorted-ms_0170_qlt_bv_qint_tau_until_on_qlt_with_g_on_rest .................................   Passed    0.18 sec
          Start 1383: test_repl-realizable_cmd-by_grammar-shape_a_05_f_g_g_a1
 770/2642 Test #2497: test_repl-strategy_exec-exec_sbf_02_f_o1_eq_sbf_x_or_z_1step .................................................................   Passed    0.17 sec
          Start 1513: test_repl-realizable_cmd-by_grammar-shape_o_02_g_f_f_i1_0_qlt_unrealizable
 771/2642 Test #1268: test_repl-realizable_cmd-ltl_many_sorted-ms_0186_qlt_hsb_qint_tau_f_liveness_four_types ......................................   Passed    0.18 sec
          Start 2011: test_repl-run_cmd-multiio-t09_swapped_mirrors_one_g_10steps
 772/2642 Test #1149: test_repl-realizable_cmd-ltl_many_sorted-ms_0067_qlt_bv_qint_f_liveness_three_types ..........................................   Passed    0.17 sec
          Start 1496: test_repl-realizable_cmd-by_grammar-shape_m_13_qlt_f_f_f_o1_0_qlt
 773/2642 Test #1547: test_repl-realizable_cmd-by_grammar-shape_q_18_sbf_type_f_b1_b1_u_b2_u_b2_s_b1_sbf_version_of_user_pattern ...................   Passed    0.19 sec
          Start 1177: test_repl-realizable_cmd-ltl_many_sorted-ms_0095_qlt_hsb_qint_f_liveness_three_types
 774/2642 Test #1179: test_repl-realizable_cmd-ltl_many_sorted-ms_0097_qlt_hsb_qint_until_on_qlt_with_g_on_hsb_qint ................................   Passed    0.18 sec
          Start 1500: test_repl-realizable_cmd-by_grammar-shape_m_17_nlang_g_f_o1_the_sun_is_shining_nlang
 775/2642 Test #1118: test_repl-realizable_cmd-ltl_many_sorted-ms_0036_sbf_tau_f_liveness ..........................................................   Passed    0.18 sec
          Start 1265: test_repl-realizable_cmd-ltl_many_sorted-ms_0183_qlt_sbf_qint_tau_f_liveness_four_types
 776/2642 Test #1383: test_repl-realizable_cmd-by_grammar-shape_a_05_f_g_g_a1 ......................................................................   Passed    0.17 sec
          Start 1287: test_repl-realizable_cmd-ltl_many_sorted-ms_0205_qlt_bv_sbf_hsb_tau_until_on_qlt_with_g_on_rest
 777/2642 Test #2011: test_repl-run_cmd-multiio-t09_swapped_mirrors_one_g_10steps ..................................................................   Passed    0.15 sec
          Start 1387: test_repl-realizable_cmd-by_grammar-shape_a_09_f_a1
 778/2642 Test #1513: test_repl-realizable_cmd-by_grammar-shape_o_02_g_f_f_i1_0_qlt_unrealizable ...................................................   Passed    0.16 sec
          Start 1641: test_repl-realizable_cmd-ltl_qlt_bv-gf_03_depth2_qlt_g_f_neq0_neq1
 779/2642 Test #1496: test_repl-realizable_cmd-by_grammar-shape_m_13_qlt_f_f_f_o1_0_qlt ............................................................   Passed    0.17 sec
          Start 2619: test_repl-limit_effect-maxsubsets_default_completes
 780/2642 Test #1500: test_repl-realizable_cmd-by_grammar-shape_m_17_nlang_g_f_o1_the_sun_is_shining_nlang .........................................   Passed    0.17 sec
          Start 1242: test_repl-realizable_cmd-ltl_many_sorted-ms_0160_qlt_bv_hsb_qint_until_on_qlt_with_g_on_rest
 781/2642 Test #1177: test_repl-realizable_cmd-ltl_many_sorted-ms_0095_qlt_hsb_qint_f_liveness_three_types .........................................   Passed    0.19 sec
          Start 1138: test_repl-realizable_cmd-ltl_many_sorted-ms_0056_qlt_bv_sbf_g_f_on_all_three_types
 782/2642 Test #1287: test_repl-realizable_cmd-ltl_many_sorted-ms_0205_qlt_bv_sbf_hsb_tau_until_on_qlt_with_g_on_rest ..............................   Passed    0.18 sec
          Start 2081: test_repl-run_cmd-ltl_aba_execution-g10_04_sbf_w_5steps
 783/2642 Test #1265: test_repl-realizable_cmd-ltl_many_sorted-ms_0183_qlt_sbf_qint_tau_f_liveness_four_types ......................................   Passed    0.19 sec
          Start 1137: test_repl-realizable_cmd-ltl_many_sorted-ms_0055_qlt_bv_sbf_until_on_qlt_with_g_on_bv_sbf
 784/2642 Test #1387: test_repl-realizable_cmd-by_grammar-shape_a_09_f_a1 ..........................................................................   Passed    0.18 sec
          Start 2079: test_repl-run_cmd-ltl_aba_execution-g10_02_sbf_f_compound_5steps
 785/2642 Test #1641: test_repl-realizable_cmd-ltl_qlt_bv-gf_03_depth2_qlt_g_f_neq0_neq1 ...........................................................   Passed    0.18 sec
          Start 1999: test_repl-run_cmd-ltl_correctness-adv_sbf_02_f_x_or_z
 786/2642 Test #2619: test_repl-limit_effect-maxsubsets_default_completes ..........................................................................   Passed    0.17 sec
          Start 1175: test_repl-realizable_cmd-ltl_many_sorted-ms_0093_qlt_sbf_tau_f_on_sbf_and_tau_with_qlt_guard
 787/2642 Test #1242: test_repl-realizable_cmd-ltl_many_sorted-ms_0160_qlt_bv_hsb_qint_until_on_qlt_with_g_on_rest .................................   Passed    0.19 sec
          Start 1250: test_repl-realizable_cmd-ltl_many_sorted-ms_0168_qlt_bv_qint_tau_f_liveness_four_types
 788/2642 Test #1138: test_repl-realizable_cmd-ltl_many_sorted-ms_0056_qlt_bv_sbf_g_f_on_all_three_types ...........................................   Passed    0.18 sec
          Start 1185: test_repl-realizable_cmd-ltl_many_sorted-ms_0103_qlt_qint_tau_f_liveness_three_types
 789/2642 Test #2081: test_repl-run_cmd-ltl_aba_execution-g10_04_sbf_w_5steps ......................................................................   Passed    0.18 sec
          Start 1136: test_repl-realizable_cmd-ltl_many_sorted-ms_0054_qlt_bv_sbf_f_liveness_three_types
 790/2642 Test #1137: test_repl-realizable_cmd-ltl_many_sorted-ms_0055_qlt_bv_sbf_until_on_qlt_with_g_on_bv_sbf ....................................   Passed    0.18 sec
          Start 1130: test_repl-realizable_cmd-ltl_many_sorted-ms_0048_sbf_bv_until_across_types
 791/2642 Test #2079: test_repl-run_cmd-ltl_aba_execution-g10_02_sbf_f_compound_5steps .............................................................   Passed    0.18 sec
          Start 1644: test_repl-realizable_cmd-ltl_qlt_bv-gf_06_nested_u_qlt_quarter_half_three_quarters
 792/2642 Test #1999: test_repl-run_cmd-ltl_correctness-adv_sbf_02_f_x_or_z ........................................................................   Passed    0.18 sec
          Start 1191: test_repl-realizable_cmd-ltl_many_sorted-ms_0109_bv_sbf_hsb_until_on_bv_with_g_on_sbf_hsb
 793/2642 Test #1175: test_repl-realizable_cmd-ltl_many_sorted-ms_0093_qlt_sbf_tau_f_on_sbf_and_tau_with_qlt_guard .................................   Passed    0.18 sec
          Start 1078: test_repl-realizable_cmd-ltl_soundness_regression-three_qlt_atoms_in_f_each_individually_feasible
 794/2642 Test #1250: test_repl-realizable_cmd-ltl_many_sorted-ms_0168_qlt_bv_qint_tau_f_liveness_four_types .......................................   Passed    0.19 sec
          Start  500: test_repl-ltl_env-bad_simplification_is_unknown
 795/2642 Test #1185: test_repl-realizable_cmd-ltl_many_sorted-ms_0103_qlt_qint_tau_f_liveness_three_types .........................................   Passed    0.18 sec
          Start 2378: test_repl-blasting_equiv-simple_arith-div_identity
 796/2642 Test #1130: test_repl-realizable_cmd-ltl_many_sorted-ms_0048_sbf_bv_until_across_types ...................................................   Passed    0.18 sec
          Start 1257: test_repl-realizable_cmd-ltl_many_sorted-ms_0175_qlt_sbf_hsb_qint_f_liveness_four_types
 797/2642 Test #1136: test_repl-realizable_cmd-ltl_many_sorted-ms_0054_qlt_bv_sbf_f_liveness_three_types ...........................................   Passed    0.19 sec
          Start 1208: test_repl-realizable_cmd-ltl_many_sorted-ms_0126_bv_qint_tau_f_liveness_three_types
 798/2642 Test #1191: test_repl-realizable_cmd-ltl_many_sorted-ms_0109_bv_sbf_hsb_until_on_bv_with_g_on_sbf_hsb ....................................   Passed    0.19 sec
          Start 1515: test_repl-realizable_cmd-by_grammar-shape_o_04_f_i1_0_u_f_i2_0_unrealizable
 799/2642 Test #1644: test_repl-realizable_cmd-ltl_qlt_bv-gf_06_nested_u_qlt_quarter_half_three_quarters ...........................................   Passed    0.20 sec
          Start 2082: test_repl-run_cmd-ltl_aba_execution-g10_05_sbf_gf_6steps
 800/2642 Test #1078: test_repl-realizable_cmd-ltl_soundness_regression-three_qlt_atoms_in_f_each_individually_feasible ............................   Passed    0.19 sec
          Start 1164: test_repl-realizable_cmd-ltl_many_sorted-ms_0082_qlt_sbf_hsb_until_on_sbf_with_g_on_qlt_hsb
 801/2642 Test #2378: test_repl-blasting_equiv-simple_arith-div_identity ...........................................................................   Passed    0.15 sec
          Start 2080: test_repl-run_cmd-ltl_aba_execution-g10_03_sbf_u_4steps
 802/2642 Test  #500: test_repl-ltl_env-bad_simplification_is_unknown ..............................................................................   Passed    0.16 sec
          Start 1382: test_repl-realizable_cmd-by_grammar-shape_a_04_f_g_f_a1
 803/2642 Test #1257: test_repl-realizable_cmd-ltl_many_sorted-ms_0175_qlt_sbf_hsb_qint_f_liveness_four_types ......................................   Passed    0.19 sec
          Start 1167: test_repl-realizable_cmd-ltl_many_sorted-ms_0085_qlt_sbf_qint_f_liveness_three_types
 804/2642 Test #1208: test_repl-realizable_cmd-ltl_many_sorted-ms_0126_bv_qint_tau_f_liveness_three_types ..........................................   Passed    0.20 sec
          Start 1514: test_repl-realizable_cmd-by_grammar-shape_o_03_f_f_g_i1_0_qlt_unrealizable
 805/2642 Test #1515: test_repl-realizable_cmd-by_grammar-shape_o_04_f_i1_0_u_f_i2_0_unrealizable ..................................................   Passed    0.18 sec
          Start 1202: test_repl-realizable_cmd-ltl_many_sorted-ms_0120_bv_hsb_qint_f_liveness_three_types
 806/2642 Test #2082: test_repl-run_cmd-ltl_aba_execution-g10_05_sbf_gf_6steps .....................................................................   Passed    0.18 sec
          Start 1501: test_repl-realizable_cmd-by_grammar-shape_m_18_nlang_o1_it_is_raining_u_g_f_o2_the_sun_is_shining
 807/2642 Test #1164: test_repl-realizable_cmd-ltl_many_sorted-ms_0082_qlt_sbf_hsb_until_on_sbf_with_g_on_qlt_hsb ..................................   Passed    0.18 sec
          Start 1384: test_repl-realizable_cmd-by_grammar-shape_a_06_f_g_a1
 808/2642 Test #1382: test_repl-realizable_cmd-by_grammar-shape_a_04_f_g_f_a1 ......................................................................   Passed    0.16 sec
          Start 2003: test_repl-run_cmd-multiio-t01_dual_mirror_8steps
 809/2642 Test #2080: test_repl-run_cmd-ltl_aba_execution-g10_03_sbf_u_4steps ......................................................................   Passed    0.18 sec
          Start 1643: test_repl-realizable_cmd-ltl_qlt_bv-gf_05_depth3_qlt_g_f_g_half
 810/2642 Test #1514: test_repl-realizable_cmd-by_grammar-shape_o_03_f_f_g_i1_0_qlt_unrealizable ...................................................   Passed    0.16 sec
          Start 1438: test_repl-realizable_cmd-by_grammar-shape_d_05_bf_lteq_f_f_f_o1_1_qlt
 811/2642 Test #1167: test_repl-realizable_cmd-ltl_many_sorted-ms_0085_qlt_sbf_qint_f_liveness_three_types .........................................   Passed    0.18 sec
          Start 1499: test_repl-realizable_cmd-by_grammar-shape_m_16_nlang_f_f_f_o1_it_is_raining_nlang
 812/2642 Test #1202: test_repl-realizable_cmd-ltl_many_sorted-ms_0120_bv_hsb_qint_f_liveness_three_types ..........................................   Passed    0.18 sec
          Start 1388: test_repl-realizable_cmd-by_grammar-shape_a_10_g_f_f_a1
 813/2642 Test #1501: test_repl-realizable_cmd-by_grammar-shape_m_18_nlang_o1_it_is_raining_u_g_f_o2_the_sun_is_shining ............................   Passed    0.18 sec
          Start 1107: test_repl-realizable_cmd-ltl_many_sorted-ms_0025_bv_qint_f_liveness_both_types
 814/2642 Test #1384: test_repl-realizable_cmd-by_grammar-shape_a_06_f_g_a1 ........................................................................   Passed    0.17 sec
          Start 1391: test_repl-realizable_cmd-by_grammar-shape_a_13_g_g_f_a1
 815/2642 Test #2003: test_repl-run_cmd-multiio-t01_dual_mirror_8steps .............................................................................   Passed    0.14 sec
          Start 1453: test_repl-realizable_cmd-by_grammar-shape_f_03_bf_xor_f_f_f_o1_x_y_sbf
 816/2642 Test #1643: test_repl-realizable_cmd-ltl_qlt_bv-gf_05_depth3_qlt_g_f_g_half ..............................................................   Passed    0.18 sec
          Start 2029: test_repl-run_cmd-multiio-t27_cross_delayed_plus_current_7steps
 817/2642 Test #1499: test_repl-realizable_cmd-by_grammar-shape_m_16_nlang_f_f_f_o1_it_is_raining_nlang ............................................   Passed    0.17 sec
          Start 1400: test_repl-realizable_cmd-by_grammar-shape_a_22_g_f_a1
 818/2642 Test #1438: test_repl-realizable_cmd-by_grammar-shape_d_05_bf_lteq_f_f_f_o1_1_qlt ........................................................   Passed    0.18 sec
          Start  793: test_repl-sat_cmd-issue143_o2_o1
 819/2642 Test #1388: test_repl-realizable_cmd-by_grammar-shape_a_10_g_f_f_a1 ......................................................................   Passed    0.17 sec
          Start 1434: test_repl-realizable_cmd-by_grammar-shape_d_01_bf_eq_f_f_f_o1_1_2_qlt
 820/2642 Test #1107: test_repl-realizable_cmd-ltl_many_sorted-ms_0025_bv_qint_f_liveness_both_types ...............................................   Passed    0.18 sec
          Start 1397: test_repl-realizable_cmd-by_grammar-shape_a_19_f_f_a1
 821/2642 Test #1391: test_repl-realizable_cmd-by_grammar-shape_a_13_g_g_f_a1 ......................................................................   Passed    0.18 sec
 822/2642 Test #2029: test_repl-run_cmd-multiio-t27_cross_delayed_plus_current_7steps ..............................................................   Passed    0.12 sec
          Start 1112: test_repl-realizable_cmd-ltl_many_sorted-ms_0030_sbf_hsb_f_conjunction
          Start 2025: test_repl-run_cmd-multiio-t23_current_plus_2step_delay_8steps
 823/2642 Test #1453: test_repl-realizable_cmd-by_grammar-shape_f_03_bf_xor_f_f_f_o1_x_y_sbf .......................................................   Passed    0.17 sec
          Start 1497: test_repl-realizable_cmd-by_grammar-shape_m_14_qlt_g_f_o1_0_1_qlt
 824/2642 Test  #793: test_repl-sat_cmd-issue143_o2_o1 .............................................................................................   Passed    0.07 sec
          Start 1394: test_repl-realizable_cmd-by_grammar-shape_a_16_g_f_a1
 825/2642 Test #1400: test_repl-realizable_cmd-by_grammar-shape_a_22_g_f_a1 ........................................................................   Passed    0.18 sec
          Start 1379: test_repl-realizable_cmd-by_grammar-shape_a_01_f_f_f_a1
 826/2642 Test #1434: test_repl-realizable_cmd-by_grammar-shape_d_01_bf_eq_f_f_f_o1_1_2_qlt ........................................................   Passed    0.18 sec
          Start 1389: test_repl-realizable_cmd-by_grammar-shape_a_11_g_f_g_a1
 827/2642 Test #1397: test_repl-realizable_cmd-by_grammar-shape_a_19_f_f_a1 ........................................................................   Passed    0.17 sec
          Start 1595: test_repl-realizable_cmd-ltl_qlt_bv-qr_12_f_gt_third_and_g_lt1
 828/2642 Test #2025: test_repl-run_cmd-multiio-t23_current_plus_2step_delay_8steps ................................................................   Passed    0.12 sec
          Start 1494: test_repl-realizable_cmd-by_grammar-shape_m_11_dyadic_g_f_o1_1_0_1_2
 829/2642 Test #1112: test_repl-realizable_cmd-ltl_many_sorted-ms_0030_sbf_hsb_f_conjunction .......................................................   Passed    0.18 sec
          Start 1381: test_repl-realizable_cmd-by_grammar-shape_a_03_f_f_a1
 830/2642 Test #1497: test_repl-realizable_cmd-by_grammar-shape_m_14_qlt_g_f_o1_0_1_qlt ............................................................   Passed    0.18 sec
          Start 1380: test_repl-realizable_cmd-by_grammar-shape_a_02_f_f_g_a1
 831/2642 Test #1394: test_repl-realizable_cmd-by_grammar-shape_a_16_g_f_a1 ........................................................................   Passed    0.18 sec
          Start 1173: test_repl-realizable_cmd-ltl_many_sorted-ms_0091_qlt_sbf_tau_f_liveness_three_types
 832/2642 Test #1379: test_repl-realizable_cmd-by_grammar-shape_a_01_f_f_f_a1 ......................................................................   Passed    0.17 sec
          Start 1461: test_repl-realizable_cmd-by_grammar-shape_g_04_o1_x_sbf_u_o2_y_z_sbf
 833/2642 Test #1494: test_repl-realizable_cmd-by_grammar-shape_m_11_dyadic_g_f_o1_1_0_1_2 .........................................................   Passed    0.17 sec
          Start 1390: test_repl-realizable_cmd-by_grammar-shape_a_12_g_f_a1
 834/2642 Test #1389: test_repl-realizable_cmd-by_grammar-shape_a_11_g_f_g_a1 ......................................................................   Passed    0.18 sec
          Start 1446: test_repl-realizable_cmd-by_grammar-shape_e_01_f_f_f_0_o1_1_qlt
 835/2642 Test #1595: test_repl-realizable_cmd-ltl_qlt_bv-qr_12_f_gt_third_and_g_lt1 ...............................................................   Passed    0.19 sec
          Start 1161: test_repl-realizable_cmd-ltl_many_sorted-ms_0079_qlt_sbf_hsb_f_liveness_three_types
 836/2642 Test #1381: test_repl-realizable_cmd-by_grammar-shape_a_03_f_f_a1 ........................................................................   Passed    0.18 sec
          Start 1452: test_repl-realizable_cmd-by_grammar-shape_f_02_bf_or_f_f_f_o1_x_y_z_sbf
 837/2642 Test #1380: test_repl-realizable_cmd-by_grammar-shape_a_02_f_f_g_a1 ......................................................................   Passed    0.18 sec
          Start 1517: test_repl-realizable_cmd-by_grammar-shape_o_06_i1_0_u_f_f_i2_0_unrealizable
 838/2642 Test #1173: test_repl-realizable_cmd-ltl_many_sorted-ms_0091_qlt_sbf_tau_f_liveness_three_types ..........................................   Passed    0.18 sec
          Start 1605: test_repl-realizable_cmd-ltl_qlt_bv-qr_23_u_gt0_lt0_realizable_at_t0
 839/2642 Test #1390: test_repl-realizable_cmd-by_grammar-shape_a_12_g_f_a1 ........................................................................   Passed    0.16 sec
          Start 1398: test_repl-realizable_cmd-by_grammar-shape_a_20_f_g_a1
 840/2642 Test #1461: test_repl-realizable_cmd-by_grammar-shape_g_04_o1_x_sbf_u_o2_y_z_sbf .........................................................   Passed    0.17 sec
          Start  792: test_repl-sat_cmd-issue143_o1_o2
 841/2642 Test #1446: test_repl-realizable_cmd-by_grammar-shape_e_01_f_f_f_0_o1_1_qlt ..............................................................   Passed    0.16 sec
          Start 1454: test_repl-realizable_cmd-by_grammar-shape_f_04_bf_and_of_constants_g_f_o1_x_z_x_y_sbf
 842/2642 Test #1161: test_repl-realizable_cmd-ltl_many_sorted-ms_0079_qlt_sbf_hsb_f_liveness_three_types ..........................................   Passed    0.17 sec
          Start 1441: test_repl-realizable_cmd-by_grammar-shape_d_08_bf_ngt_f_f_f_o1_1_qlt
 843/2642 Test #1452: test_repl-realizable_cmd-by_grammar-shape_f_02_bf_or_f_f_f_o1_x_y_z_sbf ......................................................   Passed    0.16 sec
          Start 1489: test_repl-realizable_cmd-by_grammar-shape_m_06_sbf_o1_x_y_u_g_f_o2_x_z
 844/2642 Test #1517: test_repl-realizable_cmd-by_grammar-shape_o_06_i1_0_u_f_f_i2_0_unrealizable ..................................................   Passed    0.17 sec
          Start 1385: test_repl-realizable_cmd-by_grammar-shape_a_07_f_f_a1
 845/2642 Test #1605: test_repl-realizable_cmd-ltl_qlt_bv-qr_23_u_gt0_lt0_realizable_at_t0 .........................................................   Passed    0.16 sec
          Start 1607: test_repl-realizable_cmd-ltl_qlt_bv-qr_28_r_gt0_lt0
 846/2642 Test  #792: test_repl-sat_cmd-issue143_o1_o2 .............................................................................................   Passed    0.08 sec
          Start 1403: test_repl-realizable_cmd-by_grammar-shape_a_25_f_a1
 847/2642 Test #1398: test_repl-realizable_cmd-by_grammar-shape_a_20_f_g_a1 ........................................................................   Passed    0.17 sec
          Start 1526: test_repl-realizable_cmd-by_grammar-shape_p_09_g_f_b1_sbf_f_g_f_o2_bv_8
 848/2642 Test #1454: test_repl-realizable_cmd-by_grammar-shape_f_04_bf_and_of_constants_g_f_o1_x_z_x_y_sbf ........................................   Passed    0.16 sec
          Start 1402: test_repl-realizable_cmd-by_grammar-shape_a_24_g_a1
 849/2642 Test #1441: test_repl-realizable_cmd-by_grammar-shape_d_08_bf_ngt_f_f_f_o1_1_qlt .........................................................   Passed    0.17 sec
          Start 1436: test_repl-realizable_cmd-by_grammar-shape_d_03_bf_lt_f_f_f_o1_1_qlt
 850/2642 Test #1385: test_repl-realizable_cmd-by_grammar-shape_a_07_f_f_a1 ........................................................................   Passed    0.17 sec
          Start 1451: test_repl-realizable_cmd-by_grammar-shape_f_01_bf_and_f_f_f_o1_x_y_sbf
 851/2642 Test #1489: test_repl-realizable_cmd-by_grammar-shape_m_06_sbf_o1_x_y_u_g_f_o2_x_z .......................................................   Passed    0.18 sec
          Start 1437: test_repl-realizable_cmd-by_grammar-shape_d_04_bf_nlt_f_f_f_o1_1_qlt
 852/2642 Test #1607: test_repl-realizable_cmd-ltl_qlt_bv-qr_28_r_gt0_lt0 ..........................................................................   Passed    0.17 sec
          Start 1439: test_repl-realizable_cmd-by_grammar-shape_d_06_bf_nlteq_f_f_f_o1_0_qlt
 853/2642 Test #1403: test_repl-realizable_cmd-by_grammar-shape_a_25_f_a1 ..........................................................................   Passed    0.17 sec
          Start 1457: test_repl-realizable_cmd-by_grammar-shape_f_07_bf_or_in_u_at_depth_3
 854/2642 Test #1526: test_repl-realizable_cmd-by_grammar-shape_p_09_g_f_b1_sbf_f_g_f_o2_bv_8 ......................................................   Passed    0.17 sec
          Start 1614: test_repl-realizable_cmd-ltl_qlt_bv-qr_35_g_f_third_infinitely_often
 855/2642 Test #1402: test_repl-realizable_cmd-by_grammar-shape_a_24_g_a1 ..........................................................................   Passed    0.17 sec
          Start 1493: test_repl-realizable_cmd-by_grammar-shape_m_10_dyadic_f_f_f_o1_1_4_3_4
 856/2642 Test #1436: test_repl-realizable_cmd-by_grammar-shape_d_03_bf_lt_f_f_f_o1_1_qlt ..........................................................   Passed    0.17 sec
          Start 1618: test_repl-realizable_cmd-ltl_qlt_bv-qr_40_r_half_two_thirds
 857/2642 Test #1439: test_repl-realizable_cmd-by_grammar-shape_d_06_bf_nlteq_f_f_f_o1_0_qlt .......................................................   Passed    0.17 sec
          Start 1593: test_repl-realizable_cmd-ltl_qlt_bv-qr_10_u_gt0_eq_half
 858/2642 Test #1437: test_repl-realizable_cmd-by_grammar-shape_d_04_bf_nlt_f_f_f_o1_1_qlt .........................................................   Passed    0.17 sec
          Start 1456: test_repl-realizable_cmd-by_grammar-shape_f_06_bf_xor_of_constants_g_f_o1_x_y_x_z_sbf
 859/2642 Test #1451: test_repl-realizable_cmd-by_grammar-shape_f_01_bf_and_f_f_f_o1_x_y_sbf .......................................................   Passed    0.17 sec
          Start 1401: test_repl-realizable_cmd-by_grammar-shape_a_23_g_g_a1
 860/2642 Test #1457: test_repl-realizable_cmd-by_grammar-shape_f_07_bf_or_in_u_at_depth_3 .........................................................   Passed    0.18 sec
          Start 1601: test_repl-realizable_cmd-ltl_qlt_bv-qr_18_f_eq_i1_and_lt0_unreal
 861/2642 Test #1614: test_repl-realizable_cmd-ltl_qlt_bv-qr_35_g_f_third_infinitely_often .........................................................   Passed    0.16 sec
          Start 1610: test_repl-realizable_cmd-ltl_qlt_bv-qr_31_w_half_two_thirds
 862/2642 Test #1493: test_repl-realizable_cmd-by_grammar-shape_m_10_dyadic_f_f_f_o1_1_4_3_4 .......................................................   Passed    0.17 sec
          Start 1448: test_repl-realizable_cmd-by_grammar-shape_e_03_f_g_f_1_o1_2_qlt
 863/2642 Test #1618: test_repl-realizable_cmd-ltl_qlt_bv-qr_40_r_half_two_thirds ..................................................................   Passed    0.18 sec
          Start 1440: test_repl-realizable_cmd-by_grammar-shape_d_07_bf_gt_f_f_f_o1_0_qlt
 864/2642 Test #1593: test_repl-realizable_cmd-ltl_qlt_bv-qr_10_u_gt0_eq_half ......................................................................   Passed    0.17 sec
          Start 1442: test_repl-realizable_cmd-by_grammar-shape_d_09_bf_gteq_f_f_f_o1_0_qlt
 865/2642 Test #1401: test_repl-realizable_cmd-by_grammar-shape_a_23_g_g_a1 ........................................................................   Passed    0.17 sec
          Start 2028: test_repl-run_cmd-multiio-t26_2step_delay_plus_const_true_8steps
 866/2642 Test #1456: test_repl-realizable_cmd-by_grammar-shape_f_06_bf_xor_of_constants_g_f_o1_x_y_x_z_sbf ........................................   Passed    0.18 sec
          Start 1455: test_repl-realizable_cmd-by_grammar-shape_f_05_bf_or_of_constants_g_f_o1_x_y_y_z_sbf
 867/2642 Test #1601: test_repl-realizable_cmd-ltl_qlt_bv-qr_18_f_eq_i1_and_lt0_unreal .............................................................   Passed    0.17 sec
          Start 1488: test_repl-realizable_cmd-by_grammar-shape_m_05_sbf_g_f_f_o1_x_y_sbf
 868/2642 Test #1610: test_repl-realizable_cmd-ltl_qlt_bv-qr_31_w_half_two_thirds ..................................................................   Passed    0.17 sec
          Start 1487: test_repl-realizable_cmd-by_grammar-shape_m_04_sbf_f_f_f_o1_x_y_z_sbf
 869/2642 Test #1448: test_repl-realizable_cmd-by_grammar-shape_e_03_f_g_f_1_o1_2_qlt ..............................................................   Passed    0.17 sec
          Start  818: test_repl-sat_cmd-sometimes_inputs_two_goals
 870/2642 Test #2028: test_repl-run_cmd-multiio-t26_2step_delay_plus_const_true_8steps .............................................................   Passed    0.12 sec
          Start 1395: test_repl-realizable_cmd-by_grammar-shape_a_17_g_f_a1_g_g_triggers_nested_g_restriction
 871/2642 Test #1440: test_repl-realizable_cmd-by_grammar-shape_d_07_bf_gt_f_f_f_o1_0_qlt ..........................................................   Passed    0.17 sec
          Start 2012: test_repl-run_cmd-multiio-t10_mirror_and_const_true_one_g_8steps
 872/2642 Test #1442: test_repl-realizable_cmd-by_grammar-shape_d_09_bf_gteq_f_f_f_o1_0_qlt ........................................................   Passed    0.17 sec
          Start 1512: test_repl-realizable_cmd-by_grammar-shape_o_01_f_f_f_i1_0_qlt_unrealizable
 873/2642 Test #1455: test_repl-realizable_cmd-by_grammar-shape_f_05_bf_or_of_constants_g_f_o1_x_y_y_z_sbf .........................................   Passed    0.18 sec
          Start 1443: test_repl-realizable_cmd-by_grammar-shape_d_10_bf_ngteq_f_f_f_o1_1_qlt
 874/2642 Test #1488: test_repl-realizable_cmd-by_grammar-shape_m_05_sbf_g_f_f_o1_x_y_sbf ..........................................................   Passed    0.19 sec
          Start 2015: test_repl-run_cmd-multiio-t13_3step_delay_8steps
 875/2642 Test  #818: test_repl-sat_cmd-sometimes_inputs_two_goals .................................................................................   Passed    0.13 sec
          Start 1613: test_repl-realizable_cmd-ltl_qlt_bv-qr_34_f_g_half_eventually_constant
 876/2642 Test #2012: test_repl-run_cmd-multiio-t10_mirror_and_const_true_one_g_8steps .............................................................   Passed    0.13 sec
          Start 2022: test_repl-run_cmd-multiio-t20_cross_variable_3step_delay_8steps
 877/2642 Test #1487: test_repl-realizable_cmd-by_grammar-shape_m_04_sbf_f_f_f_o1_x_y_z_sbf ........................................................   Passed    0.19 sec
          Start 1460: test_repl-realizable_cmd-by_grammar-shape_g_03_g_f_o1_x_z_sbf
 878/2642 Test #1395: test_repl-realizable_cmd-by_grammar-shape_a_17_g_f_a1_g_g_triggers_nested_g_restriction ......................................   Passed    0.22 sec
          Start  788: test_repl-sat_cmd-issue144_sometimes_and_sometimes
 879/2642 Test #1443: test_repl-realizable_cmd-by_grammar-shape_d_10_bf_ngteq_f_f_f_o1_1_qlt .......................................................   Passed    0.25 sec
          Start 1458: test_repl-realizable_cmd-by_grammar-shape_g_01_f_f_f_o1_x_sbf
 880/2642 Test #2015: test_repl-run_cmd-multiio-t13_3step_delay_8steps .............................................................................   Passed    0.24 sec
          Start 1604: test_repl-realizable_cmd-ltl_qlt_bv-qr_22_g_eq_i1_and_f_neq_i1_unreal
 881/2642 Test #2022: test_repl-run_cmd-multiio-t20_cross_variable_3step_delay_8steps ..............................................................   Passed    0.21 sec
          Start 2004: test_repl-run_cmd-multiio-t02_swapped_mirror_7steps
 882/2642 Test #1512: test_repl-realizable_cmd-by_grammar-shape_o_01_f_f_f_i1_0_qlt_unrealizable ...................................................   Passed    0.32 sec
          Start 1444: test_repl-realizable_cmd-by_grammar-shape_d_11_bf_eq_nested_g_f_o1_0_qlt
 883/2642 Test  #788: test_repl-sat_cmd-issue144_sometimes_and_sometimes ...........................................................................   Passed    0.17 sec
          Start  382: test_repl-ba_options-change_drops_verdict_memo
 884/2642 Test #1613: test_repl-realizable_cmd-ltl_qlt_bv-qr_34_f_g_half_eventually_constant .......................................................   Passed    0.32 sec
          Start 2024: test_repl-run_cmd-multiio-t22_delay_plus_const_true_7steps
 885/2642 Test #1460: test_repl-realizable_cmd-by_grammar-shape_g_03_g_f_o1_x_z_sbf ................................................................   Passed    0.28 sec
          Start  782: test_repl-sat_cmd-xor_ladder_quantified
 886/2642 Test #2004: test_repl-run_cmd-multiio-t02_swapped_mirror_7steps ..........................................................................   Passed    0.13 sec
          Start 2019: test_repl-run_cmd-multiio-t17_3step_delay_6steps
 887/2642 Test #1604: test_repl-realizable_cmd-ltl_qlt_bv-qr_22_g_eq_i1_and_f_neq_i1_unreal ........................................................   Passed    0.16 sec
          Start  484: test_repl-ltl_execution-fixed_steps_unrealizable_stays_unsat
 888/2642 Test #1458: test_repl-realizable_cmd-by_grammar-shape_g_01_f_f_f_o1_x_sbf ................................................................   Passed    0.17 sec
          Start 1729: test_repl-solver_cmd-hsb-solve_system-shared_coeff
 889/2642 Test  #782: test_repl-sat_cmd-xor_ladder_quantified ......................................................................................   Passed    0.09 sec
          Start 2027: test_repl-run_cmd-multiio-t25_current_and_1step_delayed_same_input_8steps
 890/2642 Test  #382: test_repl-ba_options-change_drops_verdict_memo ...............................................................................   Passed    0.13 sec
          Start 2032: test_repl-run_cmd-multiio-t30_cross_2step_delay_plus_const_false_8steps
 891/2642 Test #2024: test_repl-run_cmd-multiio-t22_delay_plus_const_true_7steps ...................................................................   Passed    0.10 sec
          Start  566: test_repl-hsb_literal-cancelling
 892/2642 Test #1444: test_repl-realizable_cmd-by_grammar-shape_d_11_bf_eq_nested_g_f_o1_0_qlt .....................................................   Passed    0.18 sec
          Start  528: test_repl-ltl_env-refinement_rounds_flag_beats_env
 893/2642 Test #2019: test_repl-run_cmd-multiio-t17_3step_delay_6steps .............................................................................   Passed    0.09 sec
          Start  568: test_repl-hsb_literal-closed_bound
 894/2642 Test  #484: test_repl-ltl_execution-fixed_steps_unrealizable_stays_unsat .................................................................   Passed    0.08 sec
          Start 2006: test_repl-run_cmd-multiio-t04_mirror_and_const_true_6steps
 895/2642 Test  #566: test_repl-hsb_literal-cancelling .............................................................................................   Passed    0.06 sec
          Start 2014: test_repl-run_cmd-multiio-t12_2step_delay_8steps
 896/2642 Test  #528: test_repl-ltl_env-refinement_rounds_flag_beats_env ...........................................................................   Passed    0.07 sec
          Start 2023: test_repl-run_cmd-multiio-t21_delay_plus_const_false_7steps
 897/2642 Test #1729: test_repl-solver_cmd-hsb-solve_system-shared_coeff ...........................................................................   Passed    0.13 sec
          Start 2021: test_repl-run_cmd-multiio-t19_1step_delay_xyzwvu_6steps
 898/2642 Test #2032: test_repl-run_cmd-multiio-t30_cross_2step_delay_plus_const_false_8steps ......................................................   Passed    0.12 sec
          Start 2010: test_repl-run_cmd-multiio-t08_o1_copies_i2_o2_const_false_8steps
 899/2642 Test  #568: test_repl-hsb_literal-closed_bound ...........................................................................................   Passed    0.07 sec
          Start 2009: test_repl-run_cmd-multiio-t07_both_const_true_6steps
 900/2642 Test #2027: test_repl-run_cmd-multiio-t25_current_and_1step_delayed_same_input_8steps ....................................................   Passed    0.13 sec
          Start 2013: test_repl-run_cmd-multiio-t11_1step_delay_7steps
 901/2642 Test #2006: test_repl-run_cmd-multiio-t04_mirror_and_const_true_6steps ...................................................................   Passed    0.11 sec
          Start  226: test_repl-help_examples_cmd
 902/2642 Test #2014: test_repl-run_cmd-multiio-t12_2step_delay_8steps .............................................................................   Passed    0.11 sec
          Start 1979: test_repl-run_cmd-ltl_correctness-adv_mir_02_top_all_t
 903/2642 Test #2023: test_repl-run_cmd-multiio-t21_delay_plus_const_false_7steps ..................................................................   Passed    0.10 sec
          Start 2042: test_repl-run_cmd-ltl_aba_execution-g2_05_mirror_8vals
 904/2642 Test #2021: test_repl-run_cmd-multiio-t19_1step_delay_xyzwvu_6steps ......................................................................   Passed    0.10 sec
          Start 2005: test_repl-run_cmd-multiio-t03_mirror_and_const_false_6steps
 905/2642 Test  #226: test_repl-help_examples_cmd ..................................................................................................   Passed    0.06 sec
          Start  488: test_repl-ltl_execution-qlt_points_safety_disequality
 906/2642 Test #2010: test_repl-run_cmd-multiio-t08_o1_copies_i2_o2_const_false_8steps .............................................................   Passed    0.10 sec
 907/2642 Test #2009: test_repl-run_cmd-multiio-t07_both_const_true_6steps .........................................................................   Passed    0.10 sec
          Start 2052: test_repl-run_cmd-ltl_aba_execution-g4_05_two_lookbacks_5steps
          Start 2046: test_repl-run_cmd-ltl_aba_execution-g3_04_two_inputs_3steps
 908/2642 Test #2013: test_repl-run_cmd-multiio-t11_1step_delay_7steps .............................................................................   Passed    0.10 sec
          Start  776: test_repl-sat_cmd-issue130_self_absorbing_a
 909/2642 Test #1979: test_repl-run_cmd-ltl_correctness-adv_mir_02_top_all_t .......................................................................   Passed    0.09 sec
          Start 1724: test_repl-solver_cmd-hsb-find_solution-complement
 910/2642 Test  #488: test_repl-ltl_execution-qlt_points_safety_disequality ........................................................................   Passed    0.07 sec
          Start  805: test_repl-sat_cmd-always_output_sometimes_input
 911/2642 Test  #776: test_repl-sat_cmd-issue130_self_absorbing_a ..................................................................................   Passed    0.06 sec
          Start 1976: test_repl-run_cmd-ltl_correctness-adv_g_05_o_eq_1_top
 912/2642 Test #2042: test_repl-run_cmd-ltl_aba_execution-g2_05_mirror_8vals .......................................................................   Passed    0.10 sec
          Start 2049: test_repl-run_cmd-ltl_aba_execution-g4_02_lb2_6steps
 913/2642 Test #2005: test_repl-run_cmd-multiio-t03_mirror_and_const_false_6steps ..................................................................   Passed    0.11 sec
          Start  660: test_repl-option_alias-bacomponentfactoring
 914/2642 Test #2052: test_repl-run_cmd-ltl_aba_execution-g4_05_two_lookbacks_5steps ...............................................................   Passed    0.11 sec
          Start 2051: test_repl-run_cmd-ltl_aba_execution-g4_04_lb1_4steps_compound
 915/2642 Test #2046: test_repl-run_cmd-ltl_aba_execution-g3_04_two_inputs_3steps ..................................................................   Passed    0.12 sec
          Start  565: test_repl-hsb_literal-both_sides
 916/2642 Test  #805: test_repl-sat_cmd-always_output_sometimes_input ..............................................................................   Passed    0.08 sec
          Start  573: test_codegen_cli-unrealizable_exit_3
 917/2642 Test  #660: test_repl-option_alias-bacomponentfactoring ..................................................................................   Passed    0.06 sec
          Start  569: test_repl-hsb_literal-variable_closed
 918/2642 Test #1976: test_repl-run_cmd-ltl_correctness-adv_g_05_o_eq_1_top ........................................................................   Passed    0.09 sec
          Start 2041: test_repl-run_cmd-ltl_aba_execution-g2_04_mirror_6vals_repeating
 919/2642 Test #1724: test_repl-solver_cmd-hsb-find_solution-complement ............................................................................   Passed    0.11 sec
          Start 2044: test_repl-run_cmd-ltl_aba_execution-g3_02_mirror_and_const1_4steps
 920/2642 Test #2049: test_repl-run_cmd-ltl_aba_execution-g4_02_lb2_6steps .........................................................................   Passed    0.11 sec
          Start 1728: test_repl-solver_cmd-hsb-solve_system-basic
 921/2642 Test #2051: test_repl-run_cmd-ltl_aba_execution-g4_04_lb1_4steps_compound ................................................................   Passed    0.10 sec
          Start 1095: test_repl-realizable_cmd-ltl_many_sorted-ms_0013_qlt_qint_unreal_qlt_forces_impossible_range
 922/2642 Test  #565: test_repl-hsb_literal-both_sides .............................................................................................   Passed    0.08 sec
          Start  213: test_repl-help_set_cmd
 923/2642 Test  #573: test_codegen_cli-unrealizable_exit_3 .........................................................................................   Passed    0.08 sec
          Start  606: test_repl-evalspec-admitted
 924/2642 Test  #569: test_repl-hsb_literal-variable_closed ........................................................................................   Passed    0.09 sec
          Start 2064: test_repl-run_cmd-ltl_aba_execution-g7_02_sbf_g_xorz_5steps
 925/2642 Test #2041: test_repl-run_cmd-ltl_aba_execution-g2_04_mirror_6vals_repeating .............................................................   Passed    0.09 sec
          Start 2040: test_repl-run_cmd-ltl_aba_execution-g2_03_mirror_5vals_mixed
 926/2642 Test #1095: test_repl-realizable_cmd-ltl_many_sorted-ms_0013_qlt_qint_unreal_qlt_forces_impossible_range .................................   Passed    0.06 sec
          Start  457: test_repl-ltl_decisions-per_literal_guard_sat
 927/2642 Test  #213: test_repl-help_set_cmd .......................................................................................................   Passed    0.06 sec
          Start  661: test_repl-option_alias-badecisionpins
 928/2642 Test #2044: test_repl-run_cmd-ltl_aba_execution-g3_02_mirror_and_const1_4steps ...........................................................   Passed    0.12 sec
          Start 2043: test_repl-run_cmd-ltl_aba_execution-g3_01_mirror_and_const0_3steps
 929/2642 Test #1728: test_repl-solver_cmd-hsb-solve_system-basic ..................................................................................   Passed    0.10 sec
          Start 2050: test_repl-run_cmd-ltl_aba_execution-g4_03_lb3_7steps
 930/2642 Test  #606: test_repl-evalspec-admitted ..................................................................................................   Passed    0.09 sec
          Start  538: test_repl-ltl_env-data_game_max_memo_garbage_warns
 931/2642 Test #2064: test_repl-run_cmd-ltl_aba_execution-g7_02_sbf_g_xorz_5steps ..................................................................   Passed    0.07 sec
          Start  534: test_repl-ltl_env-data_game_max_nodes_flag_rejects_garbage
 932/2642 Test  #457: test_repl-ltl_decisions-per_literal_guard_sat ................................................................................   Passed    0.07 sec
          Start 1048: test_repl-realizable_cmd-bv-simple_andreis_test_case
 933/2642 Test  #661: test_repl-option_alias-badecisionpins ........................................................................................   Passed    0.07 sec
          Start 2026: test_repl-run_cmd-multiio-t24_both_constant_false_true_10steps
 934/2642 Test #2040: test_repl-run_cmd-ltl_aba_execution-g2_03_mirror_5vals_mixed .................................................................   Passed    0.09 sec
          Start 2048: test_repl-run_cmd-ltl_aba_execution-g4_01_lb1_5steps
 935/2642 Test  #534: test_repl-ltl_env-data_game_max_nodes_flag_rejects_garbage ...................................................................   Passed    0.05 sec
          Start  208: test_repl-help_ltl_cmd
 936/2642 Test #2043: test_repl-run_cmd-ltl_aba_execution-g3_01_mirror_and_const0_3steps ...........................................................   Passed    0.08 sec
          Start 1980: test_repl-run_cmd-ltl_correctness-adv_mir_03_alt_mirror
 937/2642 Test  #538: test_repl-ltl_env-data_game_max_memo_garbage_warns ...........................................................................   Passed    0.06 sec
          Start  540: test_repl-ltl_env-consistency_subsets_flag_beats_env
 938/2642 Test #2050: test_repl-run_cmd-ltl_aba_execution-g4_03_lb3_7steps .........................................................................   Passed    0.10 sec
          Start  535: test_repl-ltl_env-data_game_max_memo_flag
 939/2642 Test  #208: test_repl-help_ltl_cmd .......................................................................................................   Passed    0.06 sec
 940/2642 Test  #540: test_repl-ltl_env-consistency_subsets_flag_beats_env .........................................................................   Passed    0.05 sec
          Start 2495: test_repl-strategy_exec-exec_lb_02_g_o1_eq_i1_prev2_6steps
          Start 1327: test_repl-realizable_cmd-ltl_many_sorted-ms_0245_6_type_input_output_implication_qlt_bv_with_all_six_types
 941/2642 Test #1048: test_repl-realizable_cmd-bv-simple_andreis_test_case .........................................................................   Passed    0.11 sec
          Start 1981: test_repl-run_cmd-ltl_correctness-adv_mir_04_named_mirror
 942/2642 Test #2048: test_repl-run_cmd-ltl_aba_execution-g4_01_lb1_5steps .........................................................................   Passed    0.10 sec
          Start  526: test_repl-ltl_env-guard_max_cubes_env_is_the_fallback
 943/2642 Test #2026: test_repl-run_cmd-multiio-t24_both_constant_false_true_10steps ...............................................................   Passed    0.12 sec
          Start  784: test_repl-sat_cmd-issue144_sometimes_atom
 944/2642 Test #1980: test_repl-run_cmd-ltl_correctness-adv_mir_03_alt_mirror ......................................................................   Passed    0.11 sec
          Start 1737: test_repl-solver_cmd-hsb-solve-two_vars
 945/2642 Test  #535: test_repl-ltl_env-data_game_max_memo_flag ....................................................................................   Passed    0.08 sec
          Start 1978: test_repl-run_cmd-ltl_correctness-adv_mir_01_bottom_all_f
 946/2642 Test #1327: test_repl-realizable_cmd-ltl_many_sorted-ms_0245_6_type_input_output_implication_qlt_bv_with_all_six_types ...................   Passed    0.09 sec
          Start 1984: test_repl-run_cmd-ltl_correctness-adv_lb_03_alt_shifted
 947/2642 Test  #526: test_repl-ltl_env-guard_max_cubes_env_is_the_fallback ........................................................................   Passed    0.07 sec
          Start  564: test_repl-hsb_literal-variable_rhs
 948/2642 Test  #784: test_repl-sat_cmd-issue144_sometimes_atom ....................................................................................   Passed    0.07 sec
          Start  775: test_repl-sat_cmd-issue130_self_absorbing_x
 949/2642 Test #2495: test_repl-strategy_exec-exec_lb_02_g_o1_eq_i1_prev2_6steps ...................................................................   Passed    0.10 sec
          Start  557: test_repl-realizable_bv1-output_conjunct_is_realizable
 950/2642 Test #1981: test_repl-run_cmd-ltl_correctness-adv_mir_04_named_mirror ....................................................................   Passed    0.11 sec
          Start 1977: test_repl-run_cmd-ltl_correctness-adv_g_06_o_eq_1_alt
 951/2642 Test #1978: test_repl-run_cmd-ltl_correctness-adv_mir_01_bottom_all_f ....................................................................   Passed    0.10 sec
 952/2642 Test  #775: test_repl-sat_cmd-issue130_self_absorbing_x ..................................................................................   Passed    0.06 sec
          Start  589: test_repl-ba_hsb-sat
          Start  563: test_repl-hsb_literal-constant_rhs
 953/2642 Test #1737: test_repl-solver_cmd-hsb-solve-two_vars ......................................................................................   Passed    0.11 sec
          Start 1726: test_repl-solver_cmd-hsb-ineq_system-two_vars
 954/2642 Test  #564: test_repl-hsb_literal-variable_rhs ...........................................................................................   Passed    0.07 sec
          Start 1725: test_repl-solver_cmd-hsb-ineq_system-complement
 955/2642 Test  #557: test_repl-realizable_bv1-output_conjunct_is_realizable .......................................................................   Passed    0.07 sec
          Start 2038: test_repl-run_cmd-ltl_aba_execution-g2_01_mirror_3vals
 956/2642 Test #1984: test_repl-run_cmd-ltl_correctness-adv_lb_03_alt_shifted ......................................................................   Passed    0.09 sec
          Start 1323: test_repl-realizable_cmd-ltl_many_sorted-ms_0241_6_type_varied_constants_across_all_types
 957/2642 Test #1977: test_repl-run_cmd-ltl_correctness-adv_g_06_o_eq_1_alt ........................................................................   Passed    0.11 sec
          Start  549: test_repl-ltl_env-nlang_http_timeout_env_is_the_fallback
 958/2642 Test  #589: test_repl-ba_hsb-sat .........................................................................................................   Passed    0.07 sec
          Start  662: test_repl-option_alias-bv_case_split
 959/2642 Test  #563: test_repl-hsb_literal-constant_rhs ...........................................................................................   Passed    0.08 sec
          Start 2603: test_repl-cli-bv_widening_spec_file_mode
 960/2642 Test #1726: test_repl-solver_cmd-hsb-ineq_system-two_vars ................................................................................   Passed    0.10 sec
 961/2642 Test #1725: test_repl-solver_cmd-hsb-ineq_system-complement ..............................................................................   Passed    0.09 sec
          Start 2039: test_repl-run_cmd-ltl_aba_execution-g2_02_mirror_compound_4vals
          Start  720: test_repl-valid_cmd-issue144_sometimes_implies_always
 962/2642 Test #2038: test_repl-run_cmd-ltl_aba_execution-g2_01_mirror_3vals .......................................................................   Passed    0.09 sec
          Start  515: test_repl-ltl_env-closed_regions_timeout_default
 963/2642 Test #1323: test_repl-realizable_cmd-ltl_many_sorted-ms_0241_6_type_varied_constants_across_all_types ....................................   Passed    0.09 sec
          Start 1983: test_repl-run_cmd-ltl_correctness-adv_lb_02_top
 964/2642 Test  #662: test_repl-option_alias-bv_case_split .........................................................................................   Passed    0.06 sec
          Start 1273: test_repl-realizable_cmd-ltl_many_sorted-ms_0191_qlt_bv_sbf_hsb_qint_g_safety_five_types
 965/2642 Test  #549: test_repl-ltl_env-nlang_http_timeout_env_is_the_fallback .....................................................................   Passed    0.07 sec
          Start  524: test_repl-ltl_env-hoa_max_states_garbage_warns
 966/2642 Test #2603: test_repl-cli-bv_widening_spec_file_mode .....................................................................................   Passed    0.10 sec
          Start  812: test_repl-sat_cmd-sometimes_follower_stronger
 967/2642 Test  #720: test_repl-valid_cmd-issue144_sometimes_implies_always ........................................................................   Passed    0.08 sec
          Start  806: test_repl-sat_cmd-sometimes_output_and_input
 968/2642 Test  #515: test_repl-ltl_env-closed_regions_timeout_default .............................................................................   Passed    0.08 sec
          Start  489: test_repl-ltl_execution-qlt_points_safety_equal_outputs
 969/2642 Test  #524: test_repl-ltl_env-hoa_max_states_garbage_warns ...............................................................................   Passed    0.06 sec
          Start  530: test_repl-ltl_env-window_max_paths_flag_beats_env
 970/2642 Test #2039: test_repl-run_cmd-ltl_aba_execution-g2_02_mirror_compound_4vals ..............................................................   Passed    0.10 sec
          Start 2074: test_repl-run_cmd-ltl_aba_execution-g9_02_sbf_lb1_5steps
 971/2642 Test #1273: test_repl-realizable_cmd-ltl_many_sorted-ms_0191_qlt_bv_sbf_hsb_qint_g_safety_five_types .....................................   Passed    0.10 sec
          Start  639: test_repl-option_alias-dbg
 972/2642 Test #1983: test_repl-run_cmd-ltl_correctness-adv_lb_02_top ..............................................................................   Passed    0.12 sec
          Start 2008: test_repl-run_cmd-multiio-t06_both_const_false_7steps
 973/2642 Test  #806: test_repl-sat_cmd-sometimes_output_and_input .................................................................................   Passed    0.07 sec
          Start  567: test_repl-hsb_literal-all_cancel
 974/2642 Test  #812: test_repl-sat_cmd-sometimes_follower_stronger ................................................................................   Passed    0.09 sec
          Start 2045: test_repl-run_cmd-ltl_aba_execution-g3_03_const0_and_mirror_to_o2_4steps
 975/2642 Test  #530: test_repl-ltl_env-window_max_paths_flag_beats_env ............................................................................   Passed    0.07 sec
          Start  832: test_repl-sat_cmd-warm_up_tautology_bv
 976/2642 Test  #489: test_repl-ltl_execution-qlt_points_safety_equal_outputs ......................................................................   Passed    0.09 sec
          Start 2089: test_repl-run_cmd-ltl_aba_execution-g12_02_bv_mirror_4steps
 977/2642 Test #2074: test_repl-run_cmd-ltl_aba_execution-g9_02_sbf_lb1_5steps .....................................................................   Passed    0.09 sec
 978/2642 Test  #639: test_repl-option_alias-dbg ...................................................................................................   Passed    0.07 sec
          Start 1926: test_repl-normalize_cmd_definition_chain_reversed
          Start 1975: test_repl-run_cmd-ltl_correctness-adv_g_04_o_eq_1_bottom
 979/2642 Test #2008: test_repl-run_cmd-multiio-t06_both_const_false_7steps ........................................................................   Passed    0.09 sec
          Start 1982: test_repl-run_cmd-ltl_correctness-adv_lb_01_bottom
 980/2642 Test  #567: test_repl-hsb_literal-all_cancel .............................................................................................   Passed    0.07 sec
          Start  455: test_repl-ltl_decisions-print_until_operand
 981/2642 Test  #832: test_repl-sat_cmd-warm_up_tautology_bv .......................................................................................   Passed    0.09 sec
          Start  556: test_repl-realizable_bv1-input_conjunct_is_unrealizable
 982/2642 Test #2045: test_repl-run_cmd-ltl_aba_execution-g3_03_const0_and_mirror_to_o2_4steps .....................................................   Passed    0.10 sec
          Start  768: test_repl-sat_cmd-issue137_bare_decrease
 983/2642 Test #2089: test_repl-run_cmd-ltl_aba_execution-g12_02_bv_mirror_4steps ..................................................................   Passed    0.09 sec
          Start  516: test_repl-ltl_env-closed_regions_timeout_set
 984/2642 Test  #455: test_repl-ltl_decisions-print_until_operand ..................................................................................   Passed    0.06 sec
          Start 2166: test_repl-substitution_cmd_wff13
 985/2642 Test #1926: test_repl-normalize_cmd_definition_chain_reversed ............................................................................   Passed    0.09 sec
 986/2642 Test #1975: test_repl-run_cmd-ltl_correctness-adv_g_04_o_eq_1_bottom .....................................................................   Passed    0.09 sec
          Start 2088: test_repl-run_cmd-ltl_aba_execution-g12_01_bv_mirror_3steps
          Start 1974: test_repl-run_cmd-ltl_correctness-adv_g_03_o_eq_0_alt
 987/2642 Test #1982: test_repl-run_cmd-ltl_correctness-adv_lb_01_bottom ...........................................................................   Passed    0.09 sec
          Start  819: test_repl-sat_cmd-warm_up_sometimes_first_step
 988/2642 Test  #556: test_repl-realizable_bv1-input_conjunct_is_unrealizable ......................................................................   Passed    0.07 sec
          Start  587: test_repl-ba_qint-exact_witness
 989/2642 Test  #516: test_repl-ltl_env-closed_regions_timeout_set .................................................................................   Passed    0.06 sec
          Start 1324: test_repl-realizable_cmd-ltl_many_sorted-ms_0242_6_type_unreal_qlt_forced_equal_two_different_values_with_five_other_types
 990/2642 Test  #768: test_repl-sat_cmd-issue137_bare_decrease .....................................................................................   Passed    0.08 sec
          Start  815: test_repl-sat_cmd-sometimes_input_dependent_step
 991/2642 Test #2166: test_repl-substitution_cmd_wff13 .............................................................................................   Passed    0.06 sec
          Start  785: test_repl-sat_cmd-issue144_sometimes_contradiction
 992/2642 Test #2088: test_repl-run_cmd-ltl_aba_execution-g12_01_bv_mirror_3steps ..................................................................   Passed    0.09 sec
          Start  811: test_repl-sat_cmd-sometimes_follower_output
 993/2642 Test #1974: test_repl-run_cmd-ltl_correctness-adv_g_03_o_eq_0_alt ........................................................................   Passed    0.09 sec
          Start 1859: test_repl-solver_cmd-issue181_min_sbf
 994/2642 Test  #587: test_repl-ba_qint-exact_witness ..............................................................................................   Passed    0.07 sec
          Start  864: test_repl-temporal_ops-since_S_same_formula
 995/2642 Test  #819: test_repl-sat_cmd-warm_up_sometimes_first_step ...............................................................................   Passed    0.08 sec
          Start 1718: test_repl-unrealizable_cmd-bv-cvc5-plus_one_eq
 996/2642 Test #1324: test_repl-realizable_cmd-ltl_many_sorted-ms_0242_6_type_unreal_qlt_forced_equal_two_different_values_with_five_other_types ...   Passed    0.09 sec
          Start  224: test_repl-help_whatis_cmd
 997/2642 Test  #785: test_repl-sat_cmd-issue144_sometimes_contradiction ...........................................................................   Passed    0.07 sec
          Start  223: test_repl-help_pnf_cmd
 998/2642 Test  #815: test_repl-sat_cmd-sometimes_input_dependent_step .............................................................................   Passed    0.08 sec
          Start 1727: test_repl-solver_cmd-hsb-ineq_system-generic_complement
 999/2642 Test  #811: test_repl-sat_cmd-sometimes_follower_output ..................................................................................   Passed    0.06 sec
          Start  641: test_repl-option_alias-b_is_benchmarks
1000/2642 Test #1718: test_repl-unrealizable_cmd-bv-cvc5-plus_one_eq ...............................................................................   Passed    0.06 sec
          Start 1855: test_repl-solver_cmd-issue181_min_bv_reversed
1001/2642 Test #1859: test_repl-solver_cmd-issue181_min_sbf ........................................................................................   Passed    0.07 sec
          Start  595: test_repl-enable_cmd-charvar
1002/2642 Test  #864: test_repl-temporal_ops-since_S_same_formula ..................................................................................   Passed    0.06 sec
          Start 2076: test_repl-run_cmd-ltl_aba_execution-g9_04_sbf_lb3_6steps
1003/2642 Test  #223: test_repl-help_pnf_cmd .......................................................................................................   Passed    0.06 sec
          Start 1042: test_repl-realizable_cmd-mixed-sbf_contradiction_in_presence_of_all_five_bas_unsat
1004/2642 Test  #224: test_repl-help_whatis_cmd ....................................................................................................   Passed    0.07 sec
          Start  531: test_repl-ltl_env-data_game_max_nodes_flag
1005/2642 Test #1727: test_repl-solver_cmd-hsb-ineq_system-generic_complement ......................................................................   Passed    0.09 sec
1006/2642 Test #1855: test_repl-solver_cmd-issue181_min_bv_reversed ................................................................................   Passed    0.06 sec
          Start  804: test_repl-sat_cmd-sometimes_input_lookback
          Start  614: test_repl-evalspec-shadowed_def
1007/2642 Test  #641: test_repl-option_alias-b_is_benchmarks .......................................................................................   Passed    0.07 sec
          Start  533: test_repl-ltl_env-data_game_max_nodes_flag_beats_env
1008/2642 Test  #595: test_repl-enable_cmd-charvar .................................................................................................   Passed    0.07 sec
          Start 1721: test_repl-solver_cvc5_cmd
1009/2642 Test #2076: test_repl-run_cmd-ltl_aba_execution-g9_04_sbf_lb3_6steps .....................................................................   Passed    0.10 sec
          Start 2063: test_repl-run_cmd-ltl_aba_execution-g7_01_sbf_g_xandy_4steps
1010/2642 Test  #531: test_repl-ltl_env-data_game_max_nodes_flag ...................................................................................   Passed    0.07 sec
          Start 2122: test_repl-run_cmd-warm_up_tautology
1011/2642 Test #1042: test_repl-realizable_cmd-mixed-sbf_contradiction_in_presence_of_all_five_bas_unsat ...........................................   Passed    0.09 sec
          Start  830: test_repl-sat_cmd-warm_up_absorbed
1012/2642 Test  #533: test_repl-ltl_env-data_game_max_nodes_flag_beats_env .........................................................................   Passed    0.05 sec
          Start  828: test_repl-sat_cmd-warm_up_tautology_disjunction
1013/2642 Test  #804: test_repl-sat_cmd-sometimes_input_lookback ...................................................................................   Passed    0.06 sec
          Start  211: test_repl-help_inst_cmd
1014/2642 Test #1721: test_repl-solver_cvc5_cmd ....................................................................................................   Passed    0.06 sec
          Start  555: test_repl-tref_budget_unlimited_by_default
1015/2642 Test  #614: test_repl-evalspec-shadowed_def ..............................................................................................   Passed    0.09 sec
          Start  810: test_repl-sat_cmd-sometimes_constant_output_vs_input
1016/2642 Test #2063: test_repl-run_cmd-ltl_aba_execution-g7_01_sbf_g_xandy_4steps .................................................................   Passed    0.07 sec
          Start 1157: test_repl-realizable_cmd-ltl_many_sorted-ms_0075_qlt_bv_tau_implication_from_qlt_to_tau_with_bv_guard
1017/2642 Test #2122: test_repl-run_cmd-warm_up_tautology ..........................................................................................   Passed    0.08 sec
          Start  615: test_repl-evalspec-def_after_admission
1018/2642 Test  #211: test_repl-help_inst_cmd ......................................................................................................   Passed    0.07 sec
          Start  570: test_repl-hsb_literal-noncanonical_closed
1019/2642 Test  #555: test_repl-tref_budget_unlimited_by_default ...................................................................................   Passed    0.06 sec
          Start 2478: test_repl-strategy_exec-exec_g_02_g_o1_eq1_6steps
1020/2642 Test  #830: test_repl-sat_cmd-warm_up_absorbed ...........................................................................................   Passed    0.10 sec
          Start  250: test_repl-get_cmd-all_lists_gcgrowth
1021/2642 Test  #828: test_repl-sat_cmd-warm_up_tautology_disjunction ..............................................................................   Passed    0.11 sec
          Start 2357: test_repl-adt-run_then_normalize_then_run
1022/2642 Test  #810: test_repl-sat_cmd-sometimes_constant_output_vs_input .........................................................................   Passed    0.15 sec
          Start 1225: test_repl-realizable_cmd-ltl_many_sorted-ms_0143_qlt_bv_sbf_qint_unreal_sbf_contradiction
1023/2642 Test #1157: test_repl-realizable_cmd-ltl_many_sorted-ms_0075_qlt_bv_tau_implication_from_qlt_to_tau_with_bv_guard ........................   Passed    0.14 sec
          Start 1745: test_repl-solver_cmd-qint-solve_system-basic
1024/2642 Test  #570: test_repl-hsb_literal-noncanonical_closed ....................................................................................   Passed    0.13 sec
          Start  181: test_repl-help_shortened-dnf_cmd
1025/2642 Test  #250: test_repl-get_cmd-all_lists_gcgrowth .........................................................................................   Passed    0.11 sec
          Start 2118: test_repl-run_cmd-mirror_03_always_alt
1026/2642 Test  #615: test_repl-evalspec-def_after_admission .......................................................................................   Passed    0.16 sec
          Start  210: test_repl-help_sub_short_cmd
1027/2642 Test #2478: test_repl-strategy_exec-exec_g_02_g_o1_eq1_6steps ............................................................................   Passed    0.15 sec
          Start  529: test_repl-ltl_env-window_max_paths_env_is_the_fallback
1028/2642 Test #1225: test_repl-realizable_cmd-ltl_many_sorted-ms_0143_qlt_bv_sbf_qint_unreal_sbf_contradiction ....................................   Passed    0.08 sec
          Start  836: test_repl-sat_cmd-warm_up_implied_sometimes
1029/2642 Test  #181: test_repl-help_shortened-dnf_cmd .............................................................................................   Passed    0.07 sec
          Start 1090: test_repl-realizable_cmd-ltl_many_sorted-ms_0008_qlt_hsb_g_conjunction_both_realizable
1030/2642 Test #1745: test_repl-solver_cmd-qint-solve_system-basic .................................................................................   Passed    0.08 sec
          Start 2491: test_repl-strategy_exec-exec_io_01_g_o1_eq_i1_4steps
1031/2642 Test #2357: test_repl-adt-run_then_normalize_then_run ....................................................................................   Passed    0.17 sec
          Start  510: test_repl-ltl_env-qlt_t3_cap_option
1032/2642 Test  #210: test_repl-help_sub_short_cmd .................................................................................................   Passed    0.07 sec
          Start  845: test_repl-sat_cmd-bv_alternating_product
1033/2642 Test  #529: test_repl-ltl_env-window_max_paths_env_is_the_fallback .......................................................................   Passed    0.07 sec
          Start  220: test_repl-help_clear_cmd
1034/2642 Test #2118: test_repl-run_cmd-mirror_03_always_alt .......................................................................................   Passed    0.10 sec
          Start 1973: test_repl-run_cmd-ltl_correctness-adv_g_02_o_eq_0_top
1035/2642 Test #1090: test_repl-realizable_cmd-ltl_many_sorted-ms_0008_qlt_hsb_g_conjunction_both_realizable .......................................   Passed    0.07 sec
          Start 1916: test_repl-normalize_cmd-recursive_defs_in_argument_position
1036/2642 Test  #220: test_repl-help_clear_cmd .....................................................................................................   Passed    0.05 sec
          Start  209: test_repl-help_subst_cmd
1037/2642 Test  #510: test_repl-ltl_env-qlt_t3_cap_option ..........................................................................................   Passed    0.06 sec
          Start 1425: test_repl-realizable_cmd-by_grammar-shape_c_07_g_a1_a2_a3
1038/2642 Test  #836: test_repl-sat_cmd-warm_up_implied_sometimes ..................................................................................   Passed    0.11 sec
          Start  229: test_repl-help_fragment_cmd
1039/2642 Test  #845: test_repl-sat_cmd-bv_alternating_product .....................................................................................   Passed    0.08 sec
          Start  212: test_repl-help_i_cmd
1040/2642 Test #2491: test_repl-strategy_exec-exec_io_01_g_o1_eq_i1_4steps .........................................................................   Passed    0.09 sec
          Start 1857: test_repl-solver_cmd-issue181_max_bv_reversed
1041/2642 Test #1973: test_repl-run_cmd-ltl_correctness-adv_g_02_o_eq_0_top ........................................................................   Passed    0.08 sec
          Start  965: test_repl-realizable_cmd-sbf-contradictory_constants_always_unsat
1042/2642 Test  #209: test_repl-help_subst_cmd .....................................................................................................   Passed    0.06 sec
          Start 1722: test_repl-solver_cmd-hsb-find_solution-one_var
1043/2642 Test #1425: test_repl-realizable_cmd-by_grammar-shape_c_07_g_a1_a2_a3 ....................................................................   Passed    0.08 sec
          Start 1882: test_repl-normalize_cmd-by_grammar-shape_i_05_fall_x_eq_0_until_fex_y_eq_o2
1044/2642 Test #1916: test_repl-normalize_cmd-recursive_defs_in_argument_position ..................................................................   Passed    0.09 sec
          Start  593: test_repl-enable_cmd-indenting
1045/2642 Test  #212: test_repl-help_i_cmd .........................................................................................................   Passed    0.06 sec
          Start 1228: test_repl-realizable_cmd-ltl_many_sorted-ms_0146_qlt_bv_sbf_qint_past_reference
1046/2642 Test  #229: test_repl-help_fragment_cmd ..................................................................................................   Passed    0.07 sec
          Start  831: test_repl-sat_cmd-warm_up_tautology_input
1047/2642 Test #1857: test_repl-solver_cmd-issue181_max_bv_reversed ................................................................................   Passed    0.06 sec
          Start  216: test_repl-help_disable_cmd
1048/2642 Test  #965: test_repl-realizable_cmd-sbf-contradictory_constants_always_unsat ............................................................   Passed    0.07 sec
          Start  292: test_repl-set_cmd-ltltimeout_off
1049/2642 Test #1722: test_repl-solver_cmd-hsb-find_solution-one_var ...............................................................................   Passed    0.07 sec
          Start  532: test_repl-ltl_env-data_game_max_nodes_env_is_the_fallback
1050/2642 Test  #593: test_repl-enable_cmd-indenting ...............................................................................................   Passed    0.06 sec
          Start  522: test_repl-ltl_env-hoa_max_states_env_is_the_fallback
1051/2642 Test #1882: test_repl-normalize_cmd-by_grammar-shape_i_05_fall_x_eq_0_until_fex_y_eq_o2 ..................................................   Passed    0.09 sec
          Start 1039: test_repl-realizable_cmd-mixed-hsb_and_bv_4_always_sat
1052/2642 Test  #216: test_repl-help_disable_cmd ...................................................................................................   Passed    0.08 sec
          Start 2477: test_repl-strategy_exec-exec_g_01_g_o1_eq0_6steps
1053/2642 Test  #831: test_repl-sat_cmd-warm_up_tautology_input ....................................................................................   Passed    0.09 sec
          Start 1206: test_repl-realizable_cmd-ltl_many_sorted-ms_0124_bv_qint_tau_g_safety_three_types
1054/2642 Test #1228: test_repl-realizable_cmd-ltl_many_sorted-ms_0146_qlt_bv_sbf_qint_past_reference ..............................................   Passed    0.11 sec
          Start  230: test_repl-get_cmd-all
1055/2642 Test  #292: test_repl-set_cmd-ltltimeout_off .............................................................................................   Passed    0.09 sec
1056/2642 Test  #532: test_repl-ltl_env-data_game_max_nodes_env_is_the_fallback ....................................................................   Passed    0.08 sec
          Start  772: test_repl-sat_cmd-issue137_bare_equal
          Start 2073: test_repl-run_cmd-ltl_aba_execution-g9_01_sbf_lb1_4steps
1057/2642 Test  #522: test_repl-ltl_env-hoa_max_states_env_is_the_fallback .........................................................................   Passed    0.09 sec
          Start 1925: test_repl-normalize_cmd_definition_chain_forward
1058/2642 Test #1039: test_repl-realizable_cmd-mixed-hsb_and_bv_4_always_sat .......................................................................   Passed    0.09 sec
          Start 2173: test_repl-substitution_cmd-into_dnf_result_typed_pattern
1059/2642 Test  #230: test_repl-get_cmd-all ........................................................................................................   Passed    0.07 sec
          Start 2350: test_repl-adt-run_retry_on_bad_tuple_value
1060/2642 Test #1206: test_repl-realizable_cmd-ltl_many_sorted-ms_0124_bv_qint_tau_g_safety_three_types ............................................   Passed    0.08 sec
          Start 1950: test_repl-normalize_cmd-qlt_pinned_neq_closed
1061/2642 Test #2477: test_repl-strategy_exec-exec_g_01_g_o1_eq0_6steps ............................................................................   Passed    0.10 sec
          Start  588: test_repl-ba_qint-exact_print
1062/2642 Test  #772: test_repl-sat_cmd-issue137_bare_equal ........................................................................................   Passed    0.07 sec
          Start  430: test_repl-ltl_decisions-ltl_positional_under_F_refused
1063/2642 Test #2073: test_repl-run_cmd-ltl_aba_execution-g9_01_sbf_lb1_4steps .....................................................................   Passed    0.11 sec
          Start  194: test_repl-help-history_shortened_m_cmd
1064/2642 Test #2173: test_repl-substitution_cmd-into_dnf_result_typed_pattern .....................................................................   Passed    0.07 sec
          Start  228: test_repl-help_stop_cmd
1065/2642 Test  #588: test_repl-ba_qint-exact_print ................................................................................................   Passed    0.07 sec
          Start 1856: test_repl-solver_cmd-issue181_max_bv
1066/2642 Test #1950: test_repl-normalize_cmd-qlt_pinned_neq_closed ................................................................................   Passed    0.09 sec
          Start 2322: test_repl-definitions-rec_bound_var_step_3
1067/2642 Test #2350: test_repl-adt-run_retry_on_bad_tuple_value ...................................................................................   Passed    0.10 sec
          Start  778: test_repl-sat_cmd-issue130_sbf
1068/2642 Test  #430: test_repl-ltl_decisions-ltl_positional_under_F_refused .......................................................................   Passed    0.08 sec
          Start  777: test_repl-sat_cmd-issue130_negated_alias
1069/2642 Test #1925: test_repl-normalize_cmd_definition_chain_forward .............................................................................   Passed    0.14 sec
          Start  289: test_repl-set_cmd-status_equals
1070/2642 Test  #194: test_repl-help-history_shortened_m_cmd .......................................................................................   Passed    0.06 sec
          Start 1201: test_repl-realizable_cmd-ltl_many_sorted-ms_0119_bv_hsb_qint_unreal_bv_contradiction
1071/2642 Test  #228: test_repl-help_stop_cmd ......................................................................................................   Passed    0.07 sec
          Start 2506: test_repl-strategy_exec-exec_ver_03_g_o1_eq_i1_4steps
1072/2642 Test #1856: test_repl-solver_cmd-issue181_max_bv .........................................................................................   Passed    0.08 sec
          Start  607: test_repl-evalspec-ok
1073/2642 Test  #777: test_repl-sat_cmd-issue130_negated_alias .....................................................................................   Passed    0.06 sec
          Start  762: test_repl-sat_cmd-tc-quadruple_g_with_non_g_conjunct
1074/2642 Test  #778: test_repl-sat_cmd-issue130_sbf ...............................................................................................   Passed    0.08 sec
          Start  517: test_repl-ltl_env-closed_regions_timeout_env_is_the_fallback
1075/2642 Test #2322: test_repl-definitions-rec_bound_var_step_3 ...................................................................................   Passed    0.08 sec
          Start  640: test_repl-option_alias-B_is_preprocessing
1076/2642 Test  #289: test_repl-set_cmd-status_equals ..............................................................................................   Passed    0.08 sec
          Start 2091: test_repl-run_cmd-ltl_aba_execution-g12_04_bv_lb1_mirror_5steps
1077/2642 Test #1201: test_repl-realizable_cmd-ltl_many_sorted-ms_0119_bv_hsb_qint_unreal_bv_contradiction .........................................   Passed    0.08 sec
          Start  182: test_repl-help_dnf_cmd
1078/2642 Test  #607: test_repl-evalspec-ok ........................................................................................................   Passed    0.09 sec
          Start 2033: test_repl-run_cmd-ltl_aba_execution-g1_01_g_o_eq0_4steps
1079/2642 Test  #762: test_repl-sat_cmd-tc-quadruple_g_with_non_g_conjunct .........................................................................   Passed    0.08 sec
          Start  586: test_repl-ba_qint-exact_gap_is_nonempty
1080/2642 Test #2506: test_repl-strategy_exec-exec_ver_03_g_o1_eq_i1_4steps ........................................................................   Passed    0.11 sec
1081/2642 Test  #517: test_repl-ltl_env-closed_regions_timeout_env_is_the_fallback .................................................................   Passed    0.08 sec
          Start 2075: test_repl-run_cmd-ltl_aba_execution-g9_03_sbf_lb2_5steps
          Start 2037: test_repl-run_cmd-ltl_aba_execution-g1_05_two_outputs_5steps
1082/2642 Test  #640: test_repl-option_alias-B_is_preprocessing ....................................................................................   Passed    0.08 sec
          Start 2070: test_repl-run_cmd-ltl_aba_execution-g8_03_sbf_mirror_5steps
1083/2642 Test  #182: test_repl-help_dnf_cmd .......................................................................................................   Passed    0.06 sec
          Start  547: test_repl-ltl_env-qlt_const_output_max_env_is_the_fallback
1084/2642 Test #2091: test_repl-run_cmd-ltl_aba_execution-g12_04_bv_lb1_mirror_5steps ..............................................................   Passed    0.10 sec
          Start 1128: test_repl-realizable_cmd-ltl_many_sorted-ms_0046_qint_tau_unreal_qint_identity_contradiction
1085/2642 Test  #586: test_repl-ba_qint-exact_gap_is_nonempty ......................................................................................   Passed    0.07 sec
          Start  712: test_repl-valid_cmd-issue132_bv1_constant
1086/2642 Test #2033: test_repl-run_cmd-ltl_aba_execution-g1_01_g_o_eq0_4steps .....................................................................   Passed    0.08 sec
          Start 1276: test_repl-realizable_cmd-ltl_many_sorted-ms_0194_qlt_bv_sbf_hsb_qint_implication_chain
1087/2642 Test #2037: test_repl-run_cmd-ltl_aba_execution-g1_05_two_outputs_5steps .................................................................   Passed    0.08 sec
          Start 1092: test_repl-realizable_cmd-ltl_many_sorted-ms_0010_qlt_hsb_implication_from_qlt_to_hsb
1088/2642 Test #2070: test_repl-run_cmd-ltl_aba_execution-g8_03_sbf_mirror_5steps ..................................................................   Passed    0.10 sec
          Start 1153: test_repl-realizable_cmd-ltl_many_sorted-ms_0071_qlt_bv_qint_past_reference_with_three_types
1089/2642 Test #1128: test_repl-realizable_cmd-ltl_many_sorted-ms_0046_qint_tau_unreal_qint_identity_contradiction .................................   Passed    0.07 sec
          Start  829: test_repl-sat_cmd-warm_up_tautology_own_always
1090/2642 Test  #547: test_repl-ltl_env-qlt_const_output_max_env_is_the_fallback ...................................................................   Passed    0.10 sec
          Start  362: test_repl-set_cmd-bv_case_split_max_tests_roundtrip
1091/2642 Test #2075: test_repl-run_cmd-ltl_aba_execution-g9_03_sbf_lb2_5steps .....................................................................   Passed    0.12 sec
          Start 2102: test_repl-run_cmd-two_input_streams-second_value
1092/2642 Test  #712: test_repl-valid_cmd-issue132_bv1_constant ....................................................................................   Passed    0.07 sec
          Start  225: test_repl-help_reset_cmd
1093/2642 Test #1092: test_repl-realizable_cmd-ltl_many_sorted-ms_0010_qlt_hsb_implication_from_qlt_to_hsb .........................................   Passed    0.10 sec
          Start  198: test_repl-help_run_short_cmd
1094/2642 Test #1276: test_repl-realizable_cmd-ltl_many_sorted-ms_0194_qlt_bv_sbf_hsb_qint_implication_chain .......................................   Passed    0.12 sec
          Start 1216: test_repl-realizable_cmd-ltl_many_sorted-ms_0134_qlt_bv_sbf_hsb_implication_chain_across_four_types
1095/2642 Test  #362: test_repl-set_cmd-bv_case_split_max_tests_roundtrip ..........................................................................   Passed    0.09 sec
          Start  222: test_repl-help_anf_cmd
1096/2642 Test  #829: test_repl-sat_cmd-warm_up_tautology_own_always ...............................................................................   Passed    0.10 sec
          Start 2090: test_repl-run_cmd-ltl_aba_execution-g12_03_bv_mirror_5steps
1097/2642 Test #1153: test_repl-realizable_cmd-ltl_many_sorted-ms_0071_qlt_bv_qint_past_reference_with_three_types .................................   Passed    0.11 sec
          Start 1972: test_repl-run_cmd-ltl_correctness-adv_g_01_o_eq_0_bottom
1098/2642 Test #2102: test_repl-run_cmd-two_input_streams-second_value .............................................................................   Passed    0.10 sec
          Start 2479: test_repl-strategy_exec-exec_g_03_g_o1_eq_tau_top_4steps
1099/2642 Test  #225: test_repl-help_reset_cmd .....................................................................................................   Passed    0.09 sec
          Start 1783: test_repl-solver_cmd-mixed-three_way
1100/2642 Test  #198: test_repl-help_run_short_cmd .................................................................................................   Passed    0.06 sec
          Start  219: test_repl-help_definitions_cmd
1101/2642 Test  #222: test_repl-help_anf_cmd .......................................................................................................   Passed    0.06 sec
          Start  745: test_repl-sat_cmd-tc-g_and_g_disjoint_variables_sat
1102/2642 Test #1216: test_repl-realizable_cmd-ltl_many_sorted-ms_0134_qlt_bv_sbf_hsb_implication_chain_across_four_types ..........................   Passed    0.07 sec
          Start  202: test_repl-help_lgrs_cmd
1103/2642 Test #2090: test_repl-run_cmd-ltl_aba_execution-g12_03_bv_mirror_5steps ..................................................................   Passed    0.09 sec
          Start 1585: test_repl-realizable_cmd-ltl_qlt_bv-qr_01_g_half
1104/2642 Test #2479: test_repl-strategy_exec-exec_g_03_g_o1_eq_tau_top_4steps .....................................................................   Passed    0.08 sec
          Start 2310: test_repl-definitions-solve_unresolved_reference
1105/2642 Test #1972: test_repl-run_cmd-ltl_correctness-adv_g_01_o_eq_0_bottom .....................................................................   Passed    0.09 sec
          Start  312: test_repl-set_cmd-ltlrefinementrounds
1106/2642 Test  #219: test_repl-help_definitions_cmd ...............................................................................................   Passed    0.07 sec
          Start 2315: test_repl-definitions-bound_var_as_ref_arg
1107/2642 Test  #745: test_repl-sat_cmd-tc-g_and_g_disjoint_variables_sat ..........................................................................   Passed    0.07 sec
1108/2642 Test  #202: test_repl-help_lgrs_cmd ......................................................................................................   Passed    0.06 sec
          Start 1331: test_repl-realizable_cmd-ltl_many_sorted-ms_0249_6_type_complex_implication_with_disjunction_and_negation
          Start 1782: test_repl-solver_cmd-mixed-qlt_hsb
1109/2642 Test #1783: test_repl-solver_cmd-mixed-three_way .........................................................................................   Passed    0.11 sec
          Start 2208: test_repl-substitution_cmd_groups_untyped_pattern_chain
1110/2642 Test  #312: test_repl-set_cmd-ltlrefinementrounds ........................................................................................   Passed    0.07 sec
          Start  820: test_repl-sat_cmd-warm_up_sometimes_output
1111/2642 Test #1585: test_repl-realizable_cmd-ltl_qlt_bv-qr_01_g_half .............................................................................   Passed    0.08 sec
          Start 2071: test_repl-run_cmd-ltl_aba_execution-g8_04_sbf_complement_mirror_4steps
1112/2642 Test #2310: test_repl-definitions-solve_unresolved_reference .............................................................................   Passed    0.10 sec
          Start 2110: test_repl-run_cmd-continue_running-genuine_step_error
1113/2642 Test #2315: test_repl-definitions-bound_var_as_ref_arg ...................................................................................   Passed    0.08 sec
          Start  288: test_repl-set_cmd-severity_invalid
1114/2642 Test #2208: test_repl-substitution_cmd_groups_untyped_pattern_chain ......................................................................   Passed    0.06 sec
          Start  199: test_repl-help_r_cmd
1115/2642 Test #1782: test_repl-solver_cmd-mixed-qlt_hsb ...........................................................................................   Passed    0.08 sec
          Start 1088: test_repl-realizable_cmd-ltl_many_sorted-ms_0006_qlt_sbf_unreal_qlt_contradiction_poisons_conjunction
1116/2642 Test #1331: test_repl-realizable_cmd-ltl_many_sorted-ms_0249_6_type_complex_implication_with_disjunction_and_negation ....................   Passed    0.09 sec
          Start  964: test_repl-realizable_cmd-sbf-loopback_always_sat
1117/2642 Test  #820: test_repl-sat_cmd-warm_up_sometimes_output ...................................................................................   Passed    0.08 sec
          Start  290: test_repl-get_cmd-ltltimeout
1118/2642 Test  #199: test_repl-help_r_cmd .........................................................................................................   Passed    0.05 sec
          Start 1742: test_repl-solver_cmd-qint-ineq_system-complement
1119/2642 Test  #288: test_repl-set_cmd-severity_invalid ...........................................................................................   Passed    0.06 sec
          Start  231: test_repl-get_cmd-one
1120/2642 Test #2071: test_repl-run_cmd-ltl_aba_execution-g8_04_sbf_complement_mirror_4steps .......................................................   Passed    0.09 sec
1121/2642 Test #2110: test_repl-run_cmd-continue_running-genuine_step_error ........................................................................   Passed    0.07 sec
          Start 1151: test_repl-realizable_cmd-ltl_many_sorted-ms_0069_qlt_bv_qint_implication_chain_across_three_types
          Start 2115: test_repl-run_cmd-sbf_multiline_value
1122/2642 Test  #964: test_repl-realizable_cmd-sbf-loopback_always_sat .............................................................................   Passed    0.07 sec
          Start  462: test_repl-ltl_decisions-normalize_keeps_negated_disjunction
1123/2642 Test #1088: test_repl-realizable_cmd-ltl_many_sorted-ms_0006_qlt_sbf_unreal_qlt_contradiction_poisons_conjunction ........................   Passed    0.08 sec
          Start 1285: test_repl-realizable_cmd-ltl_many_sorted-ms_0203_qlt_bv_sbf_hsb_tau_unreal_sbf_contradiction
1124/2642 Test  #290: test_repl-get_cmd-ltltimeout .................................................................................................   Passed    0.06 sec
          Start  822: test_repl-sat_cmd-warm_up_continuation
1125/2642 Test #1742: test_repl-solver_cmd-qint-ineq_system-complement .............................................................................   Passed    0.06 sec
          Start  976: test_repl-realizable_cmd-hsb-loopback_sat
1126/2642 Test  #231: test_repl-get_cmd-one ........................................................................................................   Passed    0.07 sec
          Start  179: test_repl-help_normalize_cmd_shortened
1127/2642 Test #2115: test_repl-run_cmd-sbf_multiline_value ........................................................................................   Passed    0.06 sec
          Start  264: test_repl-get_cmd-maxconstantsize_zero_is_unlimited
1128/2642 Test #1151: test_repl-realizable_cmd-ltl_many_sorted-ms_0069_qlt_bv_qint_implication_chain_across_three_types ............................   Passed    0.08 sec
          Start  598: test_repl-disable_cmd-highlighting
1129/2642 Test  #462: test_repl-ltl_decisions-normalize_keeps_negated_disjunction ..................................................................   Passed    0.06 sec
          Start  214: test_repl-help_get_cmd
1130/2642 Test #1285: test_repl-realizable_cmd-ltl_many_sorted-ms_0203_qlt_bv_sbf_hsb_tau_unreal_sbf_contradiction .................................   Passed    0.07 sec
          Start  751: test_repl-sat_cmd-tc-not_g_contradiction_sat_negation_of_unsat
1131/2642 Test  #822: test_repl-sat_cmd-warm_up_continuation .......................................................................................   Passed    0.07 sec
          Start 2494: test_repl-strategy_exec-exec_lb_01_g_o1_eq_i1_prev_5steps
1132/2642 Test  #179: test_repl-help_normalize_cmd_shortened .......................................................................................   Passed    0.05 sec
          Start  756: test_repl-sat_cmd-tc-f_and_f_disjoint_variables_sat
1133/2642 Test  #976: test_repl-realizable_cmd-hsb-loopback_sat ....................................................................................   Passed    0.06 sec
          Start  309: test_repl-toggle_cmd-pwrsemantic
1134/2642 Test  #598: test_repl-disable_cmd-highlighting ...........................................................................................   Passed    0.05 sec
          Start 1306: test_repl-realizable_cmd-ltl_many_sorted-ms_0224_6_type_unreal_bv_contradiction
1135/2642 Test  #264: test_repl-get_cmd-maxconstantsize_zero_is_unlimited ..........................................................................   Passed    0.07 sec
          Start  536: test_repl-ltl_env-data_game_max_memo_env_is_the_fallback
1136/2642 Test  #214: test_repl-help_get_cmd .......................................................................................................   Passed    0.05 sec
          Start  590: test_repl-enable_cmd-status
1137/2642 Test  #751: test_repl-sat_cmd-tc-not_g_contradiction_sat_negation_of_unsat ...............................................................   Passed    0.07 sec
          Start  321: test_repl-set_cmd-ltldatagamemaxmemo_unlimited
1138/2642 Test  #756: test_repl-sat_cmd-tc-f_and_f_disjoint_variables_sat ..........................................................................   Passed    0.06 sec
          Start  360: test_repl-set_cmd-decisionpins_roundtrip
1139/2642 Test  #309: test_repl-toggle_cmd-pwrsemantic .............................................................................................   Passed    0.06 sec
          Start  185: test_repl-help_shortened-nnf_cmd
1140/2642 Test #2494: test_repl-strategy_exec-exec_lb_01_g_o1_eq_i1_prev_5steps ....................................................................   Passed    0.10 sec
          Start 2168: test_repl-substitution_cmd-into_dnf_result
1141/2642 Test  #536: test_repl-ltl_env-data_game_max_memo_env_is_the_fallback .....................................................................   Passed    0.08 sec
          Start 1281: test_repl-realizable_cmd-ltl_many_sorted-ms_0199_qlt_bv_sbf_hsb_tau_g_safety_five_types
1142/2642 Test  #590: test_repl-enable_cmd-status ..................................................................................................   Passed    0.09 sec
          Start  860: test_repl-temporal_ops-sometimes_F_diamond_same_formula
1143/2642 Test  #185: test_repl-help_shortened-nnf_cmd .............................................................................................   Passed    0.05 sec
1144/2642 Test #1306: test_repl-realizable_cmd-ltl_many_sorted-ms_0224_6_type_unreal_bv_contradiction ..............................................   Passed    0.10 sec
          Start  284: test_repl-set_cmd-indenting_on
          Start 1861: test_repl-lgrs_cmd-sbf_two_vars
1145/2642 Test  #321: test_repl-set_cmd-ltldatagamemaxmemo_unlimited ...............................................................................   Passed    0.07 sec
          Start 1902: test_repl-normalize_cmd-quantifiers-ex_02_ex_x_y_xy_eq_0
1146/2642 Test  #360: test_repl-set_cmd-decisionpins_roundtrip .....................................................................................   Passed    0.06 sec
          Start  308: test_repl-disable_cmd-pwrsemantic
1147/2642 Test #2168: test_repl-substitution_cmd-into_dnf_result ...................................................................................   Passed    0.06 sec
          Start  366: test_repl-set_cmd-bvwidening_on
1148/2642 Test  #284: test_repl-set_cmd-indenting_on ...............................................................................................   Passed    0.06 sec
          Start  192: test_repl-help_history_cmd
1149/2642 Test #1902: test_repl-normalize_cmd-quantifiers-ex_02_ex_x_y_xy_eq_0 .....................................................................   Passed    0.06 sec
          Start 1738: test_repl-solver_cmd-hsb-solve-unsatisfiable
1150/2642 Test #1281: test_repl-realizable_cmd-ltl_many_sorted-ms_0199_qlt_bv_sbf_hsb_tau_g_safety_five_types ......................................   Passed    0.09 sec
          Start 2613: test_repl-limit_effect-specsizewarn_fires
1151/2642 Test #1861: test_repl-lgrs_cmd-sbf_two_vars ..............................................................................................   Passed    0.08 sec
          Start  642: test_repl-option_alias-invalid
1152/2642 Test  #860: test_repl-temporal_ops-sometimes_F_diamond_same_formula ......................................................................   Passed    0.08 sec
          Start 1041: test_repl-realizable_cmd-mixed-all_five_bas_independent_constraints_sat
1153/2642 Test  #308: test_repl-disable_cmd-pwrsemantic ............................................................................................   Passed    0.08 sec
          Start  857: test_repl-word_synonym-identifier_prefix_since
1154/2642 Test  #192: test_repl-help_history_cmd ...................................................................................................   Passed    0.06 sec
          Start  809: test_repl-sat_cmd-sometimes_output_reacts
1155/2642 Test  #366: test_repl-set_cmd-bvwidening_on ..............................................................................................   Passed    0.08 sec
          Start  841: test_repl-sat_cmd-warm_up_merged_always_valid_negation
1156/2642 Test  #642: test_repl-option_alias-invalid ...............................................................................................   Passed    0.06 sec
          Start 2170: test_repl-substitution_cmd-into_normalize_result
1157/2642 Test #1738: test_repl-solver_cmd-hsb-solve-unsatisfiable .................................................................................   Passed    0.08 sec
          Start 2205: test_repl-substitution_cmd_groups_dup_within
1158/2642 Test  #857: test_repl-word_synonym-identifier_prefix_since ...............................................................................   Passed    0.07 sec
          Start  177: test_repl-help_qelim_command_cmd-full
1159/2642 Test #1041: test_repl-realizable_cmd-mixed-all_five_bas_independent_constraints_sat ......................................................   Passed    0.08 sec
          Start 1089: test_repl-realizable_cmd-ltl_many_sorted-ms_0007_qlt_sbf_past_reference_on_qlt_current_sbf
1160/2642 Test #2613: test_repl-limit_effect-specsizewarn_fires ....................................................................................   Passed    0.10 sec
          Start  791: test_repl-sat_cmd-issue144_unsat_sometimes_atom
1161/2642 Test  #841: test_repl-sat_cmd-warm_up_merged_always_valid_negation .......................................................................   Passed    0.07 sec
          Start 1734: test_repl-solver_cmd-hsb-solve-neq0_neq1
1162/2642 Test #2170: test_repl-substitution_cmd-into_normalize_result .............................................................................   Passed    0.06 sec
          Start 1204: test_repl-realizable_cmd-ltl_many_sorted-ms_0122_bv_hsb_tau_unreal_tau_contradiction
1163/2642 Test  #809: test_repl-sat_cmd-sometimes_output_reacts ....................................................................................   Passed    0.08 sec
          Start 1312: test_repl-realizable_cmd-ltl_many_sorted-ms_0230_6_type_past_reference_on_qlt_with_five_others
1164/2642 Test #2205: test_repl-substitution_cmd_groups_dup_within .................................................................................   Passed    0.06 sec
          Start 1423: test_repl-realizable_cmd-by_grammar-shape_c_05_g_a1_a2_a3
1165/2642 Test  #177: test_repl-help_qelim_command_cmd-full ........................................................................................   Passed    0.06 sec
          Start  826: test_repl-sat_cmd-warm_up_tautology_unsat
1166/2642 Test #1089: test_repl-realizable_cmd-ltl_many_sorted-ms_0007_qlt_sbf_past_reference_on_qlt_current_sbf ...................................   Passed    0.07 sec
          Start 1682: test_repl-realizable_cmd-abstraction_without_strategy_sat_sometimes_spelling
1167/2642 Test  #791: test_repl-sat_cmd-issue144_unsat_sometimes_atom ..............................................................................   Passed    0.07 sec
          Start  203: test_repl-help_sat_cmd
1168/2642 Test #1734: test_repl-solver_cmd-hsb-solve-neq0_neq1 .....................................................................................   Passed    0.07 sec
          Start 2137: test_repl-instantiation_cmd_wff6
1169/2642 Test #1204: test_repl-realizable_cmd-ltl_many_sorted-ms_0122_bv_hsb_tau_unreal_tau_contradiction .........................................   Passed    0.07 sec
          Start  783: test_repl-sat_cmd-issue144_sometimes_tautology
1170/2642 Test  #826: test_repl-sat_cmd-warm_up_tautology_unsat ....................................................................................   Passed    0.08 sec
          Start 2034: test_repl-run_cmd-ltl_aba_execution-g1_02_g_o_eq1_4steps
1171/2642 Test #1312: test_repl-realizable_cmd-ltl_many_sorted-ms_0230_6_type_past_reference_on_qlt_with_five_others ...............................   Passed    0.09 sec
          Start 1284: test_repl-realizable_cmd-ltl_many_sorted-ms_0202_qlt_bv_sbf_hsb_tau_implication_chain
1172/2642 Test  #203: test_repl-help_sat_cmd .......................................................................................................   Passed    0.07 sec
          Start  217: test_repl-help_toggle_cmd
1173/2642 Test #1423: test_repl-realizable_cmd-by_grammar-shape_c_05_g_a1_a2_a3 ....................................................................   Passed    0.10 sec
          Start  654: test_repl-option_alias-bv_blastdepth
1174/2642 Test #1682: test_repl-realizable_cmd-abstraction_without_strategy_sat_sometimes_spelling .................................................   Passed    0.09 sec
          Start  367: test_repl-set_cmd-bvwidening_off_again
1175/2642 Test #2137: test_repl-instantiation_cmd_wff6 .............................................................................................   Passed    0.07 sec
          Start  691: test_repl-valid_cmd-bv-cvc5-typed_plus_one_lt_neg
1176/2642 Test  #783: test_repl-sat_cmd-issue144_sometimes_tautology ...............................................................................   Passed    0.06 sec
          Start  187: test_repl-help_shortened-mnf_cmd
1177/2642 Test  #654: test_repl-option_alias-bv_blastdepth .........................................................................................   Passed    0.06 sec
          Start 1752: test_repl-solver_cmd-qint-solve-neq0_neq1-min
1178/2642 Test  #217: test_repl-help_toggle_cmd ....................................................................................................   Passed    0.06 sec
          Start 2317: test_repl-definitions-head_var_as_ref_arg
1179/2642 Test #1284: test_repl-realizable_cmd-ltl_many_sorted-ms_0202_qlt_bv_sbf_hsb_tau_implication_chain ........................................   Passed    0.09 sec
          Start  235: test_repl-get_cmd-fixpointsteps_zero_is_unlimited
1180/2642 Test #2034: test_repl-run_cmd-ltl_aba_execution-g1_02_g_o_eq1_4steps .....................................................................   Passed    0.09 sec
          Start 2607: test_repl-limit_effect-fixpointsteps_memo_dropped_on_change
1181/2642 Test  #367: test_repl-set_cmd-bvwidening_off_again .......................................................................................   Passed    0.08 sec
          Start  542: test_repl-ltl_env-cover_products_env_is_the_fallback
1182/2642 Test  #691: test_repl-valid_cmd-bv-cvc5-typed_plus_one_lt_neg ............................................................................   Passed    0.07 sec
          Start  840: test_repl-sat_cmd-warm_up_tautology_valid_not_implied
1183/2642 Test  #187: test_repl-help_shortened-mnf_cmd .............................................................................................   Passed    0.07 sec
          Start  379: test_repl-ba_options-defelim_flag_off
1184/2642 Test #1752: test_repl-solver_cmd-qint-solve-neq0_neq1-min ................................................................................   Passed    0.07 sec
          Start 1220: test_repl-realizable_cmd-ltl_many_sorted-ms_0138_qlt_bv_sbf_hsb_past_reference_on_qlt
1185/2642 Test #2317: test_repl-definitions-head_var_as_ref_arg ....................................................................................   Passed    0.08 sec
          Start 1040: test_repl-realizable_cmd-mixed-hsb_contradiction_with_bv_unsat
1186/2642 Test  #235: test_repl-get_cmd-fixpointsteps_zero_is_unlimited ............................................................................   Passed    0.07 sec
          Start  272: test_repl-get_cmd-bv-max-width
1187/2642 Test  #542: test_repl-ltl_env-cover_products_env_is_the_fallback .........................................................................   Passed    0.07 sec
          Start 1305: test_repl-realizable_cmd-ltl_many_sorted-ms_0223_6_type_unreal_qlt_contradiction
1188/2642 Test  #840: test_repl-sat_cmd-warm_up_tautology_valid_not_implied ........................................................................   Passed    0.07 sec
          Start  539: test_repl-ltl_env-consistency_subsets_env_is_the_fallback
1189/2642 Test #2607: test_repl-limit_effect-fixpointsteps_memo_dropped_on_change ..................................................................   Passed    0.10 sec
          Start 1295: test_repl-realizable_cmd-ltl_many_sorted-ms_0213_qlt_bv_hsb_qint_tau_unreal_bv_contradiction
1190/2642 Test  #379: test_repl-ba_options-defelim_flag_off ........................................................................................   Passed    0.10 sec
          Start  704: test_repl-valid_cmd-hooks_wff_conditional-02_t_cond_x_y_eq_x
1191/2642 Test #1220: test_repl-realizable_cmd-ltl_many_sorted-ms_0138_qlt_bv_sbf_hsb_past_reference_on_qlt ........................................   Passed    0.09 sec
          Start  363: test_repl-set_cmd-bv_case_split_max_tests_zero_unlimited
1192/2642 Test  #272: test_repl-get_cmd-bv-max-width ...............................................................................................   Passed    0.07 sec
          Start  774: test_repl-sat_cmd-issue137_bare_unsat_fast
1193/2642 Test #1040: test_repl-realizable_cmd-mixed-hsb_contradiction_with_bv_unsat ...............................................................   Passed    0.09 sec
          Start 2000: test_repl-run_cmd-ltl_correctness-adv_bv_01_g_b10110101
1194/2642 Test  #539: test_repl-ltl_env-consistency_subsets_env_is_the_fallback ....................................................................   Passed    0.07 sec
          Start 2072: test_repl-run_cmd-ltl_aba_execution-g8_05_sbf_union_top_5steps
1195/2642 Test #1305: test_repl-realizable_cmd-ltl_many_sorted-ms_0223_6_type_unreal_qlt_contradiction .............................................   Passed    0.10 sec
          Start  456: test_repl-ltl_decisions-normalize_until_false_target
1196/2642 Test  #704: test_repl-valid_cmd-hooks_wff_conditional-02_t_cond_x_y_eq_x .................................................................   Passed    0.06 sec
          Start  699: test_repl-valid_cmd-hooks_wff_equiv-01_f_equiv_x_eq_negx
1197/2642 Test  #363: test_repl-set_cmd-bv_case_split_max_tests_zero_unlimited .....................................................................   Passed    0.07 sec
          Start 1267: test_repl-realizable_cmd-ltl_many_sorted-ms_0185_qlt_hsb_qint_tau_unreal_qlt_contradiction
1198/2642 Test #1295: test_repl-realizable_cmd-ltl_many_sorted-ms_0213_qlt_bv_hsb_qint_tau_unreal_bv_contradiction .................................   Passed    0.11 sec
          Start  541: test_repl-ltl_env-consistency_subsets_flag_rejects_garbage
1199/2642 Test  #774: test_repl-sat_cmd-issue137_bare_unsat_fast ...................................................................................   Passed    0.07 sec
          Start  296: test_repl-set_cmd-ltlalg_auto
1200/2642 Test #2000: test_repl-run_cmd-ltl_correctness-adv_bv_01_g_b10110101 ......................................................................   Passed    0.08 sec
          Start 2358: test_repl-adt-cross_line_run_crossed_members
1201/2642 Test  #699: test_repl-valid_cmd-hooks_wff_equiv-01_f_equiv_x_eq_negx .....................................................................   Passed    0.05 sec
          Start  856: test_repl-word_synonym-identifier_prefix_weak_until
1202/2642 Test  #456: test_repl-ltl_decisions-normalize_until_false_target .........................................................................   Passed    0.07 sec
          Start  597: test_repl-disable_cmd-colors
1203/2642 Test #2072: test_repl-run_cmd-ltl_aba_execution-g8_05_sbf_union_top_5steps ...............................................................   Passed    0.09 sec
          Start 1308: test_repl-realizable_cmd-ltl_many_sorted-ms_0226_6_type_unreal_tau_contradiction
1204/2642 Test  #541: test_repl-ltl_env-consistency_subsets_flag_rejects_garbage ...................................................................   Passed    0.06 sec
          Start 1735: test_repl-solver_cmd-hsb-solve-neq0_neq1-min
1205/2642 Test #1267: test_repl-realizable_cmd-ltl_many_sorted-ms_0185_qlt_hsb_qint_tau_unreal_qlt_contradiction ...................................   Passed    0.08 sec
          Start  426: test_repl-ctl_star-run_A_always_executes
1206/2642 Test  #296: test_repl-set_cmd-ltlalg_auto ................................................................................................   Passed    0.08 sec
          Start  827: test_repl-sat_cmd-warm_up_tautology_complement
1207/2642 Test  #856: test_repl-word_synonym-identifier_prefix_weak_until ..........................................................................   Passed    0.06 sec
          Start  176: test_repl-help_shortened_normalize_cmd
1208/2642 Test  #597: test_repl-disable_cmd-colors .................................................................................................   Passed    0.06 sec
          Start 1275: test_repl-realizable_cmd-ltl_many_sorted-ms_0193_qlt_bv_sbf_hsb_qint_unreal_qlt_contradiction
1209/2642 Test #2358: test_repl-adt-cross_line_run_crossed_members .................................................................................   Passed    0.09 sec
          Start 1717: test_repl-unrealizable_cmd-bv-cvc5-positive
1210/2642 Test #1735: test_repl-solver_cmd-hsb-solve-neq0_neq1-min .................................................................................   Passed    0.07 sec
          Start 1860: test_repl-lgrs_cmd-sbf_zero
1211/2642 Test  #426: test_repl-ctl_star-run_A_always_executes .....................................................................................   Passed    0.06 sec
          Start  311: test_repl-get_cmd-ltlrefinementrounds
1212/2642 Test #1308: test_repl-realizable_cmd-ltl_many_sorted-ms_0226_6_type_unreal_tau_contradiction .............................................   Passed    0.10 sec
          Start 2167: test_repl-substitution_cmd_wff14
1213/2642 Test  #176: test_repl-help_shortened_normalize_cmd .......................................................................................   Passed    0.06 sec
          Start 1318: test_repl-realizable_cmd-ltl_many_sorted-ms_0236_6_type_negation_on_bv_with_five_other_types
1214/2642 Test  #827: test_repl-sat_cmd-warm_up_tautology_complement ...............................................................................   Passed    0.08 sec
          Start  460: test_repl-ltl_decisions-print_wraps_negated_until_operand
1215/2642 Test #1717: test_repl-unrealizable_cmd-bv-cvc5-positive ..................................................................................   Passed    0.05 sec
          Start  265: test_repl-get_cmd-maxcoverproducts_default_finite
1216/2642 Test #1860: test_repl-lgrs_cmd-sbf_zero ..................................................................................................   Passed    0.06 sec
          Start  369: test_repl-set_cmd-bvmaxwidth_zero_keeps_current
1217/2642 Test #1275: test_repl-realizable_cmd-ltl_many_sorted-ms_0193_qlt_bv_sbf_hsb_qint_unreal_qlt_contradiction ................................   Passed    0.09 sec
          Start  365: test_repl-set_cmd-gcgrowth_bad_value_rejected
1218/2642 Test  #311: test_repl-get_cmd-ltlrefinementrounds ........................................................................................   Passed    0.07 sec
          Start  711: test_repl-valid_cmd-issue132_bv1_term
1219/2642 Test #2167: test_repl-substitution_cmd_wff14 .............................................................................................   Passed    0.07 sec
          Start  591: test_repl-enable_cmd-colors
1220/2642 Test  #460: test_repl-ltl_decisions-print_wraps_negated_until_operand ....................................................................   Passed    0.06 sec
1221/2642 Test  #265: test_repl-get_cmd-maxcoverproducts_default_finite ............................................................................   Passed    0.05 sec
          Start  666: test_repl-option_alias-maxrevisionalts
          Start 2207: test_repl-substitution_cmd_groups_type
1222/2642 Test #1318: test_repl-realizable_cmd-ltl_many_sorted-ms_0236_6_type_negation_on_bv_with_five_other_types .................................   Passed    0.09 sec
          Start  242: test_repl-get_cmd-all_lists_flagsteps
1223/2642 Test  #365: test_repl-set_cmd-gcgrowth_bad_value_rejected ................................................................................   Passed    0.07 sec
          Start  490: test_repl-ltl_execution-qlt_points_safety_distinct_outputs
1224/2642 Test  #369: test_repl-set_cmd-bvmaxwidth_zero_keeps_current ..............................................................................   Passed    0.07 sec
          Start  527: test_repl-ltl_env-refinement_rounds_env_is_the_fallback
1225/2642 Test  #711: test_repl-valid_cmd-issue132_bv1_term ........................................................................................   Passed    0.07 sec
          Start  779: test_repl-sat_cmd-issue130_normalize
1226/2642 Test  #591: test_repl-enable_cmd-colors ..................................................................................................   Passed    0.06 sec
          Start  205: test_repl-help_unsat_cmd
1227/2642 Test  #666: test_repl-option_alias-maxrevisionalts .......................................................................................   Passed    0.07 sec
          Start 1709: test_repl-unrealizable_cmd-disjunction
1228/2642 Test #2207: test_repl-substitution_cmd_groups_type .......................................................................................   Passed    0.07 sec
          Start  571: test_repl-hsb_literal-noncanonical_open
1229/2642 Test  #242: test_repl-get_cmd-all_lists_flagsteps ........................................................................................   Passed    0.06 sec
          Start  266: test_repl-get_cmd-maxcoverproducts_zero_is_unlimited
1230/2642 Test  #527: test_repl-ltl_env-refinement_rounds_env_is_the_fallback ......................................................................   Passed    0.06 sec
          Start  664: test_repl-option_alias-maxrewriterounds
1231/2642 Test  #779: test_repl-sat_cmd-issue130_normalize .........................................................................................   Passed    0.06 sec
          Start  616: test_repl-evalspec-declined
1232/2642 Test  #490: test_repl-ltl_execution-qlt_points_safety_distinct_outputs ...................................................................   Passed    0.07 sec
          Start  190: test_repl-help_onf_cmd
1233/2642 Test  #205: test_repl-help_unsat_cmd .....................................................................................................   Passed    0.06 sec
          Start  752: test_repl-sat_cmd-tc-not_g_or_g_sat_negation_of_sat_disjunction
1234/2642 Test #1709: test_repl-unrealizable_cmd-disjunction .......................................................................................   Passed    0.06 sec
          Start  817: test_repl-sat_cmd-sometimes_input_constant_avoids
1235/2642 Test  #571: test_repl-hsb_literal-noncanonical_open ......................................................................................   Passed    0.05 sec
          Start  746: test_repl-sat_cmd-tc-g_and_g_shared_variable_consistent_sat
1236/2642 Test  #266: test_repl-get_cmd-maxcoverproducts_zero_is_unlimited .........................................................................   Passed    0.06 sec
          Start 2103: test_repl-run_cmd-two_input_streams-next_step
1237/2642 Test  #664: test_repl-option_alias-maxrewriterounds ......................................................................................   Passed    0.06 sec
          Start  584: test_repl-ba_qint-sat
1238/2642 Test  #190: test_repl-help_onf_cmd .......................................................................................................   Passed    0.06 sec
          Start  975: test_repl-realizable_cmd-hsb-always_top_conflicts_sometimes_bot_unsat
1239/2642 Test  #817: test_repl-sat_cmd-sometimes_input_constant_avoids ............................................................................   Passed    0.06 sec
          Start  550: test_repl-ltl_env-nlang_http_timeout_flag_beats_env
1240/2642 Test  #752: test_repl-sat_cmd-tc-not_g_or_g_sat_negation_of_sat_disjunction ..............................................................   Passed    0.07 sec
          Start  358: test_repl-set_cmd-maxsplits_zero_unlimited
1241/2642 Test  #746: test_repl-sat_cmd-tc-g_and_g_shared_variable_consistent_sat ..................................................................   Passed    0.06 sec
          Start  816: test_repl-sat_cmd-sometimes_input_dependent_step2
1242/2642 Test  #616: test_repl-evalspec-declined ..................................................................................................   Passed    0.08 sec
          Start  974: test_repl-realizable_cmd-hsb-always_top_and_sometimes_top_sat
1243/2642 Test  #584: test_repl-ba_qint-sat ........................................................................................................   Passed    0.06 sec
          Start 1301: test_repl-realizable_cmd-ltl_many_sorted-ms_0219_bv_sbf_hsb_qint_tau_g_safety_five_types
1244/2642 Test #2103: test_repl-run_cmd-two_input_streams-next_step ................................................................................   Passed    0.09 sec
          Start 1146: test_repl-realizable_cmd-ltl_many_sorted-ms_0064_qlt_bv_hsb_past_reference_on_qlt_g_on_bv_hsb
1245/2642 Test  #975: test_repl-realizable_cmd-hsb-always_top_conflicts_sometimes_bot_unsat ........................................................   Passed    0.06 sec
          Start  773: test_repl-sat_cmd-issue137_bare_input_geq
1246/2642 Test  #550: test_repl-ltl_env-nlang_http_timeout_flag_beats_env ..........................................................................   Passed    0.06 sec
          Start  611: test_repl-evalspec-junk
1247/2642 Test  #358: test_repl-set_cmd-maxsplits_zero_unlimited ...................................................................................   Passed    0.07 sec
          Start 1019: test_repl-realizable_cmd-mixed-qlt_and_bv_4_always_sat
1248/2642 Test  #974: test_repl-realizable_cmd-hsb-always_top_and_sometimes_top_sat ................................................................   Passed    0.06 sec
          Start 1880: test_repl-normalize_cmd-by_grammar-shape_i_03_f_f_f_fex_x_o1_and_x_eq_o1
1249/2642 Test  #816: test_repl-sat_cmd-sometimes_input_dependent_step2 ............................................................................   Passed    0.08 sec
          Start  867: test_repl-temporal_ops-sat_always
1250/2642 Test #1301: test_repl-realizable_cmd-ltl_many_sorted-ms_0219_bv_sbf_hsb_qint_tau_g_safety_five_types .....................................   Passed    0.07 sec
          Start  859: test_repl-temporal_ops-always_G_brackets_same_formula
1251/2642 Test  #773: test_repl-sat_cmd-issue137_bare_input_geq ....................................................................................   Passed    0.07 sec
          Start  722: test_repl-valid_cmd-issue144_sometimes_input_or_output
1252/2642 Test #1146: test_repl-realizable_cmd-ltl_many_sorted-ms_0064_qlt_bv_hsb_past_reference_on_qlt_g_on_bv_hsb ................................   Passed    0.08 sec
          Start 2316: test_repl-definitions-bound_var_as_fn_ref_arg
1253/2642 Test  #611: test_repl-evalspec-junk ......................................................................................................   Passed    0.07 sec
          Start  737: test_repl-sat_cmd-mem_last
1254/2642 Test #1019: test_repl-realizable_cmd-mixed-qlt_and_bv_4_always_sat .......................................................................   Passed    0.07 sec
          Start  525: test_repl-ltl_env-hoa_max_states_flag_rejects_garbage
1255/2642 Test  #867: test_repl-temporal_ops-sat_always ............................................................................................   Passed    0.06 sec
          Start 1148: test_repl-realizable_cmd-ltl_many_sorted-ms_0066_qlt_bv_qint_g_safety_three_types
1256/2642 Test #1880: test_repl-normalize_cmd-by_grammar-shape_i_03_f_f_f_fex_x_o1_and_x_eq_o1 .....................................................   Passed    0.07 sec
          Start 1713: test_repl-unrealizable_cmd-mem_F
1257/2642 Test  #859: test_repl-temporal_ops-always_G_brackets_same_formula ........................................................................   Passed    0.06 sec
          Start 1903: test_repl-normalize_cmd-quantifiers-ex_03_ex_x_ex_y_xy_eq_0
1258/2642 Test  #722: test_repl-valid_cmd-issue144_sometimes_input_or_output .......................................................................   Passed    0.06 sec
          Start  251: test_repl-get_cmd-all_lists_specsizewarn
1259/2642 Test #2316: test_repl-definitions-bound_var_as_fn_ref_arg ................................................................................   Passed    0.06 sec
          Start  652: test_repl-option_alias-maxfixpointsteps
1260/2642 Test  #737: test_repl-sat_cmd-mem_last ...................................................................................................   Passed    0.06 sec
          Start 2165: test_repl-substitution_cmd_wff12
1261/2642 Test  #525: test_repl-ltl_env-hoa_max_states_flag_rejects_garbage ........................................................................   Passed    0.06 sec
          Start  232: test_repl-get_cmd-lists_limits
1262/2642 Test #1713: test_repl-unrealizable_cmd-mem_F .............................................................................................   Passed    0.06 sec
          Start 1243: test_repl-realizable_cmd-ltl_many_sorted-ms_0161_qlt_bv_hsb_qint_past_reference
1263/2642 Test #1148: test_repl-realizable_cmd-ltl_many_sorted-ms_0066_qlt_bv_qint_g_safety_three_types ............................................   Passed    0.07 sec
          Start  553: test_repl-tref_budget_flag_beats_env
1264/2642 Test #1903: test_repl-normalize_cmd-quantifiers-ex_03_ex_x_ex_y_xy_eq_0 ..................................................................   Passed    0.06 sec
          Start  554: test_repl-tref_budget_refuses_when_exhausted
1265/2642 Test  #652: test_repl-option_alias-maxfixpointsteps ......................................................................................   Passed    0.06 sec
          Start  374: test_repl-set_cmd-ba_option_change_drops_normalizer_cache
1266/2642 Test  #251: test_repl-get_cmd-all_lists_specsizewarn .....................................................................................   Passed    0.06 sec
          Start 2324: test_repl-definitions-rec_bound_var_quantified_query
1267/2642 Test #2165: test_repl-substitution_cmd_wff12 .............................................................................................   Passed    0.06 sec
          Start 1026: test_repl-realizable_cmd-mixed-qlt_hsb_and_bv_4_qlt_contradiction_unsat
1268/2642 Test  #232: test_repl-get_cmd-lists_limits ...............................................................................................   Passed    0.06 sec
          Start  703: test_repl-valid_cmd-hooks_wff_conditional-01_f_cond_x_y_eq_y
1269/2642 Test  #553: test_repl-tref_budget_flag_beats_env .........................................................................................   Passed    0.06 sec
          Start 2105: test_repl-run_cmd-continue_or_quit_prompt
1270/2642 Test #1243: test_repl-realizable_cmd-ltl_many_sorted-ms_0161_qlt_bv_hsb_qint_past_reference ..............................................   Passed    0.07 sec
          Start  790: test_repl-sat_cmd-issue144_sometimes_lookback
1271/2642 Test  #554: test_repl-tref_budget_refuses_when_exhausted .................................................................................   Passed    0.07 sec
          Start  273: test_repl-get_cmd-severity
1272/2642 Test #2324: test_repl-definitions-rec_bound_var_quantified_query .........................................................................   Passed    0.06 sec
          Start 1231: test_repl-realizable_cmd-ltl_many_sorted-ms_0149_qlt_bv_sbf_tau_g_safety_four_types
1273/2642 Test  #374: test_repl-set_cmd-ba_option_change_drops_normalizer_cache ....................................................................   Passed    0.07 sec
          Start  708: test_repl-valid_cmd-hooks_wff_lt_lteq-01_lt_expansion
1274/2642 Test  #703: test_repl-valid_cmd-hooks_wff_conditional-01_f_cond_x_y_eq_y .................................................................   Passed    0.07 sec
          Start 2101: test_repl-run_cmd-two_input_streams
1275/2642 Test  #790: test_repl-sat_cmd-issue144_sometimes_lookback ................................................................................   Passed    0.06 sec
          Start  200: test_repl-help_solve_cmd
1276/2642 Test #1026: test_repl-realizable_cmd-mixed-qlt_hsb_and_bv_4_qlt_contradiction_unsat ......................................................   Passed    0.09 sec
          Start  767: test_repl-sat_cmd-issue137_always_increase
1277/2642 Test #2105: test_repl-run_cmd-continue_or_quit_prompt ....................................................................................   Passed    0.08 sec
          Start  233: test_repl-get_cmd-fixpointsteps_default_finite
1278/2642 Test  #708: test_repl-valid_cmd-hooks_wff_lt_lteq-01_lt_expansion ........................................................................   Passed    0.06 sec
          Start 1747: test_repl-solver_cmd-qint-solve_system-relational
1279/2642 Test  #273: test_repl-get_cmd-severity ...................................................................................................   Passed    0.07 sec
          Start  613: test_repl-evalspec-over_budget
1280/2642 Test  #200: test_repl-help_solve_cmd .....................................................................................................   Passed    0.05 sec
          Start  802: test_repl-sat_cmd-sometimes_input_atom
1281/2642 Test #1231: test_repl-realizable_cmd-ltl_many_sorted-ms_0149_qlt_bv_sbf_tau_g_safety_four_types ..........................................   Passed    0.08 sec
          Start 2069: test_repl-run_cmd-ltl_aba_execution-g8_02_sbf_mirror_4steps
1282/2642 Test #2101: test_repl-run_cmd-two_input_streams ..........................................................................................   Passed    0.08 sec
          Start  268: test_repl-get_cmd-specsizewarn_off_roundtrip
1283/2642 Test  #767: test_repl-sat_cmd-issue137_always_increase ...................................................................................   Passed    0.06 sec
          Start  669: test_repl-option_alias-maxconsistencysubsets
1284/2642 Test  #233: test_repl-get_cmd-fixpointsteps_default_finite ...............................................................................   Passed    0.06 sec
          Start  770: test_repl-sat_cmd-issue137_bare_input_lookback
1285/2642 Test #1747: test_repl-solver_cmd-qint-solve_system-relational ............................................................................   Passed    0.06 sec
          Start  634: test_repl-option_alias-indent
1286/2642 Test  #802: test_repl-sat_cmd-sometimes_input_atom .......................................................................................   Passed    0.06 sec
          Start 2298: test_repl-def_print_cmd-0
1287/2642 Test  #613: test_repl-evalspec-over_budget ...............................................................................................   Passed    0.08 sec
          Start 1123: test_repl-realizable_cmd-ltl_many_sorted-ms_0041_hsb_tau_g_conjunction
1288/2642 Test  #669: test_repl-option_alias-maxconsistencysubsets .................................................................................   Passed    0.06 sec
          Start 2047: test_repl-run_cmd-ltl_aba_execution-g3_05_const_pair_5steps
1289/2642 Test  #770: test_repl-sat_cmd-issue137_bare_input_lookback ...............................................................................   Passed    0.07 sec
          Start  583: test_repl-ba_qlt-interval_print
1290/2642 Test #2069: test_repl-run_cmd-ltl_aba_execution-g8_02_sbf_mirror_4steps ..................................................................   Passed    0.09 sec
          Start 2087: test_repl-run_cmd-ltl_aba_execution-g11_05_bv_g_dec255_7steps
1291/2642 Test  #268: test_repl-get_cmd-specsizewarn_off_roundtrip .................................................................................   Passed    0.08 sec
          Start  696: test_repl-valid_cmd-hooks_wff_rimply-01_x_rimply_y_eq_y_imply_x
1292/2642 Test  #634: test_repl-option_alias-indent ................................................................................................   Passed    0.06 sec
          Start 2036: test_repl-run_cmd-ltl_aba_execution-g1_04_g_o_eq1_8steps
1293/2642 Test #2298: test_repl-def_print_cmd-0 ....................................................................................................   Passed    0.07 sec
          Start 1028: test_repl-realizable_cmd-mixed-sbf_contradiction_with_tau_unsat
1294/2642 Test #1123: test_repl-realizable_cmd-ltl_many_sorted-ms_0041_hsb_tau_g_conjunction .......................................................   Passed    0.07 sec
          Start  912: test_repl-temporal_ops-whatis_A_is_wff
1295/2642 Test  #583: test_repl-ba_qlt-interval_print ..............................................................................................   Passed    0.06 sec
          Start 1079: test_repl-realizable_cmd-ltl_soundness_regression-three_sbf_atoms_in_g_all_mutually_consistent
1296/2642 Test  #696: test_repl-valid_cmd-hooks_wff_rimply-01_x_rimply_y_eq_y_imply_x ..............................................................   Passed    0.06 sec
          Start 1226: test_repl-realizable_cmd-ltl_many_sorted-ms_0144_qlt_bv_sbf_qint_implication_chain
1297/2642 Test #2047: test_repl-run_cmd-ltl_aba_execution-g3_05_const_pair_5steps ..................................................................   Passed    0.09 sec
          Start  191: test_repl-help_shortened-history_cmd
1298/2642 Test #2087: test_repl-run_cmd-ltl_aba_execution-g11_05_bv_g_dec255_7steps ................................................................   Passed    0.08 sec
          Start  178: test_repl-help_shortened_qelim_cmd
1299/2642 Test #2036: test_repl-run_cmd-ltl_aba_execution-g1_04_g_o_eq1_8steps .....................................................................   Passed    0.08 sec
          Start 1121: test_repl-realizable_cmd-ltl_many_sorted-ms_0039_hsb_qint_g_conjunction
1300/2642 Test  #912: test_repl-temporal_ops-whatis_A_is_wff .......................................................................................   Passed    0.06 sec
          Start  807: test_repl-sat_cmd-sometimes_output_copies_input
1301/2642 Test #1028: test_repl-realizable_cmd-mixed-sbf_contradiction_with_tau_unsat ..............................................................   Passed    0.08 sec
          Start 2086: test_repl-run_cmd-ltl_aba_execution-g11_04_bv_g_dec5_5steps
1302/2642 Test  #191: test_repl-help_shortened-history_cmd .........................................................................................   Passed    0.06 sec
          Start  734: test_repl-sat_cmd-rr_pred
1303/2642 Test #1226: test_repl-realizable_cmd-ltl_many_sorted-ms_0144_qlt_bv_sbf_qint_implication_chain ...........................................   Passed    0.09 sec
          Start  825: test_repl-sat_cmd-warm_up_tautology
1304/2642 Test  #178: test_repl-help_shortened_qelim_cmd ...........................................................................................   Passed    0.07 sec
          Start  803: test_repl-sat_cmd-sometimes_input_atom_unsat
1305/2642 Test #1079: test_repl-realizable_cmd-ltl_soundness_regression-three_sbf_atoms_in_g_all_mutually_consistent ...............................   Passed    0.10 sec
          Start 1170: test_repl-realizable_cmd-ltl_many_sorted-ms_0088_qlt_sbf_qint_implication_from_qlt_to_sbf
1306/2642 Test #1121: test_repl-realizable_cmd-ltl_many_sorted-ms_0039_hsb_qint_g_conjunction ......................................................   Passed    0.08 sec
          Start 2135: test_repl-instantiation_cmd_wff4
1307/2642 Test #2086: test_repl-run_cmd-ltl_aba_execution-g11_04_bv_g_dec5_5steps ..................................................................   Passed    0.07 sec
1308/2642 Test  #807: test_repl-sat_cmd-sometimes_output_copies_input ..............................................................................   Passed    0.08 sec
          Start 1135: test_repl-realizable_cmd-ltl_many_sorted-ms_0053_qlt_bv_sbf_unreal_qlt_forces_bv_contradiction
          Start 1154: test_repl-realizable_cmd-ltl_many_sorted-ms_0072_qlt_bv_tau_g_safety_three_types
1309/2642 Test  #734: test_repl-sat_cmd-rr_pred ....................................................................................................   Passed    0.07 sec
          Start 1878: test_repl-normalize_cmd-by_grammar-shape_i_01_f_f_f_fall_x_o1_and_x_eq_0
1310/2642 Test  #825: test_repl-sat_cmd-warm_up_tautology ..........................................................................................   Passed    0.08 sec
          Start  749: test_repl-sat_cmd-tc-g_or_g_same_variable_exclusive_choice_sat
1311/2642 Test  #803: test_repl-sat_cmd-sometimes_input_atom_unsat .................................................................................   Passed    0.08 sec
          Start 1215: test_repl-realizable_cmd-ltl_many_sorted-ms_0133_qlt_bv_sbf_hsb_unreal_qlt_contradiction
1312/2642 Test #1170: test_repl-realizable_cmd-ltl_many_sorted-ms_0088_qlt_sbf_qint_implication_from_qlt_to_sbf ....................................   Passed    0.08 sec
          Start 1126: test_repl-realizable_cmd-ltl_many_sorted-ms_0044_qint_tau_g_conjunction
1313/2642 Test #2135: test_repl-instantiation_cmd_wff4 .............................................................................................   Passed    0.08 sec
          Start  468: test_repl-ltl_decisions-issue131_bv_formula_control
1314/2642 Test #1135: test_repl-realizable_cmd-ltl_many_sorted-ms_0053_qlt_bv_sbf_unreal_qlt_forces_bv_contradiction ...............................   Passed    0.08 sec
          Start 1213: test_repl-realizable_cmd-ltl_many_sorted-ms_0131_qlt_bv_sbf_hsb_g_safety_four_outputs
1315/2642 Test #1154: test_repl-realizable_cmd-ltl_many_sorted-ms_0072_qlt_bv_tau_g_safety_three_types .............................................   Passed    0.09 sec
          Start  738: test_repl-sat_cmd-mem_F
1316/2642 Test #1878: test_repl-normalize_cmd-by_grammar-shape_i_01_f_f_f_fall_x_o1_and_x_eq_0 .....................................................   Passed    0.08 sec
          Start  753: test_repl-sat_cmd-tc-g_implies_g_implication_sat
1317/2642 Test  #749: test_repl-sat_cmd-tc-g_or_g_same_variable_exclusive_choice_sat ...............................................................   Passed    0.08 sec
          Start 1286: test_repl-realizable_cmd-ltl_many_sorted-ms_0204_qlt_bv_sbf_hsb_tau_input_output
1318/2642 Test #1126: test_repl-realizable_cmd-ltl_many_sorted-ms_0044_qint_tau_g_conjunction ......................................................   Passed    0.08 sec
          Start 1705: test_repl-unrealizable_cmd-contradiction
1319/2642 Test #1215: test_repl-realizable_cmd-ltl_many_sorted-ms_0133_qlt_bv_sbf_hsb_unreal_qlt_contradiction .....................................   Passed    0.09 sec
          Start  659: test_repl-option_alias-maxprobesteps
1320/2642 Test  #468: test_repl-ltl_decisions-issue131_bv_formula_control ..........................................................................   Passed    0.07 sec
          Start 1883: test_repl-normalize_cmd-by_grammar-shape_i_06_g_f_fall_x_o1_and_x_eq_0
1321/2642 Test  #738: test_repl-sat_cmd-mem_F ......................................................................................................   Passed    0.06 sec
          Start 1200: test_repl-realizable_cmd-ltl_many_sorted-ms_0118_bv_hsb_qint_g_safety_three_types
1322/2642 Test #1213: test_repl-realizable_cmd-ltl_many_sorted-ms_0131_qlt_bv_sbf_hsb_g_safety_four_outputs ........................................   Passed    0.08 sec
          Start 2163: test_repl-substitution_cmd_wff10
1323/2642 Test  #753: test_repl-sat_cmd-tc-g_implies_g_implication_sat .............................................................................   Passed    0.07 sec
          Start 1288: test_repl-realizable_cmd-ltl_many_sorted-ms_0206_qlt_bv_sbf_qint_tau_g_safety_five_types
1324/2642 Test  #659: test_repl-option_alias-maxprobesteps .........................................................................................   Passed    0.05 sec
          Start  204: test_repl-help_valid_cmd
1325/2642 Test #1705: test_repl-unrealizable_cmd-contradiction .....................................................................................   Passed    0.06 sec
          Start 1109: test_repl-realizable_cmd-ltl_many_sorted-ms_0027_bv_tau_unreal_bv_always_0_implies_tau_true_and_false
1326/2642 Test #1286: test_repl-realizable_cmd-ltl_many_sorted-ms_0204_qlt_bv_sbf_hsb_tau_input_output .............................................   Passed    0.08 sec
          Start 1756: test_repl-solver_cmd-qlt-find_solution-one_var
1327/2642 Test #1883: test_repl-normalize_cmd-by_grammar-shape_i_06_g_f_fall_x_o1_and_x_eq_0 .......................................................   Passed    0.06 sec
          Start 1197: test_repl-realizable_cmd-ltl_many_sorted-ms_0115_bv_sbf_tau_unreal_bv_never_0_but_f_requires_0
1328/2642 Test #2163: test_repl-substitution_cmd_wff10 .............................................................................................   Passed    0.06 sec
          Start 1740: test_repl-solver_cmd-qint-find_solution-two_vars
1329/2642 Test #1200: test_repl-realizable_cmd-ltl_many_sorted-ms_0118_bv_hsb_qint_g_safety_three_types ............................................   Passed    0.08 sec
          Start  771: test_repl-sat_cmd-issue137_bare_const_position
1330/2642 Test  #204: test_repl-help_valid_cmd .....................................................................................................   Passed    0.06 sec
          Start 2140: test_repl-instantiation_cmd_wff9
1331/2642 Test #1756: test_repl-solver_cmd-qlt-find_solution-one_var ...............................................................................   Passed    0.06 sec
          Start  322: test_repl-help_set_lists_ltldatagamemaxnodes
1332/2642 Test #1109: test_repl-realizable_cmd-ltl_many_sorted-ms_0027_bv_tau_unreal_bv_always_0_implies_tau_true_and_false ........................   Passed    0.08 sec
          Start  195: test_repl-help_set_lists_numeric_options
1333/2642 Test #1288: test_repl-realizable_cmd-ltl_many_sorted-ms_0206_qlt_bv_sbf_qint_tau_g_safety_five_types .....................................   Passed    0.10 sec
          Start 1272: test_repl-realizable_cmd-ltl_many_sorted-ms_0190_sbf_hsb_qint_tau_g_safety_four_types
1334/2642 Test #1740: test_repl-solver_cmd-qint-find_solution-two_vars .............................................................................   Passed    0.05 sec
          Start 1125: test_repl-realizable_cmd-ltl_many_sorted-ms_0043_hsb_tau_implication_from_hsb_to_tau
1335/2642 Test  #771: test_repl-sat_cmd-issue137_bare_const_position ...............................................................................   Passed    0.06 sec
          Start  667: test_repl-option_alias-blockmaxsplits
1336/2642 Test #1197: test_repl-realizable_cmd-ltl_many_sorted-ms_0115_bv_sbf_tau_unreal_bv_never_0_but_f_requires_0 ...............................   Passed    0.09 sec
          Start  670: test_repl-option_numeric-enable_refused
1337/2642 Test #2140: test_repl-instantiation_cmd_wff9 .............................................................................................   Passed    0.06 sec
          Start 1099: test_repl-realizable_cmd-ltl_many_sorted-ms_0017_bv_sbf_g_conjunction_both_constant
1338/2642 Test  #322: test_repl-help_set_lists_ltldatagamemaxnodes .................................................................................   Passed    0.06 sec
          Start 1269: test_repl-realizable_cmd-ltl_many_sorted-ms_0187_bv_sbf_hsb_qint_g_safety_four_types
1339/2642 Test  #195: test_repl-help_set_lists_numeric_options .....................................................................................   Passed    0.07 sec
          Start  461: test_repl-ltl_decisions-print_wraps_nested_until
1340/2642 Test  #667: test_repl-option_alias-blockmaxsplits ........................................................................................   Passed    0.05 sec
          Start  291: test_repl-set_cmd-ltltimeout
1341/2642 Test  #670: test_repl-option_numeric-enable_refused ......................................................................................   Passed    0.06 sec
          Start 1307: test_repl-realizable_cmd-ltl_many_sorted-ms_0225_6_type_unreal_sbf_contradiction
1342/2642 Test #1272: test_repl-realizable_cmd-ltl_many_sorted-ms_0190_sbf_hsb_qint_tau_g_safety_four_types ........................................   Passed    0.09 sec
          Start 1074: test_repl-realizable_cmd-ltl_multi_type_oracle-mt_04_g_qlt_g_sbf_g_bv_all_real_real
1343/2642 Test #1125: test_repl-realizable_cmd-ltl_many_sorted-ms_0043_hsb_tau_implication_from_hsb_to_tau .........................................   Passed    0.09 sec
          Start 1827: test_repl-solver_cmd-sbf-solve-lucca_interpreter-min
1344/2642 Test #1099: test_repl-realizable_cmd-ltl_many_sorted-ms_0017_bv_sbf_g_conjunction_both_constant ..........................................   Passed    0.07 sec
          Start 2349: test_repl-adt-run
1345/2642 Test #1269: test_repl-realizable_cmd-ltl_many_sorted-ms_0187_bv_sbf_hsb_qint_g_safety_four_types .........................................   Passed    0.07 sec
          Start 1427: test_repl-realizable_cmd-by_grammar-shape_c_09_g_a1_a2_a3
1346/2642 Test  #291: test_repl-set_cmd-ltltimeout .................................................................................................   Passed    0.05 sec
          Start  968: test_repl-realizable_cmd-sbf-always_zero_and_sometimes_zero_sat
1347/2642 Test  #461: test_repl-ltl_decisions-print_wraps_nested_until .............................................................................   Passed    0.08 sec
          Start  180: test_repl-help_shortened_normalize_cmd-shortened
1348/2642 Test #1827: test_repl-solver_cmd-sbf-solve-lucca_interpreter-min .........................................................................   Passed    0.07 sec
          Start  594: test_repl-enable_cmd-benchmarks
1349/2642 Test #1074: test_repl-realizable_cmd-ltl_multi_type_oracle-mt_04_g_qlt_g_sbf_g_bv_all_real_real ..........................................   Passed    0.08 sec
          Start  298: test_repl-get_cmd-ltlqemaxvars
1350/2642 Test #1427: test_repl-realizable_cmd-by_grammar-shape_c_09_g_a1_a2_a3 ....................................................................   Passed    0.07 sec
          Start 1594: test_repl-realizable_cmd-ltl_qlt_bv-qr_11_g_half_or_two_thirds
1351/2642 Test #1307: test_repl-realizable_cmd-ltl_many_sorted-ms_0225_6_type_unreal_sbf_contradiction .............................................   Passed    0.11 sec
          Start 1234: test_repl-realizable_cmd-ltl_many_sorted-ms_0152_qlt_bv_sbf_tau_implication_chain
1352/2642 Test #2349: test_repl-adt-run ............................................................................................................   Passed    0.09 sec
          Start 2169: test_repl-substitution_cmd-into_cnf_result
1353/2642 Test  #968: test_repl-realizable_cmd-sbf-always_zero_and_sometimes_zero_sat ..............................................................   Passed    0.08 sec
          Start 1223: test_repl-realizable_cmd-ltl_many_sorted-ms_0141_qlt_bv_sbf_qint_g_safety_four_types
1354/2642 Test  #180: test_repl-help_shortened_normalize_cmd-shortened .............................................................................   Passed    0.06 sec
          Start 2035: test_repl-run_cmd-ltl_aba_execution-g1_03_g_o_eq0_6steps
1355/2642 Test  #594: test_repl-enable_cmd-benchmarks ..............................................................................................   Passed    0.05 sec
          Start  560: test_repl-realizable_bv1-input_contradiction_under_F
1356/2642 Test  #298: test_repl-get_cmd-ltlqemaxvars ...............................................................................................   Passed    0.06 sec
          Start  582: test_repl-ba_qlt-unsat
1357/2642 Test #2169: test_repl-substitution_cmd-into_cnf_result ...................................................................................   Passed    0.05 sec
          Start 1207: test_repl-realizable_cmd-ltl_many_sorted-ms_0125_bv_qint_tau_unreal_bv_g_f_contradiction
1358/2642 Test #1234: test_repl-realizable_cmd-ltl_many_sorted-ms_0152_qlt_bv_sbf_tau_implication_chain ............................................   Passed    0.07 sec
          Start 1781: test_repl-solver_cmd-mixed-hsb_qint
1359/2642 Test #1594: test_repl-realizable_cmd-ltl_qlt_bv-qr_11_g_half_or_two_thirds ...............................................................   Passed    0.08 sec
          Start  227: test_repl-help_example_cmd
1360/2642 Test #2035: test_repl-run_cmd-ltl_aba_execution-g1_03_g_o_eq0_6steps .....................................................................   Passed    0.06 sec
          Start 2109: test_repl-run_cmd-bound_relative_offset_accepted
1361/2642 Test #1223: test_repl-realizable_cmd-ltl_many_sorted-ms_0141_qlt_bv_sbf_qint_g_safety_four_types .........................................   Passed    0.08 sec
          Start 1256: test_repl-realizable_cmd-ltl_many_sorted-ms_0174_qlt_sbf_hsb_qint_unreal_sbf_contradiction
1362/2642 Test  #560: test_repl-realizable_bv1-input_contradiction_under_F .........................................................................   Passed    0.07 sec
          Start 2138: test_repl-instantiation_cmd_wff7
1363/2642 Test  #582: test_repl-ba_qlt-unsat .......................................................................................................   Passed    0.07 sec
          Start  713: test_repl-valid_cmd-issue132_bv64_term
1364/2642 Test  #227: test_repl-help_example_cmd ...................................................................................................   Passed    0.05 sec
          Start  376: test_repl-ba_options-no_such_option
1365/2642 Test #1781: test_repl-solver_cmd-mixed-hsb_qint ..........................................................................................   Passed    0.07 sec
          Start 1263: test_repl-realizable_cmd-ltl_many_sorted-ms_0181_qlt_sbf_qint_tau_g_safety_four_types
1366/2642 Test #1207: test_repl-realizable_cmd-ltl_many_sorted-ms_0125_bv_qint_tau_unreal_bv_g_f_contradiction .....................................   Passed    0.08 sec
          Start 1934: test_repl-normalize_cmd-qlt_nested_xor_unsat
1367/2642 Test #2109: test_repl-run_cmd-bound_relative_offset_accepted .............................................................................   Passed    0.07 sec
          Start  644: test_repl-severity_value-error
1368/2642 Test #2138: test_repl-instantiation_cmd_wff7 .............................................................................................   Passed    0.06 sec
          Start  294: test_repl-set_cmd-ltlalg_b
1369/2642 Test #1256: test_repl-realizable_cmd-ltl_many_sorted-ms_0174_qlt_sbf_hsb_qint_unreal_sbf_contradiction ...................................   Passed    0.07 sec
1370/2642 Test  #713: test_repl-valid_cmd-issue132_bv64_term .......................................................................................   Passed    0.06 sec
          Start  649: test_repl-severity_value-i
          Start  648: test_repl-severity_value-trace
1371/2642 Test  #376: test_repl-ba_options-no_such_option ..........................................................................................   Passed    0.06 sec
          Start  651: test_repl-severity_value-invalid
1372/2642 Test  #644: test_repl-severity_value-error ...............................................................................................   Passed    0.06 sec
          Start 1877: test_repl-normalize_cmd-multiindex_fixed_point_call
1373/2642 Test #1263: test_repl-realizable_cmd-ltl_many_sorted-ms_0181_qlt_sbf_qint_tau_g_safety_four_types ........................................   Passed    0.07 sec
          Start 2351: test_repl-adt-run_prompt_hint
1374/2642 Test #1934: test_repl-normalize_cmd-qlt_nested_xor_unsat .................................................................................   Passed    0.07 sec
          Start 1023: test_repl-realizable_cmd-mixed-qint_interval_and_bool_always_sat
1375/2642 Test  #294: test_repl-set_cmd-ltlalg_b ...................................................................................................   Passed    0.06 sec
          Start 1056: test_repl-realizable_cmd-bv-cvc5-implicit_exists_unsat
1376/2642 Test  #648: test_repl-severity_value-trace ...............................................................................................   Passed    0.05 sec
          Start 1034: test_repl-realizable_cmd-mixed-sbf_contradiction_with_bv_unsat
1377/2642 Test  #649: test_repl-severity_value-i ...................................................................................................   Passed    0.06 sec
          Start  650: test_repl-severity_value-info
1378/2642 Test  #651: test_repl-severity_value-invalid .............................................................................................   Passed    0.06 sec
          Start 2188: test_repl-substitution_cmd_type_mismatch_bv_widths
1379/2642 Test #1877: test_repl-normalize_cmd-multiindex_fixed_point_call ..........................................................................   Passed    0.06 sec
          Start  548: test_repl-ltl_env-qlt_const_output_max_flag_beats_env
1380/2642 Test #1056: test_repl-realizable_cmd-bv-cvc5-implicit_exists_unsat .......................................................................   Passed    0.06 sec
          Start 2597: test_repl-cli-issue74_bv_accumulator_default_flags
1381/2642 Test  #650: test_repl-severity_value-info ................................................................................................   Passed    0.06 sec
          Start 1233: test_repl-realizable_cmd-ltl_many_sorted-ms_0151_qlt_bv_sbf_tau_unreal_tau_contradiction
1382/2642 Test #1023: test_repl-realizable_cmd-mixed-qint_interval_and_bool_always_sat .............................................................   Passed    0.08 sec
          Start 1156: test_repl-realizable_cmd-ltl_many_sorted-ms_0074_qlt_bv_tau_unreal_tau_forced_to_contradictory_values
1383/2642 Test #1034: test_repl-realizable_cmd-mixed-sbf_contradiction_with_bv_unsat ...............................................................   Passed    0.07 sec
          Start 2319: test_repl-definitions-rec_bound_var_step_1_true
1384/2642 Test #2351: test_repl-adt-run_prompt_hint ................................................................................................   Passed    0.08 sec
          Start  740: test_repl-sat_cmd-tc-g_a_and_g_b_disjoint_outputs_equivalent_form
1385/2642 Test #2188: test_repl-substitution_cmd_type_mismatch_bv_widths ...........................................................................   Passed    0.07 sec
          Start 2176: test_repl-substitution_cmd_multi_bf0
1386/2642 Test  #548: test_repl-ltl_env-qlt_const_output_max_flag_beats_env ........................................................................   Passed    0.07 sec
          Start 1828: test_repl-solver_cmd-sbf-solve-lucca_interpreter-max
1387/2642 Test #2319: test_repl-definitions-rec_bound_var_step_1_true ..............................................................................   Passed    0.06 sec
          Start 1834: test_repl-solver_cmd-sbf-solve-x_eq_a_y_eq_b-max
1388/2642 Test  #740: test_repl-sat_cmd-tc-g_a_and_g_b_disjoint_outputs_equivalent_form ............................................................   Passed    0.06 sec
          Start  855: test_repl-word_synonym-identifier_prefix_release
1389/2642 Test #1233: test_repl-realizable_cmd-ltl_many_sorted-ms_0151_qlt_bv_sbf_tau_unreal_tau_contradiction .....................................   Passed    0.08 sec
          Start 2206: test_repl-substitution_cmd_groups_stage_warn
1390/2642 Test #1156: test_repl-realizable_cmd-ltl_many_sorted-ms_0074_qlt_bv_tau_unreal_tau_forced_to_contradictory_values ........................   Passed    0.08 sec
          Start  514: test_repl-ltl_env-closed_regions_timeout_flag
1391/2642 Test #2597: test_repl-cli-issue74_bv_accumulator_default_flags ...........................................................................   Passed    0.10 sec
          Start  701: test_repl-valid_cmd-hooks_wff_equiv-03_x_equiv_f_eq_negx
1392/2642 Test #2176: test_repl-substitution_cmd_multi_bf0 .........................................................................................   Passed    0.07 sec
          Start  201: test_repl-help_s_solve_cmd
1393/2642 Test #1828: test_repl-solver_cmd-sbf-solve-lucca_interpreter-max .........................................................................   Passed    0.07 sec
          Start  551: test_repl-ltl_env-qlt_t3_cap_default_without_flag
1394/2642 Test #1834: test_repl-solver_cmd-sbf-solve-x_eq_a_y_eq_b-max .............................................................................   Passed    0.06 sec
          Start 2303: test_repl-definitions-rr_case_type_mismatch_indexed
1395/2642 Test #2206: test_repl-substitution_cmd_groups_stage_warn .................................................................................   Passed    0.06 sec
          Start 1037: test_repl-realizable_cmd-mixed-qint_and_bv_4_always_sat
1396/2642 Test  #855: test_repl-word_synonym-identifier_prefix_release .............................................................................   Passed    0.07 sec
          Start 1203: test_repl-realizable_cmd-ltl_many_sorted-ms_0121_bv_hsb_tau_g_safety_three_types
1397/2642 Test  #514: test_repl-ltl_env-closed_regions_timeout_flag ................................................................................   Passed    0.06 sec
          Start  655: test_repl-option_alias-blocksqueezecap
1398/2642 Test  #701: test_repl-valid_cmd-hooks_wff_equiv-03_x_equiv_f_eq_negx .....................................................................   Passed    0.06 sec
          Start 1732: test_repl-solver_cmd-hsb-solve-neq0-min
1399/2642 Test  #201: test_repl-help_s_solve_cmd ...................................................................................................   Passed    0.06 sec
          Start 2108: test_repl-run_cmd-unbindable_relative_offset
1400/2642 Test  #551: test_repl-ltl_env-qlt_t3_cap_default_without_flag ............................................................................   Passed    0.06 sec
          Start 1004: test_repl-realizable_cmd-tau_ba-multi_output_sat
1401/2642 Test  #655: test_repl-option_alias-blocksqueezecap .......................................................................................   Passed    0.06 sec
          Start 1746: test_repl-solver_cmd-qint-solve_system-shared_coeff
1402/2642 Test #1037: test_repl-realizable_cmd-mixed-qint_and_bv_4_always_sat ......................................................................   Passed    0.07 sec
          Start  295: test_repl-set_cmd-ltlalg_lowercase
1403/2642 Test #1732: test_repl-solver_cmd-hsb-solve-neq0-min ......................................................................................   Passed    0.06 sec
          Start 1803: test_repl-solver_cmd-sbf-ineq_system-monotonicity
1404/2642 Test #2303: test_repl-definitions-rr_case_type_mismatch_indexed ..........................................................................   Passed    0.08 sec
          Start  218: test_repl-help_defs_cmd
1405/2642 Test #1203: test_repl-realizable_cmd-ltl_many_sorted-ms_0121_bv_hsb_tau_g_safety_three_types .............................................   Passed    0.07 sec
          Start 2321: test_repl-definitions-rec_bound_var_step_2
1406/2642 Test #2108: test_repl-run_cmd-unbindable_relative_offset .................................................................................   Passed    0.07 sec
          Start 1087: test_repl-realizable_cmd-ltl_many_sorted-ms_0005_qlt_sbf_g_safety_with_both_types_constrained
1407/2642 Test #1004: test_repl-realizable_cmd-tau_ba-multi_output_sat .............................................................................   Passed    0.07 sec
          Start  838: test_repl-sat_cmd-warm_up_absorbed_valid_negation
1408/2642 Test  #295: test_repl-set_cmd-ltlalg_lowercase ...........................................................................................   Passed    0.05 sec
          Start  690: test_repl-valid_cmd-bv-cvc5-plus_one_lt_neg
1409/2642 Test #1746: test_repl-solver_cmd-qint-solve_system-shared_coeff ..........................................................................   Passed    0.07 sec
          Start 1022: test_repl-realizable_cmd-mixed-hsb_conflict_with_bool_sometimes_unsat
1410/2642 Test #1803: test_repl-solver_cmd-sbf-ineq_system-monotonicity ............................................................................   Passed    0.06 sec
          Start  221: test_repl-help_c_cmd
1411/2642 Test  #218: test_repl-help_defs_cmd ......................................................................................................   Passed    0.06 sec
          Start  380: test_repl-ba_options-defelim_count
1412/2642 Test #2321: test_repl-definitions-rec_bound_var_step_2 ...................................................................................   Passed    0.07 sec
          Start  585: test_repl-ba_qint-exact_endpoints_differ
1413/2642 Test #1087: test_repl-realizable_cmd-ltl_many_sorted-ms_0005_qlt_sbf_g_safety_with_both_types_constrained ................................   Passed    0.08 sec
          Start 2299: test_repl-def_print_cmd-3
1414/2642 Test  #690: test_repl-valid_cmd-bv-cvc5-plus_one_lt_neg ..................................................................................   Passed    0.06 sec
          Start 1047: test_repl-realizable_cmd-bv-simple_conditional_case
1415/2642 Test  #838: test_repl-sat_cmd-warm_up_absorbed_valid_negation ............................................................................   Passed    0.07 sec
          Start  523: test_repl-ltl_env-hoa_max_states_flag_beats_env
1416/2642 Test  #380: test_repl-ba_options-defelim_count ...........................................................................................   Passed    0.06 sec
          Start 1096: test_repl-realizable_cmd-ltl_many_sorted-ms_0014_qlt_tau_g_safety_with_tau_true
1417/2642 Test  #221: test_repl-help_c_cmd .........................................................................................................   Passed    0.06 sec
          Start 1785: test_repl-solver_cmd-mixed-per_binding_type
1418/2642 Test  #585: test_repl-ba_qint-exact_endpoints_differ .....................................................................................   Passed    0.06 sec
          Start 2141: test_repl-instantiation_cmd_wff10
1419/2642 Test #1022: test_repl-realizable_cmd-mixed-hsb_conflict_with_bool_sometimes_unsat ........................................................   Passed    0.07 sec
          Start 1719: test_repl-unrealizable_cmd-bv-cvc5-plus_one_lt
1420/2642 Test #2299: test_repl-def_print_cmd-3 ....................................................................................................   Passed    0.06 sec
          Start  207: test_repl-help_unrealizable_cmd
1421/2642 Test #1047: test_repl-realizable_cmd-bv-simple_conditional_case ..........................................................................   Passed    0.08 sec
          Start 1292: test_repl-realizable_cmd-ltl_many_sorted-ms_0210_qlt_bv_sbf_qint_tau_past_reference
1422/2642 Test  #523: test_repl-ltl_env-hoa_max_states_flag_beats_env ..............................................................................   Passed    0.07 sec
          Start  863: test_repl-temporal_ops-weak_until_W_same_formula
1423/2642 Test #1096: test_repl-realizable_cmd-ltl_many_sorted-ms_0014_qlt_tau_g_safety_with_tau_true ..............................................   Passed    0.07 sec
1424/2642 Test #2141: test_repl-instantiation_cmd_wff10 ............................................................................................   Passed    0.06 sec
          Start  842: test_repl-sat_cmd-warm_up_tautology_sat_negation
          Start 1303: test_repl-realizable_cmd-ltl_many_sorted-ms_0221_6_type_g_safety_all_six_outputs
1425/2642 Test #1719: test_repl-unrealizable_cmd-bv-cvc5-plus_one_lt ...............................................................................   Passed    0.06 sec
          Start 1850: test_repl-solver_cmd-bv_through_def_rev
1426/2642 Test #1785: test_repl-solver_cmd-mixed-per_binding_type ..................................................................................   Passed    0.08 sec
          Start 1867: test_repl-normalize_cmd_wff
1427/2642 Test  #207: test_repl-help_unrealizable_cmd ..............................................................................................   Passed    0.06 sec
          Start  604: test_repl-enable_cmd-invalid_severity
1428/2642 Test  #863: test_repl-temporal_ops-weak_until_W_same_formula .............................................................................   Passed    0.07 sec
1429/2642 Test #1850: test_repl-solver_cmd-bv_through_def_rev ......................................................................................   Passed    0.06 sec
          Start  723: test_repl-valid_cmd-issue144_sometimes_or_always_input
          Start 2325: test_repl-definitions-rec_quant_body_no_capture
1430/2642 Test #1867: test_repl-normalize_cmd_wff ..................................................................................................   Passed    0.06 sec
          Start  172: test_repl-clear_cmd
1431/2642 Test  #842: test_repl-sat_cmd-warm_up_tautology_sat_negation .............................................................................   Passed    0.07 sec
          Start 1574: test_repl-realizable_cmd-by_grammar-shape_u_05_output_must_equal_two_different_constants_simultaneously
1432/2642 Test  #604: test_repl-enable_cmd-invalid_severity ........................................................................................   Passed    0.06 sec
          Start 1810: test_repl-solver_cmd-sbf-solve_system-chain
1433/2642 Test #1292: test_repl-realizable_cmd-ltl_many_sorted-ms_0210_qlt_bv_sbf_qint_tau_past_reference ..........................................   Passed    0.10 sec
          Start  599: test_repl-disable_cmd-indenting
1434/2642 Test #1303: test_repl-realizable_cmd-ltl_many_sorted-ms_0221_6_type_g_safety_all_six_outputs .............................................   Passed    0.10 sec
          Start 1221: test_repl-realizable_cmd-ltl_many_sorted-ms_0139_qlt_bv_sbf_hsb_input_output
1435/2642 Test #1574: test_repl-realizable_cmd-by_grammar-shape_u_05_output_must_equal_two_different_constants_simultaneously ......................   Passed    0.07 sec
          Start 1264: test_repl-realizable_cmd-ltl_many_sorted-ms_0182_qlt_sbf_qint_tau_unreal_sbf_contradiction
1436/2642 Test #2325: test_repl-definitions-rec_quant_body_no_capture ..............................................................................   Passed    0.07 sec
          Start  715: test_repl-valid_cmd-issue132_bv_formula_control
1437/2642 Test  #723: test_repl-valid_cmd-issue144_sometimes_or_always_input .......................................................................   Passed    0.09 sec
          Start  705: test_repl-valid_cmd-hooks_wff_conditional-03_z_cond_x_x_eq_x
1438/2642 Test  #172: test_repl-clear_cmd ..........................................................................................................   Passed    0.08 sec
          Start 1961: test_repl-normalize_cmd-qlt_density_equivalence
1439/2642 Test  #599: test_repl-disable_cmd-indenting ..............................................................................................   Passed    0.07 sec
          Start  990: test_repl-realizable_cmd-qlt-negative_open_interval_sat
1440/2642 Test #1810: test_repl-solver_cmd-sbf-solve_system-chain ..................................................................................   Passed    0.08 sec
          Start 2068: test_repl-run_cmd-ltl_aba_execution-g8_01_sbf_mirror_3steps
1441/2642 Test #1221: test_repl-realizable_cmd-ltl_many_sorted-ms_0139_qlt_bv_sbf_hsb_input_output .................................................   Passed    0.09 sec
          Start  320: test_repl-set_cmd-ltldatagamemaxmemo
1442/2642 Test  #715: test_repl-valid_cmd-issue132_bv_formula_control ..............................................................................   Passed    0.06 sec
          Start 2106: test_repl-run_cmd-quit_finishes_run
1443/2642 Test #1264: test_repl-realizable_cmd-ltl_many_sorted-ms_0182_qlt_sbf_qint_tau_unreal_sbf_contradiction ...................................   Passed    0.08 sec
          Start  858: test_repl-word_synonym-identifier_prefix_trigger
1444/2642 Test  #705: test_repl-valid_cmd-hooks_wff_conditional-03_z_cond_x_x_eq_x .................................................................   Passed    0.07 sec
          Start  596: test_repl-disable_cmd-status
1445/2642 Test #1961: test_repl-normalize_cmd-qlt_density_equivalence ..............................................................................   Passed    0.08 sec
          Start 1035: test_repl-realizable_cmd-mixed-qint_and_hsb_always_sat
1446/2642 Test  #990: test_repl-realizable_cmd-qlt-negative_open_interval_sat ......................................................................   Passed    0.08 sec
          Start 1297: test_repl-realizable_cmd-ltl_many_sorted-ms_0215_qlt_bv_hsb_qint_tau_implication
1447/2642 Test  #320: test_repl-set_cmd-ltldatagamemaxmemo .........................................................................................   Passed    0.06 sec
          Start  693: test_repl-valid_cmd-hooks_wff_imply-03_x_imply_f_eq_negx
1448/2642 Test #2068: test_repl-run_cmd-ltl_aba_execution-g8_01_sbf_mirror_3steps ..................................................................   Passed    0.09 sec
          Start  769: test_repl-sat_cmd-issue137_bare_input
1449/2642 Test #2106: test_repl-run_cmd-quit_finishes_run ..........................................................................................   Passed    0.06 sec
          Start  694: test_repl-valid_cmd-hooks_wff_imply-06_non_degenerate_not_t
1450/2642 Test  #596: test_repl-disable_cmd-status .................................................................................................   Passed    0.06 sec
          Start  854: test_repl-word_synonym-identifier_prefix_until
1451/2642 Test  #858: test_repl-word_synonym-identifier_prefix_trigger .............................................................................   Passed    0.07 sec
          Start 2304: test_repl-definitions-rr_case_type_mismatch_fixpoint
1452/2642 Test #1035: test_repl-realizable_cmd-mixed-qint_and_hsb_always_sat .......................................................................   Passed    0.07 sec
          Start 1132: test_repl-realizable_cmd-ltl_many_sorted-ms_0050_qlt_bv_unreal_bv_stuck_at_contradictory_values
1453/2642 Test  #693: test_repl-valid_cmd-hooks_wff_imply-03_x_imply_f_eq_negx .....................................................................   Passed    0.06 sec
          Start 1020: test_repl-realizable_cmd-mixed-qlt_contradiction_with_bv_4_unsat
1454/2642 Test #1297: test_repl-realizable_cmd-ltl_many_sorted-ms_0215_qlt_bv_hsb_qint_tau_implication .............................................   Passed    0.08 sec
          Start  733: test_repl-sat_cmd-contradiction
1455/2642 Test  #769: test_repl-sat_cmd-issue137_bare_input ........................................................................................   Passed    0.06 sec
          Start  988: test_repl-realizable_cmd-qlt-contradictory_equalities_unsat
1456/2642 Test  #694: test_repl-valid_cmd-hooks_wff_imply-06_non_degenerate_not_t ..................................................................   Passed    0.06 sec
          Start  605: test_repl-disable_cmd-invalid_severity
1457/2642 Test  #854: test_repl-word_synonym-identifier_prefix_until ...............................................................................   Passed    0.07 sec
          Start 1238: test_repl-realizable_cmd-ltl_many_sorted-ms_0156_qlt_bv_hsb_qint_g_safety_four_types
1458/2642 Test #2304: test_repl-definitions-rr_case_type_mismatch_fixpoint .........................................................................   Passed    0.08 sec
          Start  983: test_repl-realizable_cmd-qint-always_half_unit_conflicts_sometimes_different_interval_unsat
1459/2642 Test #1132: test_repl-realizable_cmd-ltl_many_sorted-ms_0050_qlt_bv_unreal_bv_stuck_at_contradictory_values ..............................   Passed    0.08 sec
          Start  871: test_repl-temporal_ops-sat_F
1460/2642 Test  #733: test_repl-sat_cmd-contradiction ..............................................................................................   Passed    0.06 sec
          Start 1885: test_repl-normalize_cmd-by_grammar-shape_o_01_f_f_f_i1_qlt_gt_0
1461/2642 Test #1020: test_repl-realizable_cmd-mixed-qlt_contradiction_with_bv_4_unsat .............................................................   Passed    0.08 sec
          Start  719: test_repl-valid_cmd-issue144_always_implies_sometimes
1462/2642 Test  #605: test_repl-disable_cmd-invalid_severity .......................................................................................   Passed    0.06 sec
          Start  656: test_repl-option_alias-maxsimplifyrounds
1463/2642 Test  #988: test_repl-realizable_cmd-qlt-contradictory_equalities_unsat ..................................................................   Passed    0.07 sec
          Start 1813: test_repl-solver_cmd-sbf-solve-monotonicity1
1464/2642 Test #1238: test_repl-realizable_cmd-ltl_many_sorted-ms_0156_qlt_bv_hsb_qint_g_safety_four_types .........................................   Passed    0.09 sec
1465/2642 Test  #871: test_repl-temporal_ops-sat_F .................................................................................................   Passed    0.06 sec
1466/2642 Test #1885: test_repl-normalize_cmd-by_grammar-shape_o_01_f_f_f_i1_qlt_gt_0 ..............................................................   Passed    0.06 sec
          Start  698: test_repl-valid_cmd-hooks_wff_rimply-03_x_rimply_t_eq_x
          Start 1290: test_repl-realizable_cmd-ltl_many_sorted-ms_0208_qlt_bv_sbf_qint_tau_unreal_qlt_g_f_contradiction
          Start 1586: test_repl-realizable_cmd-ltl_qlt_bv-qr_02_g_two_thirds
1467/2642 Test  #983: test_repl-realizable_cmd-qint-always_half_unit_conflicts_sometimes_different_interval_unsat ..................................   Passed    0.07 sec
          Start 2192: test_repl-substitution_cmd_type_ok_sbf
1468/2642 Test  #719: test_repl-valid_cmd-issue144_always_implies_sometimes ........................................................................   Passed    0.07 sec
          Start  700: test_repl-valid_cmd-hooks_wff_equiv-02_t_equiv_x_eq_x
1469/2642 Test  #656: test_repl-option_alias-maxsimplifyrounds .....................................................................................   Passed    0.07 sec
1470/2642 Test #1813: test_repl-solver_cmd-sbf-solve-monotonicity1 .................................................................................   Passed    0.07 sec
          Start 1889: test_repl-normalize_cmd-by_grammar-shape_o_05_g_f_f_i1_bv_eq_b10110101
          Start 1219: test_repl-realizable_cmd-ltl_many_sorted-ms_0137_qlt_bv_sbf_hsb_unreal_bv_contradiction
1471/2642 Test #1290: test_repl-realizable_cmd-ltl_many_sorted-ms_0208_qlt_bv_sbf_qint_tau_unreal_qlt_g_f_contradiction ............................   Passed    0.06 sec
          Start  403: test_repl-ctl_star-realizable_A_always_output
1472/2642 Test #2192: test_repl-substitution_cmd_type_ok_sbf .......................................................................................   Passed    0.06 sec
          Start 1702: test_repl-unrealizable_cmd-f
1473/2642 Test #1586: test_repl-realizable_cmd-ltl_qlt_bv-qr_02_g_two_thirds .......................................................................   Passed    0.06 sec
          Start 1036: test_repl-realizable_cmd-mixed-qint_contradiction_with_hsb_unsat
1474/2642 Test  #698: test_repl-valid_cmd-hooks_wff_rimply-03_x_rimply_t_eq_x ......................................................................   Passed    0.07 sec
          Start  241: test_repl-get_cmd-all_lists_fixpointsteps
1475/2642 Test  #700: test_repl-valid_cmd-hooks_wff_equiv-02_t_equiv_x_eq_x ........................................................................   Passed    0.07 sec
          Start 2104: test_repl-run_cmd-retry_on_bad_value
1476/2642 Test #1889: test_repl-normalize_cmd-by_grammar-shape_o_05_g_f_f_i1_bv_eq_b10110101 .......................................................   Passed    0.07 sec
          Start  454: test_repl-ltl_decisions-dnf_keeps_semantic_negation
1477/2642 Test #1219: test_repl-realizable_cmd-ltl_many_sorted-ms_0137_qlt_bv_sbf_hsb_unreal_bv_contradiction ......................................   Passed    0.08 sec
          Start 1309: test_repl-realizable_cmd-ltl_many_sorted-ms_0227_6_type_implication_chain_across_all_six
1478/2642 Test #1702: test_repl-unrealizable_cmd-f .................................................................................................   Passed    0.06 sec
          Start 1960: test_repl-normalize_cmd-qlt_density_point_kept
1479/2642 Test  #403: test_repl-ctl_star-realizable_A_always_output ................................................................................   Passed    0.06 sec
          Start 1144: test_repl-realizable_cmd-ltl_many_sorted-ms_0062_qlt_bv_hsb_implication_from_qlt_to_bv_with_hsb
1480/2642 Test  #241: test_repl-get_cmd-all_lists_fixpointsteps ....................................................................................   Passed    0.06 sec
          Start 1757: test_repl-solver_cmd-qlt-find_solution-two_vars
1481/2642 Test #1036: test_repl-realizable_cmd-mixed-qint_contradiction_with_hsb_unsat .............................................................   Passed    0.08 sec
          Start 1209: test_repl-realizable_cmd-ltl_many_sorted-ms_0127_sbf_hsb_qint_g_safety_three_types
1482/2642 Test #2104: test_repl-run_cmd-retry_on_bad_value .........................................................................................   Passed    0.07 sec
1483/2642 Test  #454: test_repl-ltl_decisions-dnf_keeps_semantic_negation ..........................................................................   Passed    0.07 sec
          Start  293: test_repl-get_cmd-ltlalg
          Start  347: test_repl-set_cmd-probesteps
1484/2642 Test #1757: test_repl-solver_cmd-qlt-find_solution-two_vars ..............................................................................   Passed    0.06 sec
          Start  665: test_repl-option_alias-gcgrowthfactor
1485/2642 Test #1960: test_repl-normalize_cmd-qlt_density_point_kept ...............................................................................   Passed    0.07 sec
          Start  915: test_repl-temporal_ops-always_and_F
1486/2642 Test #1309: test_repl-realizable_cmd-ltl_many_sorted-ms_0227_6_type_implication_chain_across_all_six .....................................   Passed    0.10 sec
          Start 1229: test_repl-realizable_cmd-ltl_many_sorted-ms_0147_qlt_bv_sbf_qint_unreal_qlt_g_f_contradiction
1487/2642 Test #1144: test_repl-realizable_cmd-ltl_many_sorted-ms_0062_qlt_bv_hsb_implication_from_qlt_to_bv_with_hsb ..............................   Passed    0.08 sec
          Start 1716: test_repl-unrealizable_cmd-bv-cvc5-implicit_exists
1488/2642 Test  #293: test_repl-get_cmd-ltlalg .....................................................................................................   Passed    0.05 sec
          Start  206: test_repl-help_realizable_cmd
1489/2642 Test #1209: test_repl-realizable_cmd-ltl_many_sorted-ms_0127_sbf_hsb_qint_g_safety_three_types ...........................................   Passed    0.07 sec
          Start 1024: test_repl-realizable_cmd-mixed-qint_contradiction_with_bool_unsat
1490/2642 Test  #347: test_repl-set_cmd-probesteps .................................................................................................   Passed    0.06 sec
          Start  183: test_repl-help_shortened-cnf_cmd
1491/2642 Test  #915: test_repl-temporal_ops-always_and_F ..........................................................................................   Passed    0.06 sec
          Start  610: test_repl-evalspec-leading_zero
1492/2642 Test  #665: test_repl-option_alias-gcgrowthfactor ........................................................................................   Passed    0.07 sec
          Start  979: test_repl-realizable_cmd-qint-union_of_intervals_sat
1493/2642 Test #1716: test_repl-unrealizable_cmd-bv-cvc5-implicit_exists ...........................................................................   Passed    0.06 sec
          Start 2346: test_repl-adt-unknown_member
1494/2642 Test #1229: test_repl-realizable_cmd-ltl_many_sorted-ms_0147_qlt_bv_sbf_qint_unreal_qlt_g_f_contradiction ................................   Passed    0.07 sec
          Start 2178: test_repl-substitution_cmd_multi_swap
1495/2642 Test  #206: test_repl-help_realizable_cmd ................................................................................................   Passed    0.07 sec
          Start 1299: test_repl-realizable_cmd-ltl_many_sorted-ms_0217_qlt_sbf_hsb_qint_tau_unreal_sbf_contradiction
1496/2642 Test #1024: test_repl-realizable_cmd-mixed-qint_contradiction_with_bool_unsat ............................................................   Passed    0.07 sec
          Start  631: test_repl-option_alias-H
1497/2642 Test  #183: test_repl-help_shortened-cnf_cmd .............................................................................................   Passed    0.07 sec
          Start 1912: test_repl-normalize_cmd-self_negating_recurrence_bf
1498/2642 Test #2346: test_repl-adt-unknown_member .................................................................................................   Passed    0.06 sec
          Start 1704: test_repl-unrealizable_cmd-F
1499/2642 Test  #979: test_repl-realizable_cmd-qint-union_of_intervals_sat .........................................................................   Passed    0.07 sec
          Start 2175: test_repl-substitution_cmd-into_result_non_default_type_typed_pattern
1500/2642 Test #2178: test_repl-substitution_cmd_multi_swap ........................................................................................   Passed    0.06 sec
          Start 1795: test_repl-solver_cmd-sbf-minterm_system-disjoint_coeff
1501/2642 Test  #610: test_repl-evalspec-leading_zero ..............................................................................................   Passed    0.08 sec
          Start  304: test_repl-help_set_lists_ltl_options
1502/2642 Test  #631: test_repl-option_alias-H .....................................................................................................   Passed    0.06 sec
          Start  368: test_repl-set_cmd-bvmaxwidth
1503/2642 Test #1299: test_repl-realizable_cmd-ltl_many_sorted-ms_0217_qlt_sbf_hsb_qint_tau_unreal_sbf_contradiction ...............................   Passed    0.08 sec
          Start 2301: test_repl-def_output_stream_cmd
1504/2642 Test #1912: test_repl-normalize_cmd-self_negating_recurrence_bf ..........................................................................   Passed    0.07 sec
          Start 1184: test_repl-realizable_cmd-ltl_many_sorted-ms_0102_qlt_qint_tau_g_safety_three_types
1505/2642 Test #1704: test_repl-unrealizable_cmd-F .................................................................................................   Passed    0.06 sec
          Start  624: test_repl-option_alias-S
1506/2642 Test #2175: test_repl-substitution_cmd-into_result_non_default_type_typed_pattern ........................................................   Passed    0.06 sec
          Start 1180: test_repl-realizable_cmd-ltl_many_sorted-ms_0098_qlt_hsb_tau_g_safety_three_types
1507/2642 Test  #304: test_repl-help_set_lists_ltl_options .........................................................................................   Passed    0.06 sec
          Start  635: test_repl-option_alias-benchmarks
1508/2642 Test #1795: test_repl-solver_cmd-sbf-minterm_system-disjoint_coeff .......................................................................   Passed    0.07 sec
          Start  334: test_repl-toggle_cmd-stepprop
1509/2642 Test  #368: test_repl-set_cmd-bvmaxwidth .................................................................................................   Passed    0.06 sec
          Start 1322: test_repl-realizable_cmd-ltl_many_sorted-ms_0240_6_type_disjunction_across_two_types_with_four_constant_guards
1510/2642 Test #2301: test_repl-def_output_stream_cmd ..............................................................................................   Passed    0.07 sec
          Start 2345: test_repl-adt-solve
1511/2642 Test  #624: test_repl-option_alias-S .....................................................................................................   Passed    0.06 sec
          Start 1849: test_repl-solver_cmd-bv_through_def
1512/2642 Test #1184: test_repl-realizable_cmd-ltl_many_sorted-ms_0102_qlt_qint_tau_g_safety_three_types ...........................................   Passed    0.10 sec
          Start  999: test_repl-realizable_cmd-tau_ba-t_and_f_conflict_always_unsat
1513/2642 Test  #635: test_repl-option_alias-benchmarks ............................................................................................   Passed    0.10 sec
          Start  658: test_repl-option_alias-maxenumsteps
1514/2642 Test #1180: test_repl-realizable_cmd-ltl_many_sorted-ms_0098_qlt_hsb_tau_g_safety_three_types ............................................   Passed    0.11 sec
          Start  184: test_repl-help_cnf_cmd
1515/2642 Test  #334: test_repl-toggle_cmd-stepprop ................................................................................................   Passed    0.11 sec
          Start 1007: test_repl-realizable_cmd-mixed-simple_always_loopback_in_bv
1516/2642 Test #1322: test_repl-realizable_cmd-ltl_many_sorted-ms_0240_6_type_disjunction_across_two_types_with_four_constant_guards ...............   Passed    0.12 sec
          Start 1570: test_repl-realizable_cmd-by_grammar-shape_u_01_contradiction_g_o1_0_g_o1_1
1517/2642 Test #2345: test_repl-adt-solve ..........................................................................................................   Passed    0.11 sec
          Start 1872: test_repl-normalize_cmd_bf_mem_rel
1518/2642 Test #1849: test_repl-solver_cmd-bv_through_def ..........................................................................................   Passed    0.08 sec
          Start 1645: test_repl-realizable_cmd-ltl_qlt_bv-gf_07_qlt_lookback2_lookback1
1519/2642 Test  #999: test_repl-realizable_cmd-tau_ba-t_and_f_conflict_always_unsat ................................................................   Passed    0.07 sec
          Start 1259: test_repl-realizable_cmd-ltl_many_sorted-ms_0177_qlt_sbf_hsb_tau_g_safety_four_types
1520/2642 Test  #658: test_repl-option_alias-maxenumsteps ..........................................................................................   Passed    0.05 sec
          Start 1847: test_repl-solver_cmd-untyped_one
1521/2642 Test #1007: test_repl-realizable_cmd-mixed-simple_always_loopback_in_bv ..................................................................   Passed    0.06 sec
          Start 1758: test_repl-solver_cmd-qlt-find_solution-complement
1522/2642 Test  #184: test_repl-help_cnf_cmd .......................................................................................................   Passed    0.08 sec
          Start  870: test_repl-temporal_ops-sat_sometimes
1523/2642 Test #1570: test_repl-realizable_cmd-by_grammar-shape_u_01_contradiction_g_o1_0_g_o1_1 ...................................................   Passed    0.06 sec
          Start  626: test_repl-option_alias-s
1524/2642 Test #1872: test_repl-normalize_cmd_bf_mem_rel ...........................................................................................   Passed    0.07 sec
          Start 2100: test_repl-run_cmd-advances_time_point
1525/2642 Test #1847: test_repl-solver_cmd-untyped_one .............................................................................................   Passed    0.06 sec
          Start  786: test_repl-sat_cmd-issue144_always_and_sometimes
1526/2642 Test #1645: test_repl-realizable_cmd-ltl_qlt_bv-gf_07_qlt_lookback2_lookback1 ............................................................   Passed    0.09 sec
          Start 1210: test_repl-realizable_cmd-ltl_many_sorted-ms_0128_sbf_hsb_qint_unreal_sbf_contradiction
1527/2642 Test #1259: test_repl-realizable_cmd-ltl_many_sorted-ms_0177_qlt_sbf_hsb_tau_g_safety_four_types .........................................   Passed    0.10 sec
          Start  930: test_repl-unsat_cmd-tc-g_o1_eq_0_and_g_o1_eq_1
1528/2642 Test  #870: test_repl-temporal_ops-sat_sometimes .........................................................................................   Passed    0.07 sec
1529/2642 Test #1758: test_repl-solver_cmd-qlt-find_solution-complement ............................................................................   Passed    0.08 sec
          Start  395: test_repl-ctl_star-sat_A_always_input_no_abort
          Start 1761: test_repl-solver_cmd-qlt-ineq_system-generic_complement
1530/2642 Test  #626: test_repl-option_alias-s .....................................................................................................   Passed    0.06 sec
          Start 2098: test_repl-run_cmd-steps
1531/2642 Test  #786: test_repl-sat_cmd-issue144_always_and_sometimes ..............................................................................   Passed    0.07 sec
          Start 1760: test_repl-solver_cmd-qlt-ineq_system-two_vars
1532/2642 Test #2100: test_repl-run_cmd-advances_time_point ........................................................................................   Passed    0.09 sec
          Start  714: test_repl-valid_cmd-issue132_sbf_term
1533/2642 Test  #930: test_repl-unsat_cmd-tc-g_o1_eq_0_and_g_o1_eq_1 ...............................................................................   Passed    0.08 sec
          Start 1093: test_repl-realizable_cmd-ltl_many_sorted-ms_0011_qlt_qint_g_both_constant_outputs
1534/2642 Test  #395: test_repl-ctl_star-sat_A_always_input_no_abort ...............................................................................   Passed    0.09 sec
1535/2642 Test #1761: test_repl-solver_cmd-qlt-ineq_system-generic_complement ......................................................................   Passed    0.09 sec
          Start 1890: test_repl-normalize_cmd-by_grammar-shape_o_06_i1_gt_0_until_f_f_i2_gt_0
          Start 1298: test_repl-realizable_cmd-ltl_many_sorted-ms_0216_qlt_sbf_hsb_qint_tau_g_safety_five_types
1536/2642 Test #1760: test_repl-solver_cmd-qlt-ineq_system-two_vars ................................................................................   Passed    0.08 sec
          Start 1097: test_repl-realizable_cmd-ltl_many_sorted-ms_0015_qlt_tau_unreal_tau_contradiction_via_implication
1537/2642 Test #1210: test_repl-realizable_cmd-ltl_many_sorted-ms_0128_sbf_hsb_qint_unreal_sbf_contradiction .......................................   Passed    0.14 sec
          Start 1134: test_repl-realizable_cmd-ltl_many_sorted-ms_0052_qlt_bv_sbf_implication_chain_across_types
1538/2642 Test #1890: test_repl-normalize_cmd-by_grammar-shape_o_06_i1_gt_0_until_f_f_i2_gt_0 ......................................................   Passed    0.07 sec
1539/2642 Test  #714: test_repl-valid_cmd-issue132_sbf_term ........................................................................................   Passed    0.11 sec
          Start  512: test_repl-ltl_env-refinement_rounds_flag
          Start 1809: test_repl-solver_cmd-sbf-solve_system-y_lt_x_z_lt_y
1540/2642 Test #1093: test_repl-realizable_cmd-ltl_many_sorted-ms_0011_qlt_qint_g_both_constant_outputs ............................................   Passed    0.09 sec
1541/2642 Test #1298: test_repl-realizable_cmd-ltl_many_sorted-ms_0216_qlt_sbf_hsb_qint_tau_g_safety_five_types ....................................   Passed    0.07 sec
          Start  373: test_repl-set_cmd-option_change_drops_normalizer_cache
          Start  757: test_repl-sat_cmd-tc-f_and_g_sat
1542/2642 Test #2098: test_repl-run_cmd-steps ......................................................................................................   Passed    0.16 sec
          Start 1750: test_repl-solver_cmd-qint-solve-neq0-max
1543/2642 Test #1097: test_repl-realizable_cmd-ltl_many_sorted-ms_0015_qlt_tau_unreal_tau_contradiction_via_implication ............................   Passed    0.10 sec
          Start  317: test_repl-set_cmd-ltldatagamemaxnodes
1544/2642 Test #1134: test_repl-realizable_cmd-ltl_many_sorted-ms_0052_qlt_bv_sbf_implication_chain_across_types ...................................   Passed    0.10 sec
          Start 1140: test_repl-realizable_cmd-ltl_many_sorted-ms_0058_qlt_bv_sbf_past_reference_mixed
1545/2642 Test  #512: test_repl-ltl_env-refinement_rounds_flag .....................................................................................   Passed    0.07 sec
          Start  415: test_repl-fragment_gate-valid_blocks_A_by_default
1546/2642 Test #1809: test_repl-solver_cmd-sbf-solve_system-y_lt_x_z_lt_y ..........................................................................   Passed    0.07 sec
          Start 1183: test_repl-realizable_cmd-ltl_many_sorted-ms_0101_qlt_hsb_tau_implication_from_qlt_to_hsb_with_tau
1547/2642 Test  #373: test_repl-set_cmd-option_change_drops_normalizer_cache .......................................................................   Passed    0.07 sec
          Start 1196: test_repl-realizable_cmd-ltl_many_sorted-ms_0114_bv_sbf_tau_g_safety_three_types
1548/2642 Test #1750: test_repl-solver_cmd-qint-solve-neq0-max .....................................................................................   Passed    0.08 sec
          Start 1862: test_repl-lgrs_cmd-untyped_zero
1549/2642 Test  #757: test_repl-sat_cmd-tc-f_and_g_sat .............................................................................................   Passed    0.11 sec
          Start 1848: test_repl-solver_cmd-sbf_through_def
1550/2642 Test  #317: test_repl-set_cmd-ltldatagamemaxnodes ........................................................................................   Passed    0.08 sec
          Start 2309: test_repl-definitions-call_constant_arg_width_mismatch
1551/2642 Test  #415: test_repl-fragment_gate-valid_blocks_A_by_default ............................................................................   Passed    0.08 sec
          Start  982: test_repl-realizable_cmd-qint-consistent_always_and_sometimes_sat
1552/2642 Test #1862: test_repl-lgrs_cmd-untyped_zero ..............................................................................................   Passed    0.06 sec
          Start 1025: test_repl-realizable_cmd-mixed-qlt_hsb_and_bv_4_three_streams_sat
1553/2642 Test #1196: test_repl-realizable_cmd-ltl_many_sorted-ms_0114_bv_sbf_tau_g_safety_three_types .............................................   Passed    0.08 sec
          Start 1932: test_repl-normalize_cmd-qlt_closed_conjunct_not_dropped
1554/2642 Test #1140: test_repl-realizable_cmd-ltl_many_sorted-ms_0058_qlt_bv_sbf_past_reference_mixed .............................................   Passed    0.11 sec
1555/2642 Test #1183: test_repl-realizable_cmd-ltl_many_sorted-ms_0101_qlt_hsb_tau_implication_from_qlt_to_hsb_with_tau ............................   Passed    0.11 sec
          Start  385: test_repl-fragment_gate-sat_blocks_A_by_default
          Start 1141: test_repl-realizable_cmd-ltl_many_sorted-ms_0059_qlt_bv_hsb_g_safety_three_outputs
1556/2642 Test  #114: test_ltl_fuzz ................................................................................................................   Passed  137.92 sec
          Start 1947: test_repl-normalize_cmd-qlt_pinned_neq_sat
1557/2642 Test #1848: test_repl-solver_cmd-sbf_through_def .........................................................................................   Passed    0.09 sec
          Start 1211: test_repl-realizable_cmd-ltl_many_sorted-ms_0129_sbf_hsb_tau_g_safety_three_types
1558/2642 Test #2309: test_repl-definitions-call_constant_arg_width_mismatch .......................................................................   Passed    0.07 sec
          Start 2099: test_repl-run_cmd-prompt_label
1559/2642 Test  #982: test_repl-realizable_cmd-qint-consistent_always_and_sometimes_sat ............................................................   Passed    0.08 sec
          Start 1117: test_repl-realizable_cmd-ltl_many_sorted-ms_0035_sbf_tau_g_both_constant
1560/2642 Test #1025: test_repl-realizable_cmd-mixed-qlt_hsb_and_bv_4_three_streams_sat ............................................................   Passed    0.08 sec
          Start  275: test_repl-get_cmd-highlighting
1561/2642 Test #1932: test_repl-normalize_cmd-qlt_closed_conjunct_not_dropped ......................................................................   Passed    0.08 sec
          Start 1937: test_repl-normalize_cmd-issue183_sub_false
1562/2642 Test  #385: test_repl-fragment_gate-sat_blocks_A_by_default ..............................................................................   Passed    0.07 sec
          Start 1720: test_repl-unrealizable_cmd-bv-cvc5-typed_plus_one_lt
1563/2642 Test #1947: test_repl-normalize_cmd-qlt_pinned_neq_sat ...................................................................................   Passed    0.06 sec
          Start 1046: test_repl-realizable_cmd-bv-equal_lookback_two_st
1564/2642 Test #1141: test_repl-realizable_cmd-ltl_many_sorted-ms_0059_qlt_bv_hsb_g_safety_three_outputs ...........................................   Passed    0.09 sec
          Start 1192: test_repl-realizable_cmd-ltl_many_sorted-ms_0110_bv_sbf_qint_g_safety_three_types
1565/2642 Test #2099: test_repl-run_cmd-prompt_label ...............................................................................................   Passed    0.07 sec
          Start  314: test_repl-get_cmd-ltlwindowmaxpaths
1566/2642 Test #1117: test_repl-realizable_cmd-ltl_many_sorted-ms_0035_sbf_tau_g_both_constant .....................................................   Passed    0.06 sec
          Start  277: test_repl-get_cmd-benchmarks
1567/2642 Test #1211: test_repl-realizable_cmd-ltl_many_sorted-ms_0129_sbf_hsb_tau_g_safety_three_types ............................................   Passed    0.09 sec
          Start  657: test_repl-option_alias-maxdefpasses
1568/2642 Test  #275: test_repl-get_cmd-highlighting ...............................................................................................   Passed    0.06 sec
          Start 1021: test_repl-realizable_cmd-mixed-hsb_top_and_bool_always_sat
1569/2642 Test #1937: test_repl-normalize_cmd-issue183_sub_false ...................................................................................   Passed    0.07 sec
          Start 2306: test_repl-definitions-whole_tuple_call_arg_type_mismatch
1570/2642 Test #1720: test_repl-unrealizable_cmd-bv-cvc5-typed_plus_one_lt .........................................................................   Passed    0.08 sec
          Start  537: test_repl-ltl_env-data_game_max_memo_flag_beats_env
1571/2642 Test #1046: test_repl-realizable_cmd-bv-equal_lookback_two_st ............................................................................   Passed    0.08 sec
          Start 1280: test_repl-realizable_cmd-ltl_many_sorted-ms_0198_qlt_bv_sbf_hsb_qint_past_reference
1572/2642 Test  #277: test_repl-get_cmd-benchmarks .................................................................................................   Passed    0.05 sec
          Start  240: test_repl-get_cmd-all_lists_decisionpins
1573/2642 Test  #314: test_repl-get_cmd-ltlwindowmaxpaths ..........................................................................................   Passed    0.07 sec
          Start  787: test_repl-sat_cmd-issue144_always_and_sometimes_conflict
1574/2642 Test #1021: test_repl-realizable_cmd-mixed-hsb_top_and_bool_always_sat ...................................................................   Passed    0.06 sec
          Start 1236: test_repl-realizable_cmd-ltl_many_sorted-ms_0154_qlt_bv_sbf_tau_input_output
1575/2642 Test  #657: test_repl-option_alias-maxdefpasses ..........................................................................................   Passed    0.07 sec
          Start 1085: test_repl-realizable_cmd-ltl_many_sorted-ms_0003_qlt_bv_unreal_contradictory_implication_forces_impossible_bv
1576/2642 Test #1192: test_repl-realizable_cmd-ltl_many_sorted-ms_0110_bv_sbf_qint_g_safety_three_types ............................................   Passed    0.09 sec
          Start 1271: test_repl-realizable_cmd-ltl_many_sorted-ms_0189_bv_sbf_hsb_tau_g_safety_four_types
1577/2642 Test  #537: test_repl-ltl_env-data_game_max_memo_flag_beats_env ..........................................................................   Passed    0.06 sec
          Start 2280: test_repl-history_store_cmd-printers-different_02_all_x_all_y_xy_eq_0
1578/2642 Test #2306: test_repl-definitions-whole_tuple_call_arg_type_mismatch .....................................................................   Passed    0.08 sec
          Start  392: test_repl-ctl_star-sat_U_contradictory_target
1579/2642 Test  #787: test_repl-sat_cmd-issue144_always_and_sometimes_conflict .....................................................................   Passed    0.07 sec
          Start 2211: test_repl-normal_forms-cnf_wff_dist_right
1580/2642 Test  #240: test_repl-get_cmd-all_lists_decisionpins .....................................................................................   Passed    0.08 sec
          Start 1038: test_repl-realizable_cmd-mixed-qint_contradiction_with_bv_unsat
1581/2642 Test #1280: test_repl-realizable_cmd-ltl_many_sorted-ms_0198_qlt_bv_sbf_hsb_qint_past_reference ..........................................   Passed    0.09 sec
          Start 2065: test_repl-run_cmd-ltl_aba_execution-g7_03_sbf_g_compound_6steps
1582/2642 Test #2280: test_repl-history_store_cmd-printers-different_02_all_x_all_y_xy_eq_0 ........................................................   Passed    0.05 sec
          Start  285: test_repl-set_cmd-indenting_off
1583/2642 Test  #392: test_repl-ctl_star-sat_U_contradictory_target ................................................................................   Passed    0.06 sec
          Start  978: test_repl-realizable_cmd-qint-fractional_interval_sat
1584/2642 Test #1236: test_repl-realizable_cmd-ltl_many_sorted-ms_0154_qlt_bv_sbf_tau_input_output .................................................   Passed    0.11 sec
          Start 1854: test_repl-solver_cmd-issue181_min_bv
1585/2642 Test #1271: test_repl-realizable_cmd-ltl_many_sorted-ms_0189_bv_sbf_hsb_tau_g_safety_four_types ..........................................   Passed    0.10 sec
          Start 1572: test_repl-realizable_cmd-by_grammar-shape_u_03_boolean_false_spec
1586/2642 Test #1085: test_repl-realizable_cmd-ltl_many_sorted-ms_0003_qlt_bv_unreal_contradictory_implication_forces_impossible_bv ................   Passed    0.11 sec
          Start 1105: test_repl-realizable_cmd-ltl_many_sorted-ms_0023_bv_qint_g_both_constant
1587/2642 Test #1038: test_repl-realizable_cmd-mixed-qint_contradiction_with_bv_unsat ..............................................................   Passed    0.08 sec
          Start  507: test_repl-ltl_env-alg_garbage_reads_as_auto
1588/2642 Test  #285: test_repl-set_cmd-indenting_off ..............................................................................................   Passed    0.06 sec
          Start  742: test_repl-sat_cmd-tc-each_conjunct_in_isolation_is_sat_o2
1589/2642 Test #2065: test_repl-run_cmd-ltl_aba_execution-g7_03_sbf_g_compound_6steps ..............................................................   Passed    0.08 sec
          Start  608: test_repl-evalspec-arity
1590/2642 Test #2211: test_repl-normal_forms-cnf_wff_dist_right ....................................................................................   Passed    0.10 sec
          Start  383: test_repl-fragment_cmd-ltl
1591/2642 Test #1105: test_repl-realizable_cmd-ltl_many_sorted-ms_0023_bv_qint_g_both_constant .....................................................   Passed    0.06 sec
          Start 1255: test_repl-realizable_cmd-ltl_many_sorted-ms_0173_qlt_sbf_hsb_qint_g_safety_four_types
1592/2642 Test  #978: test_repl-realizable_cmd-qint-fractional_interval_sat ........................................................................   Passed    0.08 sec
          Start  861: test_repl-temporal_ops-until_U_same_formula
1593/2642 Test #1854: test_repl-solver_cmd-issue181_min_bv .........................................................................................   Passed    0.08 sec
          Start 1212: test_repl-realizable_cmd-ltl_many_sorted-ms_0130_hsb_qint_tau_g_safety_three_types
1594/2642 Test #1572: test_repl-realizable_cmd-by_grammar-shape_u_03_boolean_false_spec ............................................................   Passed    0.08 sec
          Start  252: test_repl-get_cmd-all_lists_revisionalts
1595/2642 Test  #507: test_repl-ltl_env-alg_garbage_reads_as_auto ..................................................................................   Passed    0.06 sec
          Start 2179: test_repl-substitution_cmd_multi_nochain
1596/2642 Test  #383: test_repl-fragment_cmd-ltl ...................................................................................................   Passed    0.06 sec
          Start  386: test_repl-fragment_gate-normalize_blocks_A_by_default
1597/2642 Test  #742: test_repl-sat_cmd-tc-each_conjunct_in_isolation_is_sat_o2 ....................................................................   Passed    0.10 sec
          Start 1017: test_repl-realizable_cmd-mixed-qlt_and_bool_unsat_from_qlt_contradiction
1598/2642 Test #1255: test_repl-realizable_cmd-ltl_many_sorted-ms_0173_qlt_sbf_hsb_qint_g_safety_four_types ........................................   Passed    0.08 sec
          Start  372: test_repl-set_cmd-bvwidening_changes_semantics
1599/2642 Test #1212: test_repl-realizable_cmd-ltl_many_sorted-ms_0130_hsb_qint_tau_g_safety_three_types ...........................................   Passed    0.07 sec
          Start 2189: test_repl-substitution_cmd_type_mismatch_untyped_bv
1600/2642 Test  #608: test_repl-evalspec-arity .....................................................................................................   Passed    0.10 sec
          Start  668: test_repl-option_alias-blockmaxrounds
1601/2642 Test  #861: test_repl-temporal_ops-until_U_same_formula ..................................................................................   Passed    0.08 sec
          Start 1853: test_repl-solver_cmd-term_with_option_rejected
1602/2642 Test  #252: test_repl-get_cmd-all_lists_revisionalts .....................................................................................   Passed    0.08 sec
          Start  388: test_repl-ltl_cmd-realizable
1603/2642 Test #2179: test_repl-substitution_cmd_multi_nochain .....................................................................................   Passed    0.08 sec
          Start  239: test_repl-get_cmd-all_lists_maxrounds
1604/2642 Test  #386: test_repl-fragment_gate-normalize_blocks_A_by_default ........................................................................   Passed    0.07 sec
          Start  991: test_repl-realizable_cmd-qlt-degenerate_open_interval_unsat
1605/2642 Test #1017: test_repl-realizable_cmd-mixed-qlt_and_bool_unsat_from_qlt_contradiction .....................................................   Passed    0.07 sec
          Start 1247: test_repl-realizable_cmd-ltl_many_sorted-ms_0165_qlt_bv_hsb_tau_implication_from_qlt_to_tau
1606/2642 Test  #668: test_repl-option_alias-blockmaxrounds ........................................................................................   Passed    0.06 sec
          Start 1131: test_repl-realizable_cmd-ltl_many_sorted-ms_0049_qlt_sbf_input_output_with_mixed_types
1607/2642 Test  #372: test_repl-set_cmd-bvwidening_changes_semantics ...............................................................................   Passed    0.07 sec
          Start  697: test_repl-valid_cmd-hooks_wff_rimply-02_f_rimply_x_eq_negx
1608/2642 Test #1853: test_repl-solver_cmd-term_with_option_rejected ...............................................................................   Passed    0.06 sec
          Start 1313: test_repl-realizable_cmd-ltl_many_sorted-ms_0231_6_type_input_output_across_six_types
1609/2642 Test #2189: test_repl-substitution_cmd_type_mismatch_untyped_bv ..........................................................................   Passed    0.07 sec
          Start  263: test_repl-get_cmd-maxconstantsize_default_finite
1610/2642 Test  #388: test_repl-ltl_cmd-realizable .................................................................................................   Passed    0.07 sec
          Start 2313: test_repl-definitions-quant_body_no_capture-outer
1611/2642 Test  #239: test_repl-get_cmd-all_lists_maxrounds ........................................................................................   Passed    0.07 sec
          Start 1998: test_repl-run_cmd-ltl_correctness-adv_sbf_01_g_x_and_y
1612/2642 Test #1131: test_repl-realizable_cmd-ltl_many_sorted-ms_0049_qlt_sbf_input_output_with_mixed_types .......................................   Passed    0.07 sec
          Start 1802: test_repl-solver_cmd-sbf-ineq_system-splitter_case5
1613/2642 Test #1247: test_repl-realizable_cmd-ltl_many_sorted-ms_0165_qlt_bv_hsb_tau_implication_from_qlt_to_tau ..................................   Passed    0.07 sec
          Start  255: test_repl-get_cmd-all_lists_maxcoverproducts
1614/2642 Test  #991: test_repl-realizable_cmd-qlt-degenerate_open_interval_unsat ..................................................................   Passed    0.09 sec
          Start 1278: test_repl-realizable_cmd-ltl_many_sorted-ms_0196_qlt_bv_sbf_hsb_qint_unreal_bv_contradiction
1615/2642 Test  #697: test_repl-valid_cmd-hooks_wff_rimply-02_f_rimply_x_eq_negx ...................................................................   Passed    0.07 sec
          Start 1293: test_repl-realizable_cmd-ltl_many_sorted-ms_0211_qlt_bv_hsb_qint_tau_g_safety_five_types
1616/2642 Test #1313: test_repl-realizable_cmd-ltl_many_sorted-ms_0231_6_type_input_output_across_six_types ........................................   Passed    0.07 sec
          Start  452: test_repl-ltl_decisions-valid_sometimes_input_tautology_T
1617/2642 Test  #263: test_repl-get_cmd-maxconstantsize_default_finite .............................................................................   Passed    0.08 sec
          Start  257: test_repl-get_cmd-all_lists_bv-blastdepth
1618/2642 Test #2313: test_repl-definitions-quant_body_no_capture-outer ............................................................................   Passed    0.08 sec
          Start  695: test_repl-valid_cmd-hooks_wff_imply-06_non_degenerate_not_f
1619/2642 Test #1802: test_repl-solver_cmd-sbf-ineq_system-splitter_case5 ..........................................................................   Passed    0.06 sec
1620/2642 Test  #255: test_repl-get_cmd-all_lists_maxcoverproducts .................................................................................   Passed    0.06 sec
          Start 1876: test_repl-normalize_cmd_wff_mem_abs
          Start 1962: test_repl-normalize_cmd-issue185_definition_max
1621/2642 Test #1998: test_repl-run_cmd-ltl_correctness-adv_sbf_01_g_x_and_y .......................................................................   Passed    0.09 sec
          Start 1733: test_repl-solver_cmd-hsb-solve-neq0-max
1622/2642 Test  #257: test_repl-get_cmd-all_lists_bv-blastdepth ....................................................................................   Passed    0.06 sec
          Start 1864: test_repl-lgrs_cmd-term_rejected
1623/2642 Test  #452: test_repl-ltl_decisions-valid_sometimes_input_tautology_T ....................................................................   Passed    0.07 sec
          Start 1006: test_repl-realizable_cmd-mixed-simple_always_loopback_in_tau
1624/2642 Test #1278: test_repl-realizable_cmd-ltl_many_sorted-ms_0196_qlt_bv_sbf_hsb_qint_unreal_bv_contradiction .................................   Passed    0.09 sec
          Start 1186: test_repl-realizable_cmd-ltl_many_sorted-ms_0104_qlt_qint_tau_unreal_qlt_contradiction
1625/2642 Test  #695: test_repl-valid_cmd-hooks_wff_imply-06_non_degenerate_not_f ..................................................................   Passed    0.07 sec
          Start 1254: test_repl-realizable_cmd-ltl_many_sorted-ms_0172_qlt_bv_qint_tau_past_reference
1626/2642 Test #1293: test_repl-realizable_cmd-ltl_many_sorted-ms_0211_qlt_bv_hsb_qint_tau_g_safety_five_types .....................................   Passed    0.09 sec
          Start 2505: test_repl-strategy_exec-exec_ver_02_g_o1_eq1_5steps
1627/2642 Test #1733: test_repl-solver_cmd-hsb-solve-neq0-max ......................................................................................   Passed    0.05 sec
          Start  963: test_repl-realizable_cmd-sbf-constant_one_always_sat
1628/2642 Test #1876: test_repl-normalize_cmd_wff_mem_abs ..........................................................................................   Passed    0.06 sec
1629/2642 Test #1962: test_repl-normalize_cmd-issue185_definition_max ..............................................................................   Passed    0.06 sec
          Start 2337: test_repl-io_definition_cmd-tau_out_file
          Start 1879: test_repl-normalize_cmd-by_grammar-shape_i_02_g_fall_x_o1_and_x_eq_0
1630/2642 Test #1864: test_repl-lgrs_cmd-term_rejected .............................................................................................   Passed    0.05 sec
          Start  916: test_repl-temporal_ops-ctl_star_and_T
1631/2642 Test #1006: test_repl-realizable_cmd-mixed-simple_always_loopback_in_tau .................................................................   Passed    0.07 sec
          Start  894: test_repl-temporal_ops-normalize_trigger_prints_T
1632/2642 Test #1186: test_repl-realizable_cmd-ltl_many_sorted-ms_0104_qlt_qint_tau_unreal_qlt_contradiction .......................................   Passed    0.09 sec
          Start 1886: test_repl-normalize_cmd-by_grammar-shape_o_02_g_f_f_i1_qlt_gt_0
1633/2642 Test #2337: test_repl-io_definition_cmd-tau_out_file .....................................................................................   Passed    0.06 sec
          Start 1707: test_repl-unrealizable_cmd-T
1634/2642 Test #1879: test_repl-normalize_cmd-by_grammar-shape_i_02_g_fall_x_o1_and_x_eq_0 .........................................................   Passed    0.06 sec
          Start  743: test_repl-sat_cmd-tc-g_a_eq_0_and_g_b_eq_0_is_sat
1635/2642 Test #1254: test_repl-realizable_cmd-ltl_many_sorted-ms_0172_qlt_bv_qint_tau_past_reference ..............................................   Passed    0.09 sec
          Start  316: test_repl-get_cmd-ltldatagamemaxnodes
1636/2642 Test  #963: test_repl-realizable_cmd-sbf-constant_one_always_sat .........................................................................   Passed    0.08 sec
          Start  717: test_repl-valid_cmd-issue144_sometimes_input_tautology
1637/2642 Test #2505: test_repl-strategy_exec-exec_ver_02_g_o1_eq1_5steps ..........................................................................   Passed    0.10 sec
          Start 1253: test_repl-realizable_cmd-ltl_many_sorted-ms_0171_qlt_bv_qint_tau_implication_chain
1638/2642 Test  #916: test_repl-temporal_ops-ctl_star_and_T ........................................................................................   Passed    0.07 sec
          Start 1939: test_repl-normalize_cmd-issue183_sub_true_splits2
1639/2642 Test #1707: test_repl-unrealizable_cmd-T .................................................................................................   Passed    0.05 sec
          Start  702: test_repl-valid_cmd-hooks_wff_equiv-04_x_equiv_t_eq_x
1640/2642 Test  #894: test_repl-temporal_ops-normalize_trigger_prints_T ............................................................................   Passed    0.07 sec
          Start 1969: test_repl-qelim_cmd-form_1
1641/2642 Test #1886: test_repl-normalize_cmd-by_grammar-shape_o_02_g_f_f_i1_qlt_gt_0 ..............................................................   Passed    0.06 sec
          Start  401: test_repl-ctl_star-sat_A_F_input_like_its_body
1642/2642 Test  #743: test_repl-sat_cmd-tc-g_a_eq_0_and_g_b_eq_0_is_sat ............................................................................   Passed    0.06 sec
1643/2642 Test  #316: test_repl-get_cmd-ltldatagamemaxnodes ........................................................................................   Passed    0.06 sec
          Start 2171: test_repl-substitution_cmd-into_nnf_result
          Start 1080: test_repl-realizable_cmd-ltl_soundness_regression-three_bv_atoms_independent_variables
1644/2642 Test  #717: test_repl-valid_cmd-issue144_sometimes_input_tautology .......................................................................   Passed    0.07 sec
          Start 1431: test_repl-realizable_cmd-by_grammar-shape_c_13_g_a1_a2_a3
1645/2642 Test #1253: test_repl-realizable_cmd-ltl_many_sorted-ms_0171_qlt_bv_qint_tau_implication_chain ...........................................   Passed    0.09 sec
1646/2642 Test #1939: test_repl-normalize_cmd-issue183_sub_true_splits2 ............................................................................   Passed    0.08 sec
          Start 1812: test_repl-solver_cmd-sbf-solve_system-monotonicity3_y1
          Start 1755: test_repl-solver_cmd-qint-solve-unsatisfiable
1647/2642 Test  #702: test_repl-valid_cmd-hooks_wff_equiv-04_x_equiv_t_eq_x ........................................................................   Passed    0.07 sec
          Start 1081: test_repl-realizable_cmd-ltl_soundness_regression-triple_over_single_qlt_output_unsat
1648/2642 Test  #401: test_repl-ctl_star-sat_A_F_input_like_its_body ...............................................................................   Passed    0.07 sec
          Start  977: test_repl-realizable_cmd-qint-half_open_interval_sat
1649/2642 Test #1969: test_repl-qelim_cmd-form_1 ...................................................................................................   Passed    0.07 sec
          Start  467: test_repl-ltl_decisions-issue131_sbf_term
1650/2642 Test #2171: test_repl-substitution_cmd-into_nnf_result ...................................................................................   Passed    0.07 sec
          Start 1948: test_repl-normalize_cmd-qlt_pinned_neq_valid
1651/2642 Test #1080: test_repl-realizable_cmd-ltl_soundness_regression-three_bv_atoms_independent_variables .......................................   Passed    0.09 sec
          Start  835: test_repl-sat_cmd-warm_up_tautology_sometimes
1652/2642 Test  #467: test_repl-ltl_decisions-issue131_sbf_term ....................................................................................   Passed    0.05 sec
          Start  375: test_repl-ba_options-no_such_family
1653/2642 Test #1431: test_repl-realizable_cmd-by_grammar-shape_c_13_g_a1_a2_a3 ....................................................................   Passed    0.09 sec
1654/2642 Test #1755: test_repl-solver_cmd-qint-solve-unsatisfiable ................................................................................   Passed    0.07 sec
          Start  875: test_repl-temporal_ops-realizable_G
          Start 1116: test_repl-realizable_cmd-ltl_many_sorted-ms_0034_sbf_qint_unreal_forced_sbf_negation_contradiction
1655/2642 Test #1812: test_repl-solver_cmd-sbf-solve_system-monotonicity3_y1 .......................................................................   Passed    0.07 sec
          Start 1244: test_repl-realizable_cmd-ltl_many_sorted-ms_0162_qlt_bv_hsb_tau_g_safety_four_types
1656/2642 Test #1081: test_repl-realizable_cmd-ltl_soundness_regression-triple_over_single_qlt_output_unsat ........................................   Passed    0.07 sec
          Start  627: test_repl-option_alias-c
1657/2642 Test  #977: test_repl-realizable_cmd-qint-half_open_interval_sat .........................................................................   Passed    0.07 sec
          Start  877: test_repl-temporal_ops-normalize_brackets_prints_always
1658/2642 Test #1948: test_repl-normalize_cmd-qlt_pinned_neq_valid .................................................................................   Passed    0.07 sec
          Start 1302: test_repl-realizable_cmd-ltl_many_sorted-ms_0220_bv_sbf_hsb_qint_tau_unreal_bv_contradiction
1659/2642 Test  #835: test_repl-sat_cmd-warm_up_tautology_sometimes ................................................................................   Passed    0.07 sec
          Start  279: test_repl-set_cmd-severity_error
1660/2642 Test  #627: test_repl-option_alias-c .....................................................................................................   Passed    0.05 sec
          Start  451: test_repl-ltl_decisions-valid_F_input_F
1661/2642 Test  #375: test_repl-ba_options-no_such_family ..........................................................................................   Passed    0.06 sec
          Start  428: test_repl-ltl_decisions-quantifier_under_temporal_undecided
1662/2642 Test #1116: test_repl-realizable_cmd-ltl_many_sorted-ms_0034_sbf_qint_unreal_forced_sbf_negation_contradiction ...........................   Passed    0.06 sec
          Start 1070: test_repl-realizable_cmd-ltl_benchmarks-lb_10_priority_arbiter_g_i1_o1_o1_i1_i2
1663/2642 Test  #877: test_repl-temporal_ops-normalize_brackets_prints_always ......................................................................   Passed    0.06 sec
          Start  410: test_repl-ctl_star-sat_semneg_realizable_body
1664/2642 Test  #875: test_repl-temporal_ops-realizable_G ..........................................................................................   Passed    0.08 sec
          Start  197: test_repl-help_run_cmd
1665/2642 Test #1244: test_repl-realizable_cmd-ltl_many_sorted-ms_0162_qlt_bv_hsb_tau_g_safety_four_types ..........................................   Passed    0.08 sec
          Start  609: test_repl-evalspec-overflow
1666/2642 Test  #279: test_repl-set_cmd-severity_error .............................................................................................   Passed    0.06 sec
          Start 2480: test_repl-strategy_exec-exec_g_04_g_o1_eq_tau_bot_4steps
1667/2642 Test #1302: test_repl-realizable_cmd-ltl_many_sorted-ms_0220_bv_sbf_hsb_qint_tau_unreal_bv_contradiction .................................   Passed    0.09 sec
1668/2642 Test  #451: test_repl-ltl_decisions-valid_F_input_F ......................................................................................   Passed    0.06 sec
          Start 1924: test_repl-normalize_cmd-cast_result_types_untyped_sibling
          Start 1845: test_repl-solver_cmd-sbf_one
1669/2642 Test  #428: test_repl-ltl_decisions-quantifier_under_temporal_undecided ..................................................................   Passed    0.06 sec
          Start  412: test_repl-ctl_star-sat_always_A_output
1670/2642 Test  #410: test_repl-ctl_star-sat_semneg_realizable_body ................................................................................   Passed    0.06 sec
          Start  262: test_repl-get_cmd-cachebound_zero_is_unlimited
1671/2642 Test #1070: test_repl-realizable_cmd-ltl_benchmarks-lb_10_priority_arbiter_g_i1_o1_o1_i1_i2 ..............................................   Passed    0.07 sec
          Start 1333: test_repl-realizable_cmd-ltl_correctness-equiv_01_r1_g_o_eq_0
1672/2642 Test  #197: test_repl-help_run_cmd .......................................................................................................   Passed    0.08 sec
          Start 1055: test_repl-realizable_cmd-bv-cvc5-exists_sat
1673/2642 Test  #609: test_repl-evalspec-overflow ..................................................................................................   Passed    0.08 sec
          Start 1768: test_repl-solver_cmd-qlt-solve-neq0_neq1
1674/2642 Test #1845: test_repl-solver_cmd-sbf_one .................................................................................................   Passed    0.05 sec
          Start 1171: test_repl-realizable_cmd-ltl_many_sorted-ms_0089_qlt_sbf_tau_g_safety_three_types
1675/2642 Test #1924: test_repl-normalize_cmd-cast_result_types_untyped_sibling ....................................................................   Passed    0.06 sec
          Start  276: test_repl-get_cmd-indenting
1676/2642 Test #2480: test_repl-strategy_exec-exec_g_04_g_o1_eq_tau_bot_4steps .....................................................................   Passed    0.07 sec
          Start 2210: test_repl-normal_forms-cnf_wff_F
1677/2642 Test  #262: test_repl-get_cmd-cachebound_zero_is_unlimited ...............................................................................   Passed    0.06 sec
          Start 1062: test_repl-realizable_cmd-ltl_benchmarks-lb_02_safety_echo_g_o1_i1
1678/2642 Test #1333: test_repl-realizable_cmd-ltl_correctness-equiv_01_r1_g_o_eq_0 ................................................................   Passed    0.06 sec
          Start 2107: test_repl-run_cmd-invalid_spec
1679/2642 Test  #412: test_repl-ctl_star-sat_always_A_output .......................................................................................   Passed    0.08 sec
          Start 1956: test_repl-normalize_cmd-qlt_density_strict
1680/2642 Test #1055: test_repl-realizable_cmd-bv-cvc5-exists_sat ..................................................................................   Passed    0.06 sec
          Start 2596: test_repl-cli-blasting_default_off
1681/2642 Test #1768: test_repl-solver_cmd-qlt-solve-neq0_neq1 .....................................................................................   Passed    0.07 sec
          Start 1032: test_repl-realizable_cmd-mixed-sbf_contradiction_with_hsb_unsat
1682/2642 Test  #276: test_repl-get_cmd-indenting ..................................................................................................   Passed    0.06 sec
          Start 1773: test_repl-solver_cmd-qlt-solve-interval_via_lteq
1683/2642 Test #2210: test_repl-normal_forms-cnf_wff_F .............................................................................................   Passed    0.06 sec
          Start 1893: test_repl-normalize_cmd-hooks_wff_imply-05_x_imply_x_eq_t
1684/2642 Test #1171: test_repl-realizable_cmd-ltl_many_sorted-ms_0089_qlt_sbf_tau_g_safety_three_types ............................................   Passed    0.08 sec
          Start  236: test_repl-get_cmd-lists_gc_defaults
1685/2642 Test #1062: test_repl-realizable_cmd-ltl_benchmarks-lb_02_safety_echo_g_o1_i1 ............................................................   Passed    0.08 sec
1686/2642 Test #2596: test_repl-cli-blasting_default_off ...........................................................................................   Passed    0.06 sec
          Start  898: test_repl-temporal_ops-sat_A_G_output
          Start 1866: test_repl-normalize_cmd_nso
1687/2642 Test #2107: test_repl-run_cmd-invalid_spec ...............................................................................................   Passed    0.07 sec
          Start  866: test_repl-temporal_ops-trigger_T_beside_constant_T
1688/2642 Test #1956: test_repl-normalize_cmd-qlt_density_strict ...................................................................................   Passed    0.08 sec
          Start  910: test_repl-temporal_ops-normalize_A_prints_A_always
1689/2642 Test #1773: test_repl-solver_cmd-qlt-solve-interval_via_lteq .............................................................................   Passed    0.06 sec
          Start 1843: test_repl-solver_cmd-sbf-solve-bv_conjunction-max
1690/2642 Test #1032: test_repl-realizable_cmd-mixed-sbf_contradiction_with_hsb_unsat ..............................................................   Passed    0.07 sec
          Start 1143: test_repl-realizable_cmd-ltl_many_sorted-ms_0061_qlt_bv_hsb_unreal_bv_contradiction
1691/2642 Test #1893: test_repl-normalize_cmd-hooks_wff_imply-05_x_imply_x_eq_t ....................................................................   Passed    0.06 sec
          Start 1953: test_repl-normalize_cmd-fex_binder_solve
1692/2642 Test  #236: test_repl-get_cmd-lists_gc_defaults ..........................................................................................   Passed    0.06 sec
          Start 1075: test_repl-realizable_cmd-ltl_multi_type_oracle-mt_05_g_qlt_g_qint_both_real_real
1693/2642 Test #1866: test_repl-normalize_cmd_nso ..................................................................................................   Passed    0.06 sec
          Start  345: test_repl-set_cmd-defpasses
1694/2642 Test  #898: test_repl-temporal_ops-sat_A_G_output ........................................................................................   Passed    0.07 sec
          Start  755: test_repl-sat_cmd-tc-g_a_iff_f_a_same_a_hold_forever
1695/2642 Test  #866: test_repl-temporal_ops-trigger_T_beside_constant_T ...........................................................................   Passed    0.07 sec
1696/2642 Test  #910: test_repl-temporal_ops-normalize_A_prints_A_always ...........................................................................   Passed    0.06 sec
          Start 1822: test_repl-solver_cmd-sbf-solve-neq0_neq1-max
          Start 1830: test_repl-solver_cmd-sbf-solve-lucca_interpreter_sbf-min
1697/2642 Test #1953: test_repl-normalize_cmd-fex_binder_solve .....................................................................................   Passed    0.06 sec
          Start  980: test_repl-realizable_cmd-qint-disjoint_intervals_always_unsat
1698/2642 Test #1843: test_repl-solver_cmd-sbf-solve-bv_conjunction-max ............................................................................   Passed    0.08 sec
          Start 1178: test_repl-realizable_cmd-ltl_many_sorted-ms_0096_qlt_hsb_qint_unreal_qlt_contradiction
1699/2642 Test #1075: test_repl-realizable_cmd-ltl_multi_type_oracle-mt_05_g_qlt_g_qint_both_real_real .............................................   Passed    0.07 sec
          Start 1874: test_repl-normalize_cmd_wff_nonmem
1700/2642 Test #1143: test_repl-realizable_cmd-ltl_many_sorted-ms_0061_qlt_bv_hsb_unreal_bv_contradiction ..........................................   Passed    0.08 sec
          Start  509: test_repl-ltl_env-qe_flag_beats_env
1701/2642 Test  #345: test_repl-set_cmd-defpasses ..................................................................................................   Passed    0.06 sec
          Start 2352: test_repl-adt-run_alias_stream
1702/2642 Test #1830: test_repl-solver_cmd-sbf-solve-lucca_interpreter_sbf-min .....................................................................   Passed    0.06 sec
          Start  758: test_repl-sat_cmd-tc-f_or_f_sat
1703/2642 Test #1822: test_repl-solver_cmd-sbf-solve-neq0_neq1-max .................................................................................   Passed    0.06 sec
          Start  188: test_repl-help_mnf_cmd
1704/2642 Test  #755: test_repl-sat_cmd-tc-g_a_iff_f_a_same_a_hold_forever .........................................................................   Passed    0.07 sec
          Start 1166: test_repl-realizable_cmd-ltl_many_sorted-ms_0084_qlt_sbf_qint_g_safety_three_types
1705/2642 Test  #980: test_repl-realizable_cmd-qint-disjoint_intervals_always_unsat ................................................................   Passed    0.06 sec
          Start  429: test_repl-ltl_decisions-positional_under_F_no_abort
1706/2642 Test #1874: test_repl-normalize_cmd_wff_nonmem ...........................................................................................   Passed    0.06 sec
          Start 1588: test_repl-realizable_cmd-ltl_qlt_bv-qr_04_g_open_interval_0_1
1707/2642 Test  #509: test_repl-ltl_env-qe_flag_beats_env ..........................................................................................   Passed    0.07 sec
          Start 1965: test_repl-normalize_cmd-issue185_fallback_max
1708/2642 Test #1178: test_repl-realizable_cmd-ltl_many_sorted-ms_0096_qlt_hsb_qint_unreal_qlt_contradiction .......................................   Passed    0.08 sec
          Start 2365: test_repl-reset_cmd-stops_run
1709/2642 Test  #758: test_repl-sat_cmd-tc-f_or_f_sat ..............................................................................................   Passed    0.06 sec
          Start 1739: test_repl-solver_cmd-qint-find_solution-one_var
1710/2642 Test  #188: test_repl-help_mnf_cmd .......................................................................................................   Passed    0.07 sec
          Start 1844: test_repl-solver_cmd-sbf-solve-bv_unsatisfiable
1711/2642 Test #2352: test_repl-adt-run_alias_stream ...............................................................................................   Passed    0.08 sec
          Start 2320: test_repl-definitions-rec_bound_var_step_1_false
1712/2642 Test #1166: test_repl-realizable_cmd-ltl_many_sorted-ms_0084_qlt_sbf_qint_g_safety_three_types ...........................................   Passed    0.07 sec
          Start 1714: test_repl-unrealizable_cmd-mem_rel
1713/2642 Test  #429: test_repl-ltl_decisions-positional_under_F_no_abort ..........................................................................   Passed    0.07 sec
          Start  897: test_repl-temporal_ops-sat_A_brackets_output
1714/2642 Test #1588: test_repl-realizable_cmd-ltl_qlt_bv-qr_04_g_open_interval_0_1 ................................................................   Passed    0.07 sec
          Start  508: test_repl-ltl_env-qe_env_is_validated
1715/2642 Test #1739: test_repl-solver_cmd-qint-find_solution-one_var ..............................................................................   Passed    0.06 sec
          Start 1083: test_repl-realizable_cmd-ltl_many_sorted-ms_0001_qlt_bv_g_implication_across_types
1716/2642 Test #2365: test_repl-reset_cmd-stops_run ................................................................................................   Passed    0.07 sec
          Start 1009: test_repl-realizable_cmd-mixed-simple_always_constant_position
1717/2642 Test #1965: test_repl-normalize_cmd-issue185_fallback_max ................................................................................   Passed    0.08 sec
          Start  269: test_repl-get_cmd-all_lists_bv-widening
1718/2642 Test #1844: test_repl-solver_cmd-sbf-solve-bv_unsatisfiable ..............................................................................   Passed    0.07 sec
          Start  739: test_repl-sat_cmd-tc-g_a_and_g_b_disjoint_outputs
1719/2642 Test #1714: test_repl-unrealizable_cmd-mem_rel ...........................................................................................   Passed    0.07 sec
          Start 1119: test_repl-realizable_cmd-ltl_many_sorted-ms_0037_sbf_tau_unreal_tau_forced_t_and_f
1720/2642 Test #2320: test_repl-definitions-rec_bound_var_step_1_false .............................................................................   Passed    0.08 sec
          Start  612: test_repl-evalspec-huge_value
1721/2642 Test  #508: test_repl-ltl_env-qe_env_is_validated ........................................................................................   Passed    0.06 sec
          Start 1188: test_repl-realizable_cmd-ltl_many_sorted-ms_0106_bv_sbf_hsb_g_safety_three_types
1722/2642 Test  #897: test_repl-temporal_ops-sat_A_brackets_output .................................................................................   Passed    0.08 sec
          Start  519: test_repl-ltl_env-pwr_semantic_flag
1723/2642 Test #1009: test_repl-realizable_cmd-mixed-simple_always_constant_position ...............................................................   Passed    0.07 sec
1724/2642 Test  #269: test_repl-get_cmd-all_lists_bv-widening ......................................................................................   Passed    0.07 sec
          Start  305: test_repl-get_cmd-pwrsemantic
          Start 1241: test_repl-realizable_cmd-ltl_many_sorted-ms_0159_qlt_bv_hsb_qint_implication
1725/2642 Test #1083: test_repl-realizable_cmd-ltl_many_sorted-ms_0001_qlt_bv_g_implication_across_types ...........................................   Passed    0.08 sec
          Start 2340: test_repl-io_definition_cmd-w_prefix_in_rejected
1726/2642 Test  #739: test_repl-sat_cmd-tc-g_a_and_g_b_disjoint_outputs ............................................................................   Passed    0.07 sec
          Start  552: test_repl-tref_budget_env_is_the_fallback
1727/2642 Test #1119: test_repl-realizable_cmd-ltl_many_sorted-ms_0037_sbf_tau_unreal_tau_forced_t_and_f ...........................................   Passed    0.09 sec
1728/2642 Test  #612: test_repl-evalspec-huge_value ................................................................................................   Passed    0.08 sec
          Start  261: test_repl-get_cmd-cachebound_default_finite
          Start 1060: test_repl-realizable_cmd-bv-cvc5-typed_plus_one_lt_unsat
1729/2642 Test  #519: test_repl-ltl_env-pwr_semantic_flag ..........................................................................................   Passed    0.06 sec
          Start 2161: test_repl-substitution_cmd_wff8
1730/2642 Test #1188: test_repl-realizable_cmd-ltl_many_sorted-ms_0106_bv_sbf_hsb_g_safety_three_types .............................................   Passed    0.07 sec
          Start 1779: test_repl-solver_cmd-qlt-solve-inconsistent_cycle
1731/2642 Test  #305: test_repl-get_cmd-pwrsemantic ................................................................................................   Passed    0.05 sec
          Start  724: test_repl-valid_cmd-issue144_input_excluded_middle
1732/2642 Test  #552: test_repl-tref_budget_env_is_the_fallback ....................................................................................   Passed    0.06 sec
          Start 1870: test_repl-normalize_cmd_pred_app_1
1733/2642 Test #2340: test_repl-io_definition_cmd-w_prefix_in_rejected .............................................................................   Passed    0.07 sec
          Start  518: test_repl-ltl_env-closed_regions_timeout_flag_beats_env
1734/2642 Test #1241: test_repl-realizable_cmd-ltl_many_sorted-ms_0159_qlt_bv_hsb_qint_implication .................................................   Passed    0.08 sec
          Start 1029: test_repl-realizable_cmd-mixed-sbf_and_qint_always_sat
1735/2642 Test  #261: test_repl-get_cmd-cachebound_default_finite ..................................................................................   Passed    0.06 sec
          Start  987: test_repl-realizable_cmd-qlt-contradictory_bounds_unsat
1736/2642 Test #1779: test_repl-solver_cmd-qlt-solve-inconsistent_cycle ............................................................................   Passed    0.05 sec
          Start 1108: test_repl-realizable_cmd-ltl_many_sorted-ms_0026_bv_tau_g_implication
1737/2642 Test #2161: test_repl-substitution_cmd_wff8 ..............................................................................................   Passed    0.06 sec
          Start 2278: test_repl-history_store_cmd-printers-identical_05_paren_a_or_b_x_eq_0
1738/2642 Test #1060: test_repl-realizable_cmd-bv-cvc5-typed_plus_one_lt_unsat .....................................................................   Passed    0.07 sec
          Start  307: test_repl-enable_cmd-pwrsemantic
1739/2642 Test  #724: test_repl-valid_cmd-issue144_input_excluded_middle ...........................................................................   Passed    0.07 sec
          Start  839: test_repl-sat_cmd-warm_up_tautology_valid_implied
1740/2642 Test  #518: test_repl-ltl_env-closed_regions_timeout_flag_beats_env ......................................................................   Passed    0.05 sec
1741/2642 Test #1870: test_repl-normalize_cmd_pred_app_1 ...........................................................................................   Passed    0.07 sec
          Start  378: test_repl-ba_options-defelim_flag
          Start  748: test_repl-sat_cmd-tc-g_or_g_sat_either_witness
1742/2642 Test #1029: test_repl-realizable_cmd-mixed-sbf_and_qint_always_sat .......................................................................   Passed    0.07 sec
          Start  189: test_repl-help_shortened-onf_cmd
1743/2642 Test  #987: test_repl-realizable_cmd-qlt-contradictory_bounds_unsat ......................................................................   Passed    0.07 sec
          Start  721: test_repl-valid_cmd-issue144_sometimes_input_atom
1744/2642 Test #2278: test_repl-history_store_cmd-printers-identical_05_paren_a_or_b_x_eq_0 ........................................................   Passed    0.07 sec
          Start 1027: test_repl-realizable_cmd-mixed-tau_and_sbf_always_sat
1745/2642 Test #1108: test_repl-realizable_cmd-ltl_many_sorted-ms_0026_bv_tau_g_implication ........................................................   Passed    0.08 sec
          Start  989: test_repl-realizable_cmd-qlt-open_interval_sat
1746/2642 Test  #307: test_repl-enable_cmd-pwrsemantic .............................................................................................   Passed    0.08 sec
          Start 1933: test_repl-normalize_cmd-qlt_nested_equiv_valid
1747/2642 Test  #839: test_repl-sat_cmd-warm_up_tautology_valid_implied ............................................................................   Passed    0.06 sec
          Start  653: test_repl-option_alias-maxflagsearchsteps
1748/2642 Test  #378: test_repl-ba_options-defelim_flag ............................................................................................   Passed    0.06 sec
          Start 2190: test_repl-substitution_cmd_type_mismatch_multi
1749/2642 Test  #748: test_repl-sat_cmd-tc-g_or_g_sat_either_witness ...............................................................................   Passed    0.07 sec
          Start  237: test_repl-get_cmd-lists_specsizewarn_off
1750/2642 Test  #189: test_repl-help_shortened-onf_cmd .............................................................................................   Passed    0.06 sec
          Start  741: test_repl-sat_cmd-tc-each_conjunct_in_isolation_is_sat_o1
1751/2642 Test  #721: test_repl-valid_cmd-issue144_sometimes_input_atom ............................................................................   Passed    0.07 sec
          Start 1888: test_repl-normalize_cmd-by_grammar-shape_o_04_f_i1_gt_0_until_f_i2_gt_0
1752/2642 Test #1027: test_repl-realizable_cmd-mixed-tau_and_sbf_always_sat ........................................................................   Passed    0.06 sec
          Start  346: test_repl-set_cmd-enumsteps
1753/2642 Test  #653: test_repl-option_alias-maxflagsearchsteps ....................................................................................   Passed    0.06 sec
          Start 1751: test_repl-solver_cmd-qint-solve-neq0_neq1
1754/2642 Test  #989: test_repl-realizable_cmd-qlt-open_interval_sat ...............................................................................   Passed    0.07 sec
          Start 2077: test_repl-run_cmd-ltl_aba_execution-g9_05_sbf_self_lookback_5steps
1755/2642 Test #1933: test_repl-normalize_cmd-qlt_nested_equiv_valid ...............................................................................   Passed    0.06 sec
          Start 1784: test_repl-solver_cmd-mixed-unsatisfiable
1756/2642 Test  #237: test_repl-get_cmd-lists_specsizewarn_off .....................................................................................   Passed    0.06 sec
          Start 1174: test_repl-realizable_cmd-ltl_many_sorted-ms_0092_qlt_sbf_tau_implication_from_sbf_to_tau
1757/2642 Test #2190: test_repl-substitution_cmd_type_mismatch_multi ...............................................................................   Passed    0.08 sec
          Start  920: test_repl-unsat_cmd-F
1758/2642 Test  #741: test_repl-sat_cmd-tc-each_conjunct_in_isolation_is_sat_o1 ....................................................................   Passed    0.06 sec
          Start 1938: test_repl-normalize_cmd-issue183_sub_true_splits0
1759/2642 Test #1784: test_repl-solver_cmd-mixed-unsatisfiable .....................................................................................   Passed    0.06 sec
          Start 1946: test_repl-normalize_cmd-issue185_juxtaposed_min_sat
1760/2642 Test #1888: test_repl-normalize_cmd-by_grammar-shape_o_04_f_i1_gt_0_until_f_i2_gt_0 ......................................................   Passed    0.09 sec
1761/2642 Test  #346: test_repl-set_cmd-enumsteps ..................................................................................................   Passed    0.08 sec
          Start 1266: test_repl-realizable_cmd-ltl_many_sorted-ms_0184_qlt_hsb_qint_tau_g_safety_four_types
          Start  301: test_repl-set_cmd-ltlhoamaxstates
1762/2642 Test #1751: test_repl-solver_cmd-qint-solve-neq0_neq1 ....................................................................................   Passed    0.09 sec
          Start 1168: test_repl-realizable_cmd-ltl_many_sorted-ms_0086_qlt_sbf_qint_unreal_sbf_contradiction
1763/2642 Test #1174: test_repl-realizable_cmd-ltl_many_sorted-ms_0092_qlt_sbf_tau_implication_from_sbf_to_tau .....................................   Passed    0.08 sec
          Start  315: test_repl-set_cmd-ltlwindowmaxpaths
1764/2642 Test #2077: test_repl-run_cmd-ltl_aba_execution-g9_05_sbf_self_lookback_5steps ...........................................................   Passed    0.10 sec
          Start  937: test_repl-realizable_cmd-wff_sat
1765/2642 Test  #920: test_repl-unsat_cmd-F ........................................................................................................   Passed    0.08 sec
          Start  173: test_repl-help_cmd-full
1766/2642 Test #1938: test_repl-normalize_cmd-issue183_sub_true_splits0 ............................................................................   Passed    0.11 sec
          Start 1730: test_repl-solver_cmd-hsb-solve_system-relational
1767/2642 Test #1946: test_repl-normalize_cmd-issue185_juxtaposed_min_sat ..........................................................................   Passed    0.08 sec
          Start  256: test_repl-get_cmd-all_lists_maxconstantsize
1768/2642 Test  #301: test_repl-set_cmd-ltlhoamaxstates ............................................................................................   Passed    0.09 sec
          Start 1251: test_repl-realizable_cmd-ltl_many_sorted-ms_0169_qlt_bv_qint_tau_unreal_qlt_contradiction
1769/2642 Test  #173: test_repl-help_cmd-full ......................................................................................................   Passed    0.06 sec
          Start  961: test_repl-realizable_cmd-bool-this_stream_is_input_stream
1770/2642 Test  #315: test_repl-set_cmd-ltlwindowmaxpaths ..........................................................................................   Passed    0.08 sec
          Start 1957: test_repl-normalize_cmd-qlt_density_closed_some
1771/2642 Test #1266: test_repl-realizable_cmd-ltl_many_sorted-ms_0184_qlt_hsb_qint_tau_g_safety_four_types ........................................   Passed    0.13 sec
          Start  238: test_repl-get_cmd-all_lists_maxsplits
1772/2642 Test  #937: test_repl-realizable_cmd-wff_sat .............................................................................................   Passed    0.11 sec
1773/2642 Test #1168: test_repl-realizable_cmd-ltl_many_sorted-ms_0086_qlt_sbf_qint_unreal_sbf_contradiction .......................................   Passed    0.12 sec
          Start 1163: test_repl-realizable_cmd-ltl_many_sorted-ms_0081_qlt_sbf_hsb_implication_from_sbf_to_hsb
          Start  342: test_repl-set_cmd-bv_blastdepth
1774/2642 Test #1730: test_repl-solver_cmd-hsb-solve_system-relational .............................................................................   Passed    0.10 sec
          Start 1649: test_repl-realizable_cmd-bv-bare_strict_increase_unrealizable
1775/2642 Test  #256: test_repl-get_cmd-all_lists_maxconstantsize ..................................................................................   Passed    0.10 sec
          Start 1429: test_repl-realizable_cmd-by_grammar-shape_c_11_g_a1_a2_a3
1776/2642 Test  #961: test_repl-realizable_cmd-bool-this_stream_is_input_stream ....................................................................   Passed    0.08 sec
          Start  646: test_repl-severity_value-debug
1777/2642 Test #1251: test_repl-realizable_cmd-ltl_many_sorted-ms_0169_qlt_bv_qint_tau_unreal_qlt_contradiction ....................................   Passed    0.10 sec
          Start 1248: test_repl-realizable_cmd-ltl_many_sorted-ms_0166_qlt_bv_hsb_tau_unreal_bv_contradiction
1778/2642 Test  #238: test_repl-get_cmd-all_lists_maxsplits ........................................................................................   Passed    0.07 sec
          Start  837: test_repl-sat_cmd-warm_up_tautology_valid_negation
1779/2642 Test #1957: test_repl-normalize_cmd-qlt_density_closed_some ..............................................................................   Passed    0.10 sec
          Start 2229: test_repl-normal_forms-dnf_wff_mem_rel
1780/2642 Test  #342: test_repl-set_cmd-bv_blastdepth ..............................................................................................   Passed    0.08 sec
          Start 1589: test_repl-realizable_cmd-ltl_qlt_bv-qr_05_g_open_interval_half_three_quarters
1781/2642 Test #1163: test_repl-realizable_cmd-ltl_many_sorted-ms_0081_qlt_sbf_hsb_implication_from_sbf_to_hsb .....................................   Passed    0.09 sec
          Start 1967: test_repl-qelim_cmd-abs_mem
1782/2642 Test  #646: test_repl-severity_value-debug ...............................................................................................   Passed    0.06 sec
          Start  381: test_repl-ba_options-defelim_rounds_unlimited
1783/2642 Test #1429: test_repl-realizable_cmd-by_grammar-shape_c_11_g_a1_a2_a3 ....................................................................   Passed    0.07 sec
          Start 2111: test_repl-run_cmd-continue_running-genuine_step_error_finite
1784/2642 Test #1649: test_repl-realizable_cmd-bv-bare_strict_increase_unrealizable ................................................................   Passed    0.09 sec
          Start  324: test_repl-get_cmd-qlt_const_output_max
1785/2642 Test  #837: test_repl-sat_cmd-warm_up_tautology_valid_negation ...........................................................................   Passed    0.07 sec
          Start 1573: test_repl-realizable_cmd-by_grammar-shape_u_04_explicit_f_always_false
1786/2642 Test #2229: test_repl-normal_forms-dnf_wff_mem_rel .......................................................................................   Passed    0.06 sec
          Start 2213: test_repl-normal_forms-cnf_wff_mem_abs
1787/2642 Test #1248: test_repl-realizable_cmd-ltl_many_sorted-ms_0166_qlt_bv_hsb_tau_unreal_bv_contradiction ......................................   Passed    0.08 sec
          Start 1399: test_repl-realizable_cmd-by_grammar-shape_a_21_f_a1
1788/2642 Test #1589: test_repl-realizable_cmd-ltl_qlt_bv-qr_05_g_open_interval_half_three_quarters ................................................   Passed    0.07 sec
          Start 1337: test_repl-realizable_cmd-ltl_correctness-equiv_04_r1_g_o_eq_0_and_g_o_eq_0
1789/2642 Test #1967: test_repl-qelim_cmd-abs_mem ..................................................................................................   Passed    0.07 sec
          Start 1433: test_repl-realizable_cmd-by_grammar-shape_c_15_g_a1_a2_a2_a3
1790/2642 Test  #381: test_repl-ba_options-defelim_rounds_unlimited ................................................................................   Passed    0.07 sec
          Start 1875: test_repl-normalize_cmd_wff_mem_rel
1791/2642 Test  #324: test_repl-get_cmd-qlt_const_output_max .......................................................................................   Passed    0.06 sec
          Start 2266: test_repl-history_store_cmd-sbf_fail
1792/2642 Test #2111: test_repl-run_cmd-continue_running-genuine_step_error_finite .................................................................   Passed    0.08 sec
          Start 1260: test_repl-realizable_cmd-ltl_many_sorted-ms_0178_qlt_sbf_hsb_tau_unreal_tau_contradiction
1793/2642 Test #2213: test_repl-normal_forms-cnf_wff_mem_abs .......................................................................................   Passed    0.06 sec
          Start 1936: test_repl-normalize_cmd-issue183_sub_true
1794/2642 Test #1573: test_repl-realizable_cmd-by_grammar-shape_u_04_explicit_f_always_false .......................................................   Passed    0.07 sec
          Start  450: test_repl-ltl_decisions-valid_sometimes_input_F
1795/2642 Test #1399: test_repl-realizable_cmd-by_grammar-shape_a_21_f_a1 ..........................................................................   Passed    0.08 sec
          Start 2496: test_repl-strategy_exec-exec_sbf_01_g_o1_eq_sbf_x_and_y_4steps
1796/2642 Test #1337: test_repl-realizable_cmd-ltl_correctness-equiv_04_r1_g_o_eq_0_and_g_o_eq_0 ...................................................   Passed    0.07 sec
          Start 2314: test_repl-definitions-quant_body_witness
1797/2642 Test #1875: test_repl-normalize_cmd_wff_mem_rel ..........................................................................................   Passed    0.07 sec
1798/2642 Test #2266: test_repl-history_store_cmd-sbf_fail .........................................................................................   Passed    0.06 sec
          Start 2556: test_repl-cli-limit_long-max_enum_steps
          Start 2085: test_repl-run_cmd-ltl_aba_execution-g11_03_bv_g_b11110000_6steps
1799/2642 Test #1433: test_repl-realizable_cmd-by_grammar-shape_c_15_g_a1_a2_a2_a3 .................................................................   Passed    0.10 sec
          Start 1754: test_repl-solver_cmd-qint-solve-two_vars
1800/2642 Test #1936: test_repl-normalize_cmd-issue183_sub_true ....................................................................................   Passed    0.07 sec
          Start 1480: test_repl-realizable_cmd-by_grammar-shape_l_02_g_a1_a2_a3
1801/2642 Test #1260: test_repl-realizable_cmd-ltl_many_sorted-ms_0178_qlt_sbf_hsb_tau_unreal_tau_contradiction ....................................   Passed    0.08 sec
1802/2642 Test  #450: test_repl-ltl_decisions-valid_sometimes_input_F ..............................................................................   Passed    0.07 sec
          Start  823: test_repl-sat_cmd-warm_up_same_lookback
          Start 2353: test_repl-adt-type_def_echo_parents
1803/2642 Test #2496: test_repl-strategy_exec-exec_sbf_01_g_o1_eq_sbf_x_and_y_4steps ...............................................................   Passed    0.08 sec
          Start 2601: test_repl-cli-bv_widening_flag_changes_semantics
1804/2642 Test #2314: test_repl-definitions-quant_body_witness .....................................................................................   Passed    0.07 sec
          Start  600: test_repl-disable_cmd-benchmarks
1805/2642 Test #1754: test_repl-solver_cmd-qint-solve-two_vars .....................................................................................   Passed    0.06 sec
          Start  706: test_repl-valid_cmd-hooks_wff_conditional-04_non_degenerate_ne_x
1806/2642 Test #2556: test_repl-cli-limit_long-max_enum_steps ......................................................................................   Passed    0.07 sec
          Start 2219: test_repl-normal_forms-cnf_bf_mem_abs
1807/2642 Test #2085: test_repl-run_cmd-ltl_aba_execution-g11_03_bv_g_b11110000_6steps .............................................................   Passed    0.07 sec
          Start  750: test_repl-sat_cmd-tc-g_contradiction_or_g_satisfiable_sat_via_right_disjunct
1808/2642 Test #1480: test_repl-realizable_cmd-by_grammar-shape_l_02_g_a1_a2_a3 ....................................................................   Passed    0.07 sec
          Start  313: test_repl-set_cmd-ltlrefinementrounds_unlimited
1809/2642 Test #2353: test_repl-adt-type_def_echo_parents ..........................................................................................   Passed    0.07 sec
          Start  300: test_repl-get_cmd-ltlhoamaxstates
1810/2642 Test  #823: test_repl-sat_cmd-warm_up_same_lookback ......................................................................................   Passed    0.08 sec
          Start 2133: test_repl-instantiation_cmd_wff2
1811/2642 Test #2601: test_repl-cli-bv_widening_flag_changes_semantics .............................................................................   Passed    0.06 sec
          Start 1820: test_repl-solver_cmd-sbf-solve-neq0_neq1
1812/2642 Test  #600: test_repl-disable_cmd-benchmarks .............................................................................................   Passed    0.07 sec
          Start 2174: test_repl-substitution_cmd-into_result_non_default_type
1813/2642 Test #2219: test_repl-normal_forms-cnf_bf_mem_abs ........................................................................................   Passed    0.06 sec
          Start  302: test_repl-get_cmd-ltlguardmaxcubes
1814/2642 Test  #706: test_repl-valid_cmd-hooks_wff_conditional-04_non_degenerate_ne_x .............................................................   Passed    0.08 sec
          Start  402: test_repl-ctl_star-sat_A_F_output
1815/2642 Test  #750: test_repl-sat_cmd-tc-g_contradiction_or_g_satisfiable_sat_via_right_disjunct .................................................   Passed    0.07 sec
1816/2642 Test  #313: test_repl-set_cmd-ltlrefinementrounds_unlimited ..............................................................................   Passed    0.07 sec
          Start  984: test_repl-realizable_cmd-qint-loopback_constant_sat
          Start 2164: test_repl-substitution_cmd_wff11
1817/2642 Test  #300: test_repl-get_cmd-ltlhoamaxstates ............................................................................................   Passed    0.07 sec
          Start  253: test_repl-get_cmd-all_lists_maxsubsets
1818/2642 Test #1820: test_repl-solver_cmd-sbf-solve-neq0_neq1 .....................................................................................   Passed    0.06 sec
          Start 1772: test_repl-solver_cmd-qlt-solve-unsatisfiable
1819/2642 Test #2133: test_repl-instantiation_cmd_wff2 .............................................................................................   Passed    0.07 sec
          Start 1375: test_repl-realizable_cmd-ltl_correctness-cross_07_ltl_g_o_bv8_b10110101
1820/2642 Test #2174: test_repl-substitution_cmd-into_result_non_default_type ......................................................................   Passed    0.07 sec
          Start 1744: test_repl-solver_cmd-qint-ineq_system-generic_complement
1821/2642 Test  #302: test_repl-get_cmd-ltlguardmaxcubes ...........................................................................................   Passed    0.06 sec
          Start 1786: test_repl-solver_cmd-sbf-find_solution-one_var
1822/2642 Test  #253: test_repl-get_cmd-all_lists_maxsubsets .......................................................................................   Passed    0.05 sec
1823/2642 Test #2164: test_repl-substitution_cmd_wff11 .............................................................................................   Passed    0.05 sec
          Start 2134: test_repl-instantiation_cmd_wff3
          Start 1077: test_repl-realizable_cmd-ltl_multi_type_oracle-mt_07_g_qlt_past_g_sbf_current_real
1824/2642 Test  #402: test_repl-ctl_star-sat_A_F_output ............................................................................................   Passed    0.07 sec
          Start  663: test_repl-option_alias-bv_case_split_max_tests
1825/2642 Test  #984: test_repl-realizable_cmd-qint-loopback_constant_sat ..........................................................................   Passed    0.07 sec
          Start 1329: test_repl-realizable_cmd-ltl_many_sorted-ms_0247_6_type_unreal_qlt_always_positive_but_f_needs_negative
1826/2642 Test #1375: test_repl-realizable_cmd-ltl_correctness-cross_07_ltl_g_o_bv8_b10110101 ......................................................   Passed    0.07 sec
          Start  744: test_repl-sat_cmd-tc-g_a_neq_0_and_g_a_eq_0_is_unsat_contradiction
1827/2642 Test #1744: test_repl-solver_cmd-qint-ineq_system-generic_complement .....................................................................   Passed    0.07 sec
          Start 1841: test_repl-solver_cmd-sbf-solve-bv_conjunction
1828/2642 Test #1772: test_repl-solver_cmd-qlt-solve-unsatisfiable .................................................................................   Passed    0.08 sec
          Start  878: test_repl-temporal_ops-normalize_diamond_prints_F
1829/2642 Test #1786: test_repl-solver_cmd-sbf-find_solution-one_var ...............................................................................   Passed    0.07 sec
          Start 2216: test_repl-normal_forms-cnf_bf_0
1830/2642 Test #2134: test_repl-instantiation_cmd_wff3 .............................................................................................   Passed    0.06 sec
          Start 1832: test_repl-solver_cmd-sbf-solve-x_eq_a_y_eq_b
1831/2642 Test  #663: test_repl-option_alias-bv_case_split_max_tests ...............................................................................   Passed    0.06 sec
          Start 1805: test_repl-solver_cmd-sbf-solve_system-two_var
1832/2642 Test #1077: test_repl-realizable_cmd-ltl_multi_type_oracle-mt_07_g_qlt_past_g_sbf_current_real ...........................................   Passed    0.08 sec
          Start  868: test_repl-temporal_ops-sat_G
1833/2642 Test #1329: test_repl-realizable_cmd-ltl_many_sorted-ms_0247_6_type_unreal_qlt_always_positive_but_f_needs_negative ......................   Passed    0.07 sec
          Start  333: test_repl-disable_cmd-stepprop
1834/2642 Test  #744: test_repl-sat_cmd-tc-g_a_neq_0_and_g_a_eq_0_is_unsat_contradiction ...........................................................   Passed    0.06 sec
          Start 2159: test_repl-substitution_cmd_wff6
1835/2642 Test #1841: test_repl-solver_cmd-sbf-solve-bv_conjunction ................................................................................   Passed    0.07 sec
1836/2642 Test  #878: test_repl-temporal_ops-normalize_diamond_prints_F ............................................................................   Passed    0.07 sec
          Start  339: test_repl-set_cmd-fixpointsteps
          Start  707: test_repl-valid_cmd-hooks_wff_conditional-04_non_degenerate_ne_y
1837/2642 Test #2216: test_repl-normal_forms-cnf_bf_0 ..............................................................................................   Passed    0.07 sec
          Start 1270: test_repl-realizable_cmd-ltl_many_sorted-ms_0188_bv_sbf_hsb_qint_unreal_bv_contradiction
1838/2642 Test #1805: test_repl-solver_cmd-sbf-solve_system-two_var ................................................................................   Passed    0.06 sec
          Start 2162: test_repl-substitution_cmd_wff9
1839/2642 Test #1832: test_repl-solver_cmd-sbf-solve-x_eq_a_y_eq_b .................................................................................   Passed    0.07 sec
          Start 2184: test_repl-substitution_cmd_multi_duplicate
1840/2642 Test  #868: test_repl-temporal_ops-sat_G .................................................................................................   Passed    0.07 sec
          Start  361: test_repl-set_cmd-decisionpins_zero_is_none
1841/2642 Test #2159: test_repl-substitution_cmd_wff6 ..............................................................................................   Passed    0.07 sec
          Start 1195: test_repl-realizable_cmd-ltl_many_sorted-ms_0113_bv_sbf_qint_implication_from_bv_to_sbf
1842/2642 Test  #333: test_repl-disable_cmd-stepprop ...............................................................................................   Passed    0.07 sec
          Start  343: test_repl-set_cmd-squeezecap
1843/2642 Test  #707: test_repl-valid_cmd-hooks_wff_conditional-04_non_degenerate_ne_y .............................................................   Passed    0.07 sec
          Start  852: test_repl-word_synonym-since_equals_S
1844/2642 Test  #339: test_repl-set_cmd-fixpointsteps ..............................................................................................   Passed    0.07 sec
          Start  808: test_repl-sat_cmd-sometimes_output_differs_from_input
1845/2642 Test #2162: test_repl-substitution_cmd_wff9 ..............................................................................................   Passed    0.07 sec
          Start 1839: test_repl-solver_cmd-sbf-solve-bv_two_var_eq-min
1846/2642 Test #2184: test_repl-substitution_cmd_multi_duplicate ...................................................................................   Passed    0.07 sec
          Start  340: test_repl-set_cmd-fixpointsteps_zero_unlimited
1847/2642 Test #1270: test_repl-realizable_cmd-ltl_many_sorted-ms_0188_bv_sbf_hsb_qint_unreal_bv_contradiction .....................................   Passed    0.08 sec
          Start  332: test_repl-enable_cmd-stepprop
1848/2642 Test  #361: test_repl-set_cmd-decisionpins_zero_is_none ..................................................................................   Passed    0.07 sec
          Start  954: test_repl-realizable_cmd-bool-equal_lookback_two_st
1849/2642 Test  #343: test_repl-set_cmd-squeezecap .................................................................................................   Passed    0.07 sec
          Start  243: test_repl-get_cmd-all_lists_squeezecap
1850/2642 Test  #852: test_repl-word_synonym-since_equals_S ........................................................................................   Passed    0.07 sec
          Start 2217: test_repl-normal_forms-cnf_bf_dist_right
1851/2642 Test #1195: test_repl-realizable_cmd-ltl_many_sorted-ms_0113_bv_sbf_qint_implication_from_bv_to_sbf ......................................   Passed    0.09 sec
          Start  685: test_repl-valid_cmd-mem_last
1852/2642 Test  #340: test_repl-set_cmd-fixpointsteps_zero_unlimited ...............................................................................   Passed    0.06 sec
          Start 1711: test_repl-unrealizable_cmd-rr_pred
1853/2642 Test  #808: test_repl-sat_cmd-sometimes_output_differs_from_input ........................................................................   Passed    0.09 sec
          Start 1187: test_repl-realizable_cmd-ltl_many_sorted-ms_0105_qlt_qint_tau_implication_from_qlt_to_tau_with_qint
1854/2642 Test #1839: test_repl-solver_cmd-sbf-solve-bv_two_var_eq-min .............................................................................   Passed    0.08 sec
          Start  330: test_repl-get_cmd-stepprop
1855/2642 Test  #332: test_repl-enable_cmd-stepprop ................................................................................................   Passed    0.08 sec
          Start 1942: test_repl-normalize_cmd-issue185_cast_max_solve
1856/2642 Test  #954: test_repl-realizable_cmd-bool-equal_lookback_two_st ..........................................................................   Passed    0.09 sec
          Start 1774: test_repl-solver_cmd-qlt-solve-strict_pair
1857/2642 Test  #243: test_repl-get_cmd-all_lists_squeezecap .......................................................................................   Passed    0.08 sec
          Start 1071: test_repl-realizable_cmd-ltl_multi_type_oracle-mt_01_g_qlt_real_g_sbf_real_real
1858/2642 Test  #685: test_repl-valid_cmd-mem_last .................................................................................................   Passed    0.07 sec
1859/2642 Test #2217: test_repl-normal_forms-cnf_bf_dist_right .....................................................................................   Passed    0.08 sec
          Start  260: test_repl-get_cmd-maxsubsets_zero_is_unlimited
          Start 1904: test_repl-normalize_cmd-quantifiers-all_01_all_x_x_ne_0
1860/2642 Test  #330: test_repl-get_cmd-stepprop ...................................................................................................   Passed    0.06 sec
          Start 1240: test_repl-realizable_cmd-ltl_many_sorted-ms_0158_qlt_bv_hsb_qint_unreal_bv_contradiction
1861/2642 Test #1711: test_repl-unrealizable_cmd-rr_pred ...........................................................................................   Passed    0.08 sec
          Start 2551: test_repl-cli-limit_short-max_simplify_rounds
1862/2642 Test #1187: test_repl-realizable_cmd-ltl_many_sorted-ms_0105_qlt_qint_tau_implication_from_qlt_to_tau_with_qint ..........................   Passed    0.09 sec
          Start 1162: test_repl-realizable_cmd-ltl_many_sorted-ms_0080_qlt_sbf_hsb_unreal_qlt_contradiction
1863/2642 Test #1774: test_repl-solver_cmd-qlt-solve-strict_pair ...................................................................................   Passed    0.06 sec
          Start  754: test_repl-sat_cmd-tc-g_a_iff_g_a_biconditional_same_arg_sat
1864/2642 Test #1942: test_repl-normalize_cmd-issue185_cast_max_solve ..............................................................................   Passed    0.09 sec
          Start 1863: test_repl-lgrs_cmd-non_boolean
1865/2642 Test #1071: test_repl-realizable_cmd-ltl_multi_type_oracle-mt_01_g_qlt_real_g_sbf_real_real ..............................................   Passed    0.08 sec
          Start  736: test_repl-sat_cmd-mem_abs
1866/2642 Test  #260: test_repl-get_cmd-maxsubsets_zero_is_unlimited ...............................................................................   Passed    0.08 sec
          Start 1101: test_repl-realizable_cmd-ltl_many_sorted-ms_0019_bv_sbf_unreal_bv_contradiction_poisons_formula
1867/2642 Test #1904: test_repl-normalize_cmd-quantifiers-all_01_all_x_x_ne_0 ......................................................................   Passed    0.08 sec
          Start  356: test_repl-set_cmd-maxconstantsize
1868/2642 Test #2551: test_repl-cli-limit_short-max_simplify_rounds ................................................................................   Passed    0.07 sec
          Start 1806: test_repl-solver_cmd-sbf-solve_system-two_var_or
1869/2642 Test #1240: test_repl-realizable_cmd-ltl_many_sorted-ms_0158_qlt_bv_hsb_qint_unreal_bv_contradiction .....................................   Passed    0.09 sec
          Start 2307: test_repl-definitions-call_constant_arg_type_matches_sbf
1870/2642 Test  #754: test_repl-sat_cmd-tc-g_a_iff_g_a_biconditional_same_arg_sat ..................................................................   Passed    0.06 sec
          Start 1030: test_repl-realizable_cmd-mixed-sbf_contradiction_with_qint_unsat
1871/2642 Test #1162: test_repl-realizable_cmd-ltl_many_sorted-ms_0080_qlt_sbf_hsb_unreal_qlt_contradiction ........................................   Passed    0.08 sec
          Start 2318: test_repl-definitions-head_var_as_ref_arg-false
1872/2642 Test #1863: test_repl-lgrs_cmd-non_boolean ...............................................................................................   Passed    0.06 sec
          Start 1246: test_repl-realizable_cmd-ltl_many_sorted-ms_0164_qlt_bv_hsb_tau_unreal_tau_contradiction
1873/2642 Test  #736: test_repl-sat_cmd-mem_abs ....................................................................................................   Passed    0.08 sec
          Start  645: test_repl-severity_value-d
1874/2642 Test  #356: test_repl-set_cmd-maxconstantsize ............................................................................................   Passed    0.06 sec
          Start  853: test_repl-word_synonym-trigger_equals_T
1875/2642 Test #1101: test_repl-realizable_cmd-ltl_many_sorted-ms_0019_bv_sbf_unreal_bv_contradiction_poisons_formula ..............................   Passed    0.07 sec
          Start  986: test_repl-realizable_cmd-qlt-constant_equality_sat
1876/2642 Test #2307: test_repl-definitions-call_constant_arg_type_matches_sbf .....................................................................   Passed    0.06 sec
          Start 1578: test_repl-realizable_cmd-by_grammar-shape_u_09_qlt_contradiction_o1_bot
1877/2642 Test #1030: test_repl-realizable_cmd-mixed-sbf_contradiction_with_qint_unsat .............................................................   Passed    0.07 sec
          Start 1114: test_repl-realizable_cmd-ltl_many_sorted-ms_0032_sbf_qint_g_conjunction
1878/2642 Test #1806: test_repl-solver_cmd-sbf-solve_system-two_var_or .............................................................................   Passed    0.08 sec
          Start 1915: test_repl-normalize_cmd-pred_shaped_def_used_as_argument
1879/2642 Test #2318: test_repl-definitions-head_var_as_ref_arg-false ..............................................................................   Passed    0.08 sec
          Start  688: test_repl-valid_cmd-bv-cvc5-positive_neg
1880/2642 Test  #645: test_repl-severity_value-d ...................................................................................................   Passed    0.07 sec
1881/2642 Test  #986: test_repl-realizable_cmd-qlt-constant_equality_sat ...........................................................................   Passed    0.06 sec
          Start  502: test_repl-ltl_env-timeout_env_is_the_fallback
          Start  267: test_repl-get_cmd-gcminsize
1882/2642 Test  #853: test_repl-word_synonym-trigger_equals_T ......................................................................................   Passed    0.07 sec
          Start 2333: test_repl-io_definition_cmd-sbf_in_file
1883/2642 Test #1578: test_repl-realizable_cmd-by_grammar-shape_u_09_qlt_contradiction_o1_bot ......................................................   Passed    0.06 sec
          Start 1771: test_repl-solver_cmd-qlt-solve-two_vars
1884/2642 Test #1246: test_repl-realizable_cmd-ltl_many_sorted-ms_0164_qlt_bv_hsb_tau_unreal_tau_contradiction .....................................   Passed    0.11 sec
          Start 1283: test_repl-realizable_cmd-ltl_many_sorted-ms_0201_qlt_bv_sbf_hsb_tau_unreal_tau_contradiction
1885/2642 Test #1915: test_repl-normalize_cmd-pred_shaped_def_used_as_argument .....................................................................   Passed    0.06 sec
          Start 1339: test_repl-realizable_cmd-ltl_correctness-equiv_05_r1_g_o_eq_1_and_g_o_eq_1
1886/2642 Test #1114: test_repl-realizable_cmd-ltl_many_sorted-ms_0032_sbf_qint_g_conjunction ......................................................   Passed    0.10 sec
          Start 1008: test_repl-realizable_cmd-mixed-simple_always_loopback_in_bv_and_tau
1887/2642 Test  #267: test_repl-get_cmd-gcminsize ..................................................................................................   Passed    0.06 sec
          Start  416: test_repl-fragment_gate-qelim_blocks_A_by_default
1888/2642 Test  #688: test_repl-valid_cmd-bv-cvc5-positive_neg .....................................................................................   Passed    0.09 sec
1889/2642 Test  #502: test_repl-ltl_env-timeout_env_is_the_fallback ................................................................................   Passed    0.08 sec
          Start 1405: test_repl-realizable_cmd-by_grammar-shape_a_27_a1
          Start  843: test_repl-sat_cmd-warm_up_tautology_sometimes_realizable
1890/2642 Test #1771: test_repl-solver_cmd-qlt-solve-two_vars ......................................................................................   Passed    0.07 sec
          Start 1633: test_repl-realizable_cmd-ltl_qlt_bv-br_15_g_eq_lookback_and_g_i1_neq_lookback_unreal
1891/2642 Test #2333: test_repl-io_definition_cmd-sbf_in_file ......................................................................................   Passed    0.09 sec
          Start  764: test_repl-sat_cmd-oscillating_definition
1892/2642 Test #1283: test_repl-realizable_cmd-ltl_many_sorted-ms_0201_qlt_bv_sbf_hsb_tau_unreal_tau_contradiction .................................   Passed    0.10 sec
          Start 2341: test_repl-adt-type_def
1893/2642 Test #1339: test_repl-realizable_cmd-ltl_correctness-equiv_05_r1_g_o_eq_1_and_g_o_eq_1 ...................................................   Passed    0.09 sec
          Start  913: test_repl-temporal_ops-whatis_E_is_wff
1894/2642 Test  #416: test_repl-fragment_gate-qelim_blocks_A_by_default ............................................................................   Passed    0.06 sec
          Start  384: test_repl-fragment_cmd-ctl_star
1895/2642 Test #1008: test_repl-realizable_cmd-mixed-simple_always_loopback_in_bv_and_tau ..........................................................   Passed    0.07 sec
          Start  286: test_repl-set_cmd-benchmarks_on
1896/2642 Test #1405: test_repl-realizable_cmd-by_grammar-shape_a_27_a1 ............................................................................   Passed    0.07 sec
          Start 1944: test_repl-normalize_cmd-issue185_printed_complement_min_sat
1897/2642 Test  #843: test_repl-sat_cmd-warm_up_tautology_sometimes_realizable .....................................................................   Passed    0.07 sec
          Start 1182: test_repl-realizable_cmd-ltl_many_sorted-ms_0100_qlt_hsb_tau_unreal_tau_contradiction
1898/2642 Test #1633: test_repl-realizable_cmd-ltl_qlt_bv-br_15_g_eq_lookback_and_g_i1_neq_lookback_unreal .........................................   Passed    0.07 sec
          Start 1958: test_repl-normalize_cmd-qlt_density_closed_all
1899/2642 Test #2341: test_repl-adt-type_def .......................................................................................................   Passed    0.06 sec
          Start  998: test_repl-realizable_cmd-tau_ba-loopback_always_sat
1900/2642 Test  #384: test_repl-fragment_cmd-ctl_star ..............................................................................................   Passed    0.05 sec
          Start 1002: test_repl-realizable_cmd-tau_ba-always_t_and_sometimes_t_sat
1901/2642 Test  #764: test_repl-sat_cmd-oscillating_definition .....................................................................................   Passed    0.08 sec
          Start 1421: test_repl-realizable_cmd-by_grammar-shape_c_03_g_a1_a2_a3_under_g_at_depth_3
1902/2642 Test  #913: test_repl-temporal_ops-whatis_E_is_wff .......................................................................................   Passed    0.06 sec
          Start  895: test_repl-temporal_ops-sat_A_rejected_by_default
1903/2642 Test  #286: test_repl-set_cmd-benchmarks_on ..............................................................................................   Passed    0.07 sec
          Start  763: test_repl-sat_cmd-tc-g_xor_g_negated_arg_sat
1904/2642 Test #1944: test_repl-normalize_cmd-issue185_printed_complement_min_sat ..................................................................   Passed    0.06 sec
          Start 2185: test_repl-substitution_cmd_multi_badtype
1905/2642 Test #1958: test_repl-normalize_cmd-qlt_density_closed_all ...............................................................................   Passed    0.06 sec
          Start  299: test_repl-set_cmd-ltlqemaxvars
1906/2642 Test #1182: test_repl-realizable_cmd-ltl_many_sorted-ms_0100_qlt_hsb_tau_unreal_tau_contradiction ........................................   Passed    0.08 sec
          Start 2066: test_repl-run_cmd-ltl_aba_execution-g7_04_sbf_g_xandy_7steps
1907/2642 Test  #998: test_repl-realizable_cmd-tau_ba-loopback_always_sat ..........................................................................   Passed    0.07 sec
          Start  387: test_repl-fragment_gate-run_blocks_A_by_default
1908/2642 Test #1421: test_repl-realizable_cmd-by_grammar-shape_c_03_g_a1_a2_a3_under_g_at_depth_3 .................................................   Passed    0.07 sec
          Start  306: test_repl-set_cmd-pwrsemantic_on
1909/2642 Test  #895: test_repl-temporal_ops-sat_A_rejected_by_default .............................................................................   Passed    0.08 sec
          Start 2296: test_repl-def_print_cmd-1
1910/2642 Test #1002: test_repl-realizable_cmd-tau_ba-always_t_and_sometimes_t_sat .................................................................   Passed    0.09 sec
          Start 2591: test_repl-cli-limit_long-ltl_data_game_max_memo
1911/2642 Test  #763: test_repl-sat_cmd-tc-g_xor_g_negated_arg_sat .................................................................................   Passed    0.08 sec
          Start  464: test_repl-ltl_decisions-issue131_bv_term
1912/2642 Test #2185: test_repl-substitution_cmd_multi_badtype .....................................................................................   Passed    0.07 sec
          Start 1833: test_repl-solver_cmd-sbf-solve-x_eq_a_y_eq_b-min
1913/2642 Test  #299: test_repl-set_cmd-ltlqemaxvars ...............................................................................................   Passed    0.07 sec
          Start 2499: test_repl-strategy_exec-exec_bv_01_g_o1_eq_bv_b10110101_4steps
1914/2642 Test  #387: test_repl-fragment_gate-run_blocks_A_by_default ..............................................................................   Passed    0.07 sec
          Start  628: test_repl-option_alias-color
1915/2642 Test #2066: test_repl-run_cmd-ltl_aba_execution-g7_04_sbf_g_xandy_7steps .................................................................   Passed    0.07 sec
          Start  513: test_repl-ltl_env-window_max_paths_flag
1916/2642 Test  #306: test_repl-set_cmd-pwrsemantic_on .............................................................................................   Passed    0.07 sec
          Start 1918: test_repl-normalize_cmd-fp_call_function_loop_fallback_last
1917/2642 Test #2296: test_repl-def_print_cmd-1 ....................................................................................................   Passed    0.07 sec
          Start 1194: test_repl-realizable_cmd-ltl_many_sorted-ms_0112_bv_sbf_qint_unreal_sbf_forced_to_x_and_complement
1918/2642 Test #2591: test_repl-cli-limit_long-ltl_data_game_max_memo ..............................................................................   Passed    0.07 sec
          Start 1920: test_repl-normalize_cmd-fp_call_after_unrelated_function_def
1919/2642 Test  #464: test_repl-ltl_decisions-issue131_bv_term .....................................................................................   Passed    0.07 sec
          Start 2302: test_repl-def_typed_head_formula_body_cmd
1920/2642 Test #1833: test_repl-solver_cmd-sbf-solve-x_eq_a_y_eq_b-min .............................................................................   Passed    0.07 sec
          Start 2614: test_repl-limit_effect-specsizewarn_off_by_default
1921/2642 Test #2499: test_repl-strategy_exec-exec_bv_01_g_o1_eq_bv_b10110101_4steps ...............................................................   Passed    0.07 sec
          Start 1899: test_repl-normalize_cmd-hooks_wff_lt_lteq-03_lt_self_eq_f
1922/2642 Test  #628: test_repl-option_alias-color .................................................................................................   Passed    0.07 sec
          Start 1450: test_repl-realizable_cmd-by_grammar-shape_e_05_g_interval_interval
1923/2642 Test #1918: test_repl-normalize_cmd-fp_call_function_loop_fallback_last ..................................................................   Passed    0.07 sec
          Start 2214: test_repl-normal_forms-cnf_wff_mem_rel
1924/2642 Test  #513: test_repl-ltl_env-window_max_paths_flag ......................................................................................   Passed    0.09 sec
          Start  175: test_repl-help_normalize_command_cmd-full
1925/2642 Test #1920: test_repl-normalize_cmd-fp_call_after_unrelated_function_def .................................................................   Passed    0.08 sec
          Start  997: test_repl-realizable_cmd-tau_ba-constant_f_always_sat
1926/2642 Test #1194: test_repl-realizable_cmd-ltl_many_sorted-ms_0112_bv_sbf_qint_unreal_sbf_forced_to_x_and_complement ...........................   Passed    0.09 sec
          Start 1753: test_repl-solver_cmd-qint-solve-neq0_neq1-max
1927/2642 Test #1899: test_repl-normalize_cmd-hooks_wff_lt_lteq-03_lt_self_eq_f ....................................................................   Passed    0.06 sec
          Start 1072: test_repl-realizable_cmd-ltl_multi_type_oracle-mt_02_g_qlt_unreal_g_sbf_real_unreal
1928/2642 Test #2302: test_repl-def_typed_head_formula_body_cmd ....................................................................................   Passed    0.09 sec
          Start  592: test_repl-enable_cmd-highlighting
1929/2642 Test #2214: test_repl-normal_forms-cnf_wff_mem_rel .......................................................................................   Passed    0.06 sec
          Start 1788: test_repl-solver_cmd-sbf-find_solution-or_neg
1930/2642 Test #2614: test_repl-limit_effect-specsizewarn_off_by_default ...........................................................................   Passed    0.11 sec
          Start  929: test_repl-unsat_cmd-mem_abs
1931/2642 Test  #175: test_repl-help_normalize_command_cmd-full ....................................................................................   Passed    0.08 sec
          Start  735: test_repl-sat_cmd-mem_rel
1932/2642 Test #1450: test_repl-realizable_cmd-by_grammar-shape_e_05_g_interval_interval ...........................................................   Passed    0.11 sec
          Start  896: test_repl-temporal_ops-sat_E_rejected_by_default
1933/2642 Test #1753: test_repl-solver_cmd-qint-solve-neq0_neq1-max ................................................................................   Passed    0.06 sec
          Start  310: test_repl-help_set_lists_pwrsemantic
1934/2642 Test  #997: test_repl-realizable_cmd-tau_ba-constant_f_always_sat ........................................................................   Passed    0.08 sec
          Start 2305: test_repl-definitions-call_arg_type_mismatch
1935/2642 Test  #592: test_repl-enable_cmd-highlighting ............................................................................................   Passed    0.07 sec
          Start 1858: test_repl-solver_cmd-issue181_max_tau
1936/2642 Test #1072: test_repl-realizable_cmd-ltl_multi_type_oracle-mt_02_g_qlt_unreal_g_sbf_real_unreal ..........................................   Passed    0.09 sec
          Start  323: test_repl-help_set_lists_ltldatagamemaxmemo
1937/2642 Test #1788: test_repl-solver_cmd-sbf-find_solution-or_neg ................................................................................   Passed    0.07 sec
          Start  985: test_repl-realizable_cmd-qlt-positive_always_sat
1938/2642 Test  #735: test_repl-sat_cmd-mem_rel ....................................................................................................   Passed    0.07 sec
          Start 1249: test_repl-realizable_cmd-ltl_many_sorted-ms_0167_qlt_bv_qint_tau_g_safety_four_types
1939/2642 Test  #896: test_repl-temporal_ops-sat_E_rejected_by_default .............................................................................   Passed    0.07 sec
          Start 1338: test_repl-realizable_cmd-ltl_correctness-equiv_04_r2_g_o_eq_0
1940/2642 Test  #929: test_repl-unsat_cmd-mem_abs ..................................................................................................   Passed    0.09 sec
          Start 1371: test_repl-realizable_cmd-ltl_correctness-cross_05_ltl_g_mixed_atom_tau
1941/2642 Test #2305: test_repl-definitions-call_arg_type_mismatch .................................................................................   Passed    0.07 sec
          Start 1949: test_repl-normalize_cmd-qlt_pinned_neq_solve
1942/2642 Test  #310: test_repl-help_set_lists_pwrsemantic .........................................................................................   Passed    0.09 sec
          Start  303: test_repl-set_cmd-ltlguardmaxcubes
1943/2642 Test #1858: test_repl-solver_cmd-issue181_max_tau ........................................................................................   Passed    0.09 sec
          Start 2600: test_repl-cli-bv_max_width_flag
1944/2642 Test  #323: test_repl-help_set_lists_ltldatagamemaxmemo ..................................................................................   Passed    0.08 sec
1945/2642 Test  #985: test_repl-realizable_cmd-qlt-positive_always_sat .............................................................................   Passed    0.07 sec
          Start  872: test_repl-temporal_ops-sat_diamond
          Start 2347: test_repl-adt-cross_line_tuple_equality
1946/2642 Test #1249: test_repl-realizable_cmd-ltl_many_sorted-ms_0167_qlt_bv_qint_tau_g_safety_four_types .........................................   Passed    0.07 sec
          Start 1777: test_repl-solver_cmd-qlt-solve-decreasing_chain
1947/2642 Test #1338: test_repl-realizable_cmd-ltl_correctness-equiv_04_r2_g_o_eq_0 ................................................................   Passed    0.07 sec
          Start  234: test_repl-get_cmd-flagsteps_default_finite
1948/2642 Test #1371: test_repl-realizable_cmd-ltl_correctness-cross_05_ltl_g_mixed_atom_tau .......................................................   Passed    0.07 sec
          Start 1715: test_repl-unrealizable_cmd-mem_abs
1949/2642 Test #1949: test_repl-normalize_cmd-qlt_pinned_neq_solve .................................................................................   Passed    0.07 sec
          Start  281: test_repl-set_cmd-charvar_off
1950/2642 Test  #303: test_repl-set_cmd-ltlguardmaxcubes ...........................................................................................   Passed    0.07 sec
          Start 1262: test_repl-realizable_cmd-ltl_many_sorted-ms_0180_qlt_sbf_hsb_tau_implication_from_sbf_to_tau
1951/2642 Test #2600: test_repl-cli-bv_max_width_flag ..............................................................................................   Passed    0.07 sec
          Start  391: test_repl-ctl_star-normalize_U_not_sometimes
1952/2642 Test #2347: test_repl-adt-cross_line_tuple_equality ......................................................................................   Passed    0.07 sec
          Start 2297: test_repl-def_print_cmd-2
1953/2642 Test  #872: test_repl-temporal_ops-sat_diamond ...........................................................................................   Passed    0.08 sec
          Start 1150: test_repl-realizable_cmd-ltl_many_sorted-ms_0068_qlt_bv_qint_unreal_qlt_contradiction
1954/2642 Test  #234: test_repl-get_cmd-flagsteps_default_finite ...................................................................................   Passed    0.06 sec
          Start 2282: test_repl-history_store_cmd-quantifiers-ex_02_ex_x_y_xy_eq_0
1955/2642 Test #1777: test_repl-solver_cmd-qlt-solve-decreasing_chain ..............................................................................   Passed    0.07 sec
          Start  617: test_repl-evalspec-usage
1956/2642 Test #1715: test_repl-unrealizable_cmd-mem_abs ...........................................................................................   Passed    0.06 sec
          Start 2204: test_repl-substitution_cmd_groups_repeat_across
1957/2642 Test  #281: test_repl-set_cmd-charvar_off ................................................................................................   Passed    0.06 sec
          Start 2139: test_repl-instantiation_cmd_wff8
1958/2642 Test  #391: test_repl-ctl_star-normalize_U_not_sometimes .................................................................................   Passed    0.07 sec
          Start  297: test_repl-set_cmd-ltlalg_invalid
1959/2642 Test #2297: test_repl-def_print_cmd-2 ....................................................................................................   Passed    0.07 sec
          Start 1792: test_repl-solver_cmd-sbf-find_solution-labelled_vars
1960/2642 Test #1262: test_repl-realizable_cmd-ltl_many_sorted-ms_0180_qlt_sbf_hsb_tau_implication_from_sbf_to_tau .................................   Passed    0.09 sec
          Start  287: test_repl-set_cmd-benchmarks_off
1961/2642 Test #2282: test_repl-history_store_cmd-quantifiers-ex_02_ex_x_y_xy_eq_0 .................................................................   Passed    0.07 sec
          Start 2177: test_repl-substitution_cmd_multi_bf1
1962/2642 Test #1150: test_repl-realizable_cmd-ltl_many_sorted-ms_0068_qlt_bv_qint_unreal_qlt_contradiction ........................................   Passed    0.09 sec
          Start 2606: test_repl-limit_effect-fixpointsteps_giveup_is_an_error
1963/2642 Test  #617: test_repl-evalspec-usage .....................................................................................................   Passed    0.08 sec
          Start  851: test_repl-word_synonym-weak_until_equals_W
1964/2642 Test #2204: test_repl-substitution_cmd_groups_repeat_across ..............................................................................   Passed    0.08 sec
          Start 2145: test_repl-instantiation_cmd_multi_wff
1965/2642 Test #2139: test_repl-instantiation_cmd_wff8 .............................................................................................   Passed    0.08 sec
          Start  352: test_repl-set_cmd-specsizewarn
1966/2642 Test  #297: test_repl-set_cmd-ltlalg_invalid .............................................................................................   Passed    0.06 sec
          Start 2224: test_repl-normal_forms-dnf_wff_T
1967/2642 Test  #287: test_repl-set_cmd-benchmarks_off .............................................................................................   Passed    0.06 sec
          Start  919: test_repl-unsat_cmd-contradiction_neg
1968/2642 Test #1792: test_repl-solver_cmd-sbf-find_solution-labelled_vars .........................................................................   Passed    0.07 sec
          Start 1970: test_repl-qelim_cmd-term_rejected
1969/2642 Test #2177: test_repl-substitution_cmd_multi_bf1 .........................................................................................   Passed    0.06 sec
          Start 1608: test_repl-realizable_cmd-ltl_qlt_bv-qr_29_g_gt_and_lt_lookback_unreal
1970/2642 Test #2606: test_repl-limit_effect-fixpointsteps_giveup_is_an_error ......................................................................   Passed    0.07 sec
          Start  338: test_repl-set_cmd-multiple_in_one_session
1971/2642 Test #2145: test_repl-instantiation_cmd_multi_wff ........................................................................................   Passed    0.06 sec
          Start 2199: test_repl-substitution_cmd_untyped_arith
1972/2642 Test  #851: test_repl-word_synonym-weak_until_equals_W ...................................................................................   Passed    0.07 sec
          Start  962: test_repl-realizable_cmd-sbf-constant_zero_always_sat
1973/2642 Test #2224: test_repl-normal_forms-dnf_wff_T .............................................................................................   Passed    0.06 sec
          Start 1133: test_repl-realizable_cmd-ltl_many_sorted-ms_0051_qlt_bv_sbf_g_safety_three_outputs
1974/2642 Test  #352: test_repl-set_cmd-specsizewarn ...............................................................................................   Passed    0.07 sec
          Start 1353: test_repl-realizable_cmd-ltl_correctness-equiv_18_r1_g_o_sbf_x_and_y_and_g_o_sbf_x_and_y
1975/2642 Test  #919: test_repl-unsat_cmd-contradiction_neg ........................................................................................   Passed    0.06 sec
          Start  972: test_repl-realizable_cmd-hsb-top_and_bot_always_unsat
1976/2642 Test #1970: test_repl-qelim_cmd-term_rejected ............................................................................................   Passed    0.08 sec
          Start  759: test_repl-sat_cmd-tc-f_implies_g_sat
1977/2642 Test #1608: test_repl-realizable_cmd-ltl_qlt_bv-qr_29_g_gt_and_lt_lookback_unreal ........................................................   Passed    0.08 sec
          Start  543: test_repl-ltl_env-cover_products_flag_beats_env
1978/2642 Test #2199: test_repl-substitution_cmd_untyped_arith .....................................................................................   Passed    0.06 sec
          Start  636: test_repl-option_alias-benchmarking
1979/2642 Test  #962: test_repl-realizable_cmd-sbf-constant_zero_always_sat ........................................................................   Passed    0.06 sec
          Start 1392: test_repl-realizable_cmd-by_grammar-shape_a_14_g_g_g_a1
1980/2642 Test  #338: test_repl-set_cmd-multiple_in_one_session ....................................................................................   Passed    0.08 sec
          Start  692: test_repl-valid_cmd-hooks_wff_imply-02_t_imply_x_eq_x
1981/2642 Test #1353: test_repl-realizable_cmd-ltl_correctness-equiv_18_r1_g_o_sbf_x_and_y_and_g_o_sbf_x_and_y .....................................   Passed    0.07 sec
          Start  900: test_repl-temporal_ops-sat_A_diamond_input
1982/2642 Test #1133: test_repl-realizable_cmd-ltl_many_sorted-ms_0051_qlt_bv_sbf_g_safety_three_outputs ...........................................   Passed    0.08 sec
          Start 1712: test_repl-unrealizable_cmd-mem_T
1983/2642 Test  #972: test_repl-realizable_cmd-hsb-top_and_bot_always_unsat ........................................................................   Passed    0.09 sec
          Start 1165: test_repl-realizable_cmd-ltl_many_sorted-ms_0083_qlt_sbf_hsb_past_reference_on_qlt_with_sbf_hsb
1984/2642 Test  #543: test_repl-ltl_env-cover_products_flag_beats_env ..............................................................................   Passed    0.06 sec
          Start  318: test_repl-set_cmd-ltldatagamemaxnodes_unlimited
1985/2642 Test  #636: test_repl-option_alias-benchmarking ..........................................................................................   Passed    0.06 sec
          Start  349: test_repl-set_cmd-rewriterounds
1986/2642 Test  #759: test_repl-sat_cmd-tc-f_implies_g_sat .........................................................................................   Passed    0.08 sec
          Start 1031: test_repl-realizable_cmd-mixed-sbf_and_hsb_always_sat
1987/2642 Test  #692: test_repl-valid_cmd-hooks_wff_imply-02_t_imply_x_eq_x ........................................................................   Passed    0.07 sec
          Start 1139: test_repl-realizable_cmd-ltl_many_sorted-ms_0057_qlt_bv_sbf_unreal_g_constant_then_f_different
1988/2642 Test #1392: test_repl-realizable_cmd-by_grammar-shape_a_14_g_g_g_a1 ......................................................................   Passed    0.09 sec
          Start  271: test_repl-get_cmd-bv-widening
1989/2642 Test  #900: test_repl-temporal_ops-sat_A_diamond_input ...................................................................................   Passed    0.08 sec
          Start 1703: test_repl-unrealizable_cmd-t
1990/2642 Test  #349: test_repl-set_cmd-rewriterounds ..............................................................................................   Passed    0.06 sec
          Start 2227: test_repl-normal_forms-dnf_wff_dist_left
1991/2642 Test #1165: test_repl-realizable_cmd-ltl_many_sorted-ms_0083_qlt_sbf_hsb_past_reference_on_qlt_with_sbf_hsb ..............................   Passed    0.07 sec
          Start  215: test_repl-help_enable_cmd
1992/2642 Test  #318: test_repl-set_cmd-ltldatagamemaxnodes_unlimited ..............................................................................   Passed    0.07 sec
          Start 2518: test_repl-cli-spec_file
1993/2642 Test #1712: test_repl-unrealizable_cmd-mem_T .............................................................................................   Passed    0.09 sec
          Start  945: test_repl-realizable_cmd-always_output
1994/2642 Test #1031: test_repl-realizable_cmd-mixed-sbf_and_hsb_always_sat ........................................................................   Passed    0.08 sec
1995/2642 Test  #271: test_repl-get_cmd-bv-widening ................................................................................................   Passed    0.06 sec
          Start  948: test_repl-realizable_cmd-mem_abs
          Start  766: test_repl-sat_cmd-issue137_bare_increase
1996/2642 Test #1139: test_repl-realizable_cmd-ltl_many_sorted-ms_0057_qlt_bv_sbf_unreal_g_constant_then_f_different ...............................   Passed    0.08 sec
          Start 1160: test_repl-realizable_cmd-ltl_many_sorted-ms_0078_qlt_sbf_hsb_g_safety_three_types
1997/2642 Test #1703: test_repl-unrealizable_cmd-t .................................................................................................   Passed    0.06 sec
          Start 1941: test_repl-normalize_cmd-issue185_cast_max_valid
1998/2642 Test #2227: test_repl-normal_forms-dnf_wff_dist_left .....................................................................................   Passed    0.06 sec
          Start  677: test_repl-valid_cmd-T
1999/2642 Test  #215: test_repl-help_enable_cmd ....................................................................................................   Passed    0.07 sec
          Start 2520: test_repl-cli-spec_file_no_quit
2000/2642 Test  #945: test_repl-realizable_cmd-always_output .......................................................................................   Passed    0.07 sec
          Start  186: test_repl-help_nnf_cmd
2001/2642 Test #2518: test_repl-cli-spec_file ......................................................................................................   Passed    0.08 sec
          Start  335: test_repl-help_set_lists_stepprop
2002/2642 Test  #948: test_repl-realizable_cmd-mem_abs .............................................................................................   Passed    0.06 sec
          Start 2130: test_repl-instantiation_cmd_bf3
2003/2642 Test  #766: test_repl-sat_cmd-issue137_bare_increase .....................................................................................   Passed    0.09 sec
          Start  258: test_repl-get_cmd-all_lists_bv-case-split-max-tests
2004/2642 Test #1160: test_repl-realizable_cmd-ltl_many_sorted-ms_0078_qlt_sbf_hsb_g_safety_three_types ............................................   Passed    0.08 sec
          Start  899: test_repl-temporal_ops-sat_A_sometimes_output
2005/2642 Test  #677: test_repl-valid_cmd-T ........................................................................................................   Passed    0.06 sec
          Start 2287: test_repl-history_store_cmd-quantifiers-ex_all_01_ex_x_all_y_x_eq_y
2006/2642 Test  #186: test_repl-help_nnf_cmd .......................................................................................................   Passed    0.06 sec
          Start 2183: test_repl-substitution_cmd_multi_mixed
2007/2642 Test #1941: test_repl-normalize_cmd-issue185_cast_max_valid ..............................................................................   Passed    0.09 sec
          Start  716: test_repl-valid_cmd-issue144_sometimes_tautology
2008/2642 Test #2520: test_repl-cli-spec_file_no_quit ..............................................................................................   Passed    0.07 sec
          Start 1884: test_repl-normalize_cmd-by_grammar-shape_k_08_f_f_f
2009/2642 Test  #335: test_repl-help_set_lists_stepprop ............................................................................................   Passed    0.06 sec
          Start 2338: test_repl-io_definition_cmd-out_file
2010/2642 Test #2130: test_repl-instantiation_cmd_bf3 ..............................................................................................   Passed    0.06 sec
          Start 1743: test_repl-solver_cmd-qint-ineq_system-two_vars
2011/2642 Test  #258: test_repl-get_cmd-all_lists_bv-case-split-max-tests ..........................................................................   Passed    0.06 sec
          Start  254: test_repl-get_cmd-all_lists_cachebound
2012/2642 Test  #899: test_repl-temporal_ops-sat_A_sometimes_output ................................................................................   Passed    0.06 sec
          Start  328: test_repl-set_cmd-lgrsmaxvars_unlimited
2013/2642 Test #2287: test_repl-history_store_cmd-quantifiers-ex_all_01_ex_x_all_y_x_eq_y ..........................................................   Passed    0.07 sec
          Start 1374: test_repl-realizable_cmd-ltl_correctness-cross_06_safe_o_sbf_x_and_y
2014/2642 Test #2183: test_repl-substitution_cmd_multi_mixed .......................................................................................   Passed    0.06 sec
          Start  647: test_repl-severity_value-t
2015/2642 Test #1884: test_repl-normalize_cmd-by_grammar-shape_k_08_f_f_f ..........................................................................   Passed    0.06 sec
          Start  174: test_repl-help_cmd-shortened
2016/2642 Test #2338: test_repl-io_definition_cmd-out_file .........................................................................................   Passed    0.06 sec
          Start 1373: test_repl-realizable_cmd-ltl_correctness-cross_06_ltl_g_o_sbf_x_and_y
2017/2642 Test  #716: test_repl-valid_cmd-issue144_sometimes_tautology .............................................................................   Passed    0.07 sec
          Start  637: test_repl-option_alias-d
2018/2642 Test #1743: test_repl-solver_cmd-qint-ineq_system-two_vars ...............................................................................   Passed    0.08 sec
          Start 1033: test_repl-realizable_cmd-mixed-sbf_and_bv_4_always_sat
2019/2642 Test  #254: test_repl-get_cmd-all_lists_cachebound .......................................................................................   Passed    0.05 sec
          Start  869: test_repl-temporal_ops-sat_brackets
2020/2642 Test  #328: test_repl-set_cmd-lgrsmaxvars_unlimited ......................................................................................   Passed    0.06 sec
          Start 1576: test_repl-realizable_cmd-by_grammar-shape_u_07_disjunction_of_contradictions
2021/2642 Test #1374: test_repl-realizable_cmd-ltl_correctness-cross_06_safe_o_sbf_x_and_y .........................................................   Passed    0.06 sec
          Start  196: test_repl-help_get_lists_gc_options
2022/2642 Test  #647: test_repl-severity_value-t ...................................................................................................   Passed    0.06 sec
          Start  390: test_repl-ctl_star-normalize_keeps_U_rhs
2023/2642 Test  #174: test_repl-help_cmd-shortened .................................................................................................   Passed    0.06 sec
          Start 1005: test_repl-realizable_cmd-mixed-simple_always_no_loopback
2024/2642 Test #1373: test_repl-realizable_cmd-ltl_correctness-cross_06_ltl_g_o_sbf_x_and_y ........................................................   Passed    0.07 sec
          Start  193: test_repl-help_shortened-history_shortened_m_cmd
2025/2642 Test  #637: test_repl-option_alias-d .....................................................................................................   Passed    0.07 sec
          Start 2001: test_repl-run_cmd-ltl_correctness-adv_bv_02_g_two_equal_outputs
2026/2642 Test #1033: test_repl-realizable_cmd-mixed-sbf_and_bv_4_always_sat .......................................................................   Passed    0.07 sec
2027/2642 Test  #869: test_repl-temporal_ops-sat_brackets ..........................................................................................   Passed    0.07 sec
          Start  319: test_repl-get_cmd-ltldatagamemaxmemo
          Start 1846: test_repl-solver_cmd-sbf_zero
2028/2642 Test  #196: test_repl-help_get_lists_gc_options ..........................................................................................   Passed    0.06 sec
          Start 1172: test_repl-realizable_cmd-ltl_many_sorted-ms_0090_qlt_sbf_tau_unreal_tau_g_f_contradiction
2029/2642 Test  #390: test_repl-ctl_star-normalize_keeps_U_rhs .....................................................................................   Passed    0.06 sec
          Start 1842: test_repl-solver_cmd-sbf-solve-bv_conjunction-min
2030/2642 Test #1576: test_repl-realizable_cmd-by_grammar-shape_u_07_disjunction_of_contradictions .................................................   Passed    0.08 sec
          Start 1763: test_repl-solver_cmd-qlt-solve_system-shared_coeff
2031/2642 Test #1005: test_repl-realizable_cmd-mixed-simple_always_no_loopback .....................................................................   Passed    0.07 sec
          Start 1759: test_repl-solver_cmd-qlt-ineq_system-complement
2032/2642 Test  #193: test_repl-help_shortened-history_shortened_m_cmd .............................................................................   Passed    0.06 sec
          Start 2218: test_repl-normal_forms-cnf_bf_dist_left
2033/2642 Test  #319: test_repl-get_cmd-ltldatagamemaxmemo .........................................................................................   Passed    0.05 sec
          Start  521: test_repl-ltl_env-qe_short_flag_is_lowercase_k
2034/2642 Test #2001: test_repl-run_cmd-ltl_correctness-adv_bv_02_g_two_equal_outputs ..............................................................   Passed    0.08 sec
          Start  544: test_repl-ltl_env-qlt_t3_cap_env_is_the_fallback
2035/2642 Test #1846: test_repl-solver_cmd-sbf_zero ................................................................................................   Passed    0.06 sec
          Start 1063: test_repl-realizable_cmd-ltl_benchmarks-lb_03_reactive_response_g_i1_x_o1
2036/2642 Test #1759: test_repl-solver_cmd-qlt-ineq_system-complement ..............................................................................   Passed    0.06 sec
          Start  687: test_repl-valid_cmd-bv-cvc5-implicit_exists_neg
2037/2642 Test #1842: test_repl-solver_cmd-sbf-solve-bv_conjunction-min ............................................................................   Passed    0.07 sec
          Start  353: test_repl-set_cmd-revisionalts
2038/2642 Test #1172: test_repl-realizable_cmd-ltl_many_sorted-ms_0090_qlt_sbf_tau_unreal_tau_g_f_contradiction ....................................   Passed    0.08 sec
          Start 1111: test_repl-realizable_cmd-ltl_many_sorted-ms_0029_sbf_hsb_g_both_constant
2039/2642 Test #1763: test_repl-solver_cmd-qlt-solve_system-shared_coeff ...........................................................................   Passed    0.08 sec
          Start  399: test_repl-ctl_star-valid_tautology_not_F
2040/2642 Test #2218: test_repl-normal_forms-cnf_bf_dist_left ......................................................................................   Passed    0.07 sec
          Start 2355: test_repl-adt-normalize_io_member
2041/2642 Test  #544: test_repl-ltl_env-qlt_t3_cap_env_is_the_fallback .............................................................................   Passed    0.06 sec
          Start  545: test_repl-ltl_env-qlt_t3_cap_flag_beats_env
2042/2642 Test  #521: test_repl-ltl_env-qe_short_flag_is_lowercase_k ...............................................................................   Passed    0.07 sec
2043/2642 Test #1063: test_repl-realizable_cmd-ltl_benchmarks-lb_03_reactive_response_g_i1_x_o1 ....................................................   Passed    0.06 sec
          Start  874: test_repl-temporal_ops-unsat_diamond
          Start  357: test_repl-set_cmd-maxcoverproducts
2044/2642 Test  #353: test_repl-set_cmd-revisionalts ...............................................................................................   Passed    0.06 sec
          Start 2356: test_repl-adt-solve_omits_unconstrained
2045/2642 Test  #687: test_repl-valid_cmd-bv-cvc5-implicit_exists_neg ..............................................................................   Passed    0.07 sec
          Start  336: test_repl-set_cmd-status
2046/2642 Test #1111: test_repl-realizable_cmd-ltl_many_sorted-ms_0029_sbf_hsb_g_both_constant .....................................................   Passed    0.07 sec
2047/2642 Test  #399: test_repl-ctl_star-valid_tautology_not_F .....................................................................................   Passed    0.07 sec
          Start  890: test_repl-temporal_ops-normalize_until_prints_U
          Start 2222: test_repl-normal_forms-cnf_bf_xor_conj
2048/2642 Test  #874: test_repl-temporal_ops-unsat_diamond .........................................................................................   Passed    0.06 sec
          Start 2295: test_repl-def_print_cmd-empty
2049/2642 Test #2355: test_repl-adt-normalize_io_member ............................................................................................   Passed    0.08 sec
          Start  389: test_repl-ltl_cmd-unrealizable
2050/2642 Test  #357: test_repl-set_cmd-maxcoverproducts ...........................................................................................   Passed    0.07 sec
          Start  633: test_repl-option_alias-I
2051/2642 Test  #545: test_repl-ltl_env-qlt_t3_cap_flag_beats_env ..................................................................................   Passed    0.07 sec
          Start 2186: test_repl-substitution_cmd_multi_bf_wffpair
2052/2642 Test  #336: test_repl-set_cmd-status .....................................................................................................   Passed    0.06 sec
          Start 2136: test_repl-instantiation_cmd_wff5
2053/2642 Test #2356: test_repl-adt-solve_omits_unconstrained ......................................................................................   Passed    0.07 sec
          Start 2536: test_repl-cli-limit_short-block_max_rounds
2054/2642 Test #2295: test_repl-def_print_cmd-empty ................................................................................................   Passed    0.05 sec
          Start 2194: test_repl-substitution_cmd_type_ok_untyped_replace
2055/2642 Test  #890: test_repl-temporal_ops-normalize_until_prints_U ..............................................................................   Passed    0.07 sec
          Start  672: test_repl-option_alias-bv_widening
2056/2642 Test #2222: test_repl-normal_forms-cnf_bf_xor_conj .......................................................................................   Passed    0.06 sec
          Start 1016: test_repl-realizable_cmd-mixed-qlt_and_bool_always_sat
2057/2642 Test  #633: test_repl-option_alias-I .....................................................................................................   Passed    0.06 sec
          Start 1597: test_repl-realizable_cmd-ltl_qlt_bv-qr_14_g_lookback_lt_strictly_increasing
2058/2642 Test  #389: test_repl-ltl_cmd-unrealizable ...............................................................................................   Passed    0.06 sec
          Start 2519: test_repl-cli-option_before_file_runs_file
2059/2642 Test #2186: test_repl-substitution_cmd_multi_bf_wffpair ..................................................................................   Passed    0.06 sec
          Start  278: test_repl-set_cmd-severity_info
2060/2642 Test #2136: test_repl-instantiation_cmd_wff5 .............................................................................................   Passed    0.06 sec
          Start 2277: test_repl-history_store_cmd-printers-identical_04_x_xor_ba_ne_0
2061/2642 Test #2536: test_repl-cli-limit_short-block_max_rounds ...................................................................................   Passed    0.06 sec
          Start  710: test_repl-valid_cmd-oscillating_definition
2062/2642 Test  #672: test_repl-option_alias-bv_widening ...........................................................................................   Passed    0.06 sec
          Start 1334: test_repl-realizable_cmd-ltl_correctness-equiv_01_r2_not_f_not_o_eq_0
2063/2642 Test #2194: test_repl-substitution_cmd_type_ok_untyped_replace ...........................................................................   Passed    0.06 sec
          Start  918: test_repl-unsat_cmd-t
2064/2642 Test #1016: test_repl-realizable_cmd-mixed-qlt_and_bool_always_sat .......................................................................   Passed    0.07 sec
          Start 2180: test_repl-substitution_cmd_multi_outermost
2065/2642 Test  #278: test_repl-set_cmd-severity_info ..............................................................................................   Passed    0.06 sec
          Start  632: test_repl-option_alias-highlight
2066/2642 Test #1597: test_repl-realizable_cmd-ltl_qlt_bv-qr_14_g_lookback_lt_strictly_increasing ..................................................   Passed    0.07 sec
          Start 2275: test_repl-history_store_cmd-printers-identical_02_ab_eq_0
2067/2642 Test #2519: test_repl-cli-option_before_file_runs_file ...................................................................................   Passed    0.08 sec
          Start  862: test_repl-temporal_ops-release_R_same_formula
2068/2642 Test #2277: test_repl-history_store_cmd-printers-identical_04_x_xor_ba_ne_0 ..............................................................   Passed    0.06 sec
          Start 2343: test_repl-adt-sat
2069/2642 Test  #710: test_repl-valid_cmd-oscillating_definition ...................................................................................   Passed    0.06 sec
          Start 2604: test_repl-cli-no_charvar_prints_conjunction
2070/2642 Test  #918: test_repl-unsat_cmd-t ........................................................................................................   Passed    0.06 sec
          Start 2332: test_repl-io_definition_cmd-out_console
2071/2642 Test #1334: test_repl-realizable_cmd-ltl_correctness-equiv_01_r2_not_f_not_o_eq_0 ........................................................   Passed    0.07 sec
          Start 2160: test_repl-substitution_cmd_wff7
2072/2642 Test  #632: test_repl-option_alias-highlight .............................................................................................   Passed    0.06 sec
2073/2642 Test #2275: test_repl-history_store_cmd-printers-identical_02_ab_eq_0 ....................................................................   Passed    0.05 sec
          Start 1896: test_repl-normalize_cmd-hooks_wff_equiv-05_x_equiv_x_eq_t
          Start 2492: test_repl-strategy_exec-exec_io_02_g_o1_eq_sbf_x_and_y_3steps
2074/2642 Test #2180: test_repl-substitution_cmd_multi_outermost ...................................................................................   Passed    0.07 sec
          Start  927: test_repl-unsat_cmd-mem_F
2075/2642 Test  #862: test_repl-temporal_ops-release_R_same_formula ................................................................................   Passed    0.07 sec
          Start 2127: test_repl-run_cmd-no_crash_on_positional_under_temporal
2076/2642 Test #2343: test_repl-adt-sat ............................................................................................................   Passed    0.07 sec
          Start  938: test_repl-realizable_cmd-wff_sat2
2077/2642 Test #2332: test_repl-io_definition_cmd-out_console ......................................................................................   Passed    0.05 sec
          Start  622: test_repl-toggle_cmd-colors
2078/2642 Test #2604: test_repl-cli-no_charvar_prints_conjunction ..................................................................................   Passed    0.06 sec
          Start 2290: test_repl-history_store_cmd-quantifiers-all_ex_02_all_xy_ex_wz_x_eq_w_and_y_eq_z
2079/2642 Test #1896: test_repl-normalize_cmd-hooks_wff_equiv-05_x_equiv_x_eq_t ....................................................................   Passed    0.05 sec
          Start 1176: test_repl-realizable_cmd-ltl_many_sorted-ms_0094_qlt_hsb_qint_g_safety_three_types
2080/2642 Test #2160: test_repl-substitution_cmd_wff7 ..............................................................................................   Passed    0.07 sec
          Start 2157: test_repl-substitution_cmd_wff3
2081/2642 Test  #927: test_repl-unsat_cmd-mem_F ....................................................................................................   Passed    0.07 sec
          Start 2291: test_repl-def_wff_cmd
2082/2642 Test  #622: test_repl-toggle_cmd-colors ..................................................................................................   Passed    0.05 sec
          Start  398: test_repl-ctl_star-valid_A_always_no_abort
2083/2642 Test #2492: test_repl-strategy_exec-exec_io_02_g_o1_eq_sbf_x_and_y_3steps ................................................................   Passed    0.08 sec
2084/2642 Test  #938: test_repl-realizable_cmd-wff_sat2 ............................................................................................   Passed    0.05 sec
          Start 2342: test_repl-adt-normalize
          Start 2251: test_repl-anf_cmd-F
2085/2642 Test #2127: test_repl-run_cmd-no_crash_on_positional_under_temporal ......................................................................   Passed    0.06 sec
          Start 1913: test_repl-normalize_cmd-self_negating_recurrence_wff
2086/2642 Test #2290: test_repl-history_store_cmd-quantifiers-all_ex_02_all_xy_ex_wz_x_eq_w_and_y_eq_z .............................................   Passed    0.07 sec
          Start 2144: test_repl-instantiation_cmd_multi_swap
2087/2642 Test #2157: test_repl-substitution_cmd_wff3 ..............................................................................................   Passed    0.07 sec
          Start 1814: test_repl-solver_cmd-sbf-solve-y_lt_x_y_eq_a
2088/2642 Test #2291: test_repl-def_wff_cmd ........................................................................................................   Passed    0.06 sec
          Start  354: test_repl-set_cmd-maxsubsets
2089/2642 Test #1176: test_repl-realizable_cmd-ltl_many_sorted-ms_0094_qlt_hsb_qint_g_safety_three_types ...........................................   Passed    0.08 sec
          Start  678: test_repl-valid_cmd-tautology
2090/2642 Test  #398: test_repl-ctl_star-valid_A_always_no_abort ...................................................................................   Passed    0.06 sec
          Start 1940: test_repl-normalize_cmd-issue185_cast_max_sat
2091/2642 Test #2251: test_repl-anf_cmd-F ..........................................................................................................   Passed    0.06 sec
          Start 1599: test_repl-realizable_cmd-ltl_qlt_bv-qr_16_g_empty_interval_unreal
2092/2642 Test #2342: test_repl-adt-normalize ......................................................................................................   Passed    0.07 sec
          Start  760: test_repl-sat_cmd-tc-triple_g_and_g_and_g_disjoint_variables
2093/2642 Test #1913: test_repl-normalize_cmd-self_negating_recurrence_wff .........................................................................   Passed    0.06 sec
          Start  789: test_repl-sat_cmd-issue144_not_sometimes
2094/2642 Test #2144: test_repl-instantiation_cmd_multi_swap .......................................................................................   Passed    0.06 sec
          Start  747: test_repl-sat_cmd-tc-g_and_g_shared_variable_contradictory_unsat
2095/2642 Test  #354: test_repl-set_cmd-maxsubsets .................................................................................................   Passed    0.06 sec
          Start  327: test_repl-set_cmd-lgrsmaxvars
2096/2642 Test #1814: test_repl-solver_cmd-sbf-solve-y_lt_x_y_eq_a .................................................................................   Passed    0.07 sec
          Start  511: test_repl-ltl_env-nlang_http_timeout_option
2097/2642 Test  #678: test_repl-valid_cmd-tautology ................................................................................................   Passed    0.06 sec
          Start 1611: test_repl-realizable_cmd-ltl_qlt_bv-qr_32_g_neq_lookback_always_change
2098/2642 Test #1940: test_repl-normalize_cmd-issue185_cast_max_sat ................................................................................   Passed    0.06 sec
          Start  364: test_repl-set_cmd-fixpointsteps_flag_value_rejected
2099/2642 Test #1599: test_repl-realizable_cmd-ltl_qlt_bv-qr_16_g_empty_interval_unreal ............................................................   Passed    0.06 sec
          Start  505: test_repl-ltl_env-alg_env_is_the_fallback
2100/2642 Test  #789: test_repl-sat_cmd-issue144_not_sometimes .....................................................................................   Passed    0.06 sec
          Start 1799: test_repl-solver_cmd-sbf-ineq_system-splitter_of_a_sbf
2101/2642 Test  #760: test_repl-sat_cmd-tc-triple_g_and_g_and_g_disjoint_variables .................................................................   Passed    0.08 sec
          Start 1815: test_repl-solver_cmd-sbf-solve-monotonicity2
2102/2642 Test  #747: test_repl-sat_cmd-tc-g_and_g_shared_variable_contradictory_unsat .............................................................   Passed    0.06 sec
          Start  546: test_repl-ltl_env-qlt_t3_cap_garbage_warns
2103/2642 Test  #327: test_repl-set_cmd-lgrsmaxvars ................................................................................................   Passed    0.06 sec
          Start 1340: test_repl-realizable_cmd-ltl_correctness-equiv_05_r2_g_o_eq_1
2104/2642 Test #1611: test_repl-realizable_cmd-ltl_qlt_bv-qr_32_g_neq_lookback_always_change .......................................................   Passed    0.06 sec
          Start  824: test_repl-sat_cmd-warm_up_none
2105/2642 Test  #511: test_repl-ltl_env-nlang_http_timeout_option ..................................................................................   Passed    0.07 sec
          Start  280: test_repl-set_cmd-charvar_on
2106/2642 Test  #505: test_repl-ltl_env-alg_env_is_the_fallback ....................................................................................   Passed    0.06 sec
          Start 2223: test_repl-normal_forms-cnf_bf_xor_bv
2107/2642 Test  #364: test_repl-set_cmd-fixpointsteps_flag_value_rejected ..........................................................................   Passed    0.07 sec
          Start 2348: test_repl-adt-cross_line_redeclaration
2108/2642 Test #1799: test_repl-solver_cmd-sbf-ineq_system-splitter_of_a_sbf .......................................................................   Passed    0.06 sec
          Start 2131: test_repl-instantiation_cmd_bf4
2109/2642 Test #1815: test_repl-solver_cmd-sbf-solve-monotonicity2 .................................................................................   Passed    0.07 sec
          Start 2583: test_repl-cli-limit_long-tref_budget
2110/2642 Test  #546: test_repl-ltl_env-qlt_t3_cap_garbage_warns ...................................................................................   Passed    0.06 sec
          Start 1190: test_repl-realizable_cmd-ltl_many_sorted-ms_0108_bv_sbf_hsb_unreal_bv_contradiction
2111/2642 Test #1340: test_repl-realizable_cmd-ltl_correctness-equiv_05_r2_g_o_eq_1 ................................................................   Passed    0.06 sec
          Start 2083: test_repl-run_cmd-ltl_aba_execution-g11_01_bv_g_b10110101_4steps
2112/2642 Test  #824: test_repl-sat_cmd-warm_up_none ...............................................................................................   Passed    0.06 sec
          Start  413: test_repl-ctl_star-sat_A_under_F_refused
2113/2642 Test #2223: test_repl-normal_forms-cnf_bf_xor_bv .........................................................................................   Passed    0.06 sec
          Start 1798: test_repl-solver_cmd-sbf-ineq_system-splitter_of_sbf
2114/2642 Test  #280: test_repl-set_cmd-charvar_on .................................................................................................   Passed    0.07 sec
          Start 2328: test_repl-io_definition_cmd-tau_in_console
2115/2642 Test #2131: test_repl-instantiation_cmd_bf4 ..............................................................................................   Passed    0.06 sec
          Start 1059: test_repl-realizable_cmd-bv-cvc5-plus_one_lt_unsat
2116/2642 Test #2348: test_repl-adt-cross_line_redeclaration .......................................................................................   Passed    0.08 sec
          Start 1873: test_repl-normalize_cmd_bf_mem_abs
2117/2642 Test #2583: test_repl-cli-limit_long-tref_budget .........................................................................................   Passed    0.06 sec
          Start  355: test_repl-set_cmd-cachebound
2118/2642 Test #1190: test_repl-realizable_cmd-ltl_many_sorted-ms_0108_bv_sbf_hsb_unreal_bv_contradiction ..........................................   Passed    0.06 sec
          Start 1952: test_repl-normalize_cmd-fall_binder_not_captured
2119/2642 Test  #413: test_repl-ctl_star-sat_A_under_F_refused .....................................................................................   Passed    0.05 sec
          Start  996: test_repl-realizable_cmd-tau_ba-constant_t_always_sat
2120/2642 Test #2083: test_repl-run_cmd-ltl_aba_execution-g11_01_bv_g_b10110101_4steps .............................................................   Passed    0.08 sec
          Start  325: test_repl-set_cmd-qlt_const_output_max
2121/2642 Test #2328: test_repl-io_definition_cmd-tau_in_console ...................................................................................   Passed    0.06 sec
          Start 2150: test_repl-substitution_cmd_bf0
2122/2642 Test #1798: test_repl-solver_cmd-sbf-ineq_system-splitter_of_sbf .........................................................................   Passed    0.07 sec
          Start 2558: test_repl-cli-help_lists-max_enum_steps
2123/2642 Test #1873: test_repl-normalize_cmd_bf_mem_abs ...........................................................................................   Passed    0.05 sec
          Start 1736: test_repl-solver_cmd-hsb-solve-neq0_neq1-max
2124/2642 Test #1059: test_repl-realizable_cmd-bv-cvc5-plus_one_lt_unsat ...........................................................................   Passed    0.06 sec
          Start  466: test_repl-ltl_decisions-issue131_bv_term_under_G
2125/2642 Test  #355: test_repl-set_cmd-cachebound .................................................................................................   Passed    0.06 sec
          Start  337: test_repl-set_cmd-colors
2126/2642 Test #1952: test_repl-normalize_cmd-fall_binder_not_captured .............................................................................   Passed    0.07 sec
          Start 1837: test_repl-solver_cmd-sbf-solve-bv_single_var_eq-max
2127/2642 Test  #996: test_repl-realizable_cmd-tau_ba-constant_t_always_sat ........................................................................   Passed    0.07 sec
          Start 2273: test_repl-history_ref-relative_missing
2128/2642 Test #2150: test_repl-substitution_cmd_bf0 ...............................................................................................   Passed    0.05 sec
          Start 1355: test_repl-realizable_cmd-ltl_correctness-equiv_02_r1_g_o_eq_1
2129/2642 Test  #325: test_repl-set_cmd-qlt_const_output_max .......................................................................................   Passed    0.07 sec
2130/2642 Test #2558: test_repl-cli-help_lists-max_enum_steps ......................................................................................   Passed    0.06 sec
          Start 1741: test_repl-solver_cmd-qint-find_solution-complement
          Start  932: test_repl-unsat_cmd-tc-triple_g_with_internal_contradiction
2131/2642 Test  #466: test_repl-ltl_decisions-issue131_bv_term_under_G .............................................................................   Passed    0.06 sec
          Start  270: test_repl-get_cmd-all_lists_bv-max-width
2132/2642 Test #1736: test_repl-solver_cmd-hsb-solve-neq0_neq1-max .................................................................................   Passed    0.07 sec
          Start  926: test_repl-unsat_cmd-mem_T
2133/2642 Test  #337: test_repl-set_cmd-colors .....................................................................................................   Passed    0.07 sec
          Start 1971: test_repl-qelim_cmd-fall_binder_not_captured
2134/2642 Test #1837: test_repl-solver_cmd-sbf-solve-bv_single_var_eq-max ..........................................................................   Passed    0.06 sec
          Start 2203: test_repl-substitution_cmd_groups_wff
2135/2642 Test #2273: test_repl-history_ref-relative_missing .......................................................................................   Passed    0.06 sec
          Start 2191: test_repl-substitution_cmd_type_mismatch_inst
2136/2642 Test  #932: test_repl-unsat_cmd-tc-triple_g_with_internal_contradiction ..................................................................   Passed    0.06 sec
          Start 2541: test_repl-cli-limit_long-max_fixpoint_steps
2137/2642 Test #1741: test_repl-solver_cmd-qint-find_solution-complement ...........................................................................   Passed    0.07 sec
          Start 2215: test_repl-normal_forms-cnf_bf_1
2138/2642 Test  #270: test_repl-get_cmd-all_lists_bv-max-width .....................................................................................   Passed    0.06 sec
          Start  581: test_repl-ba_qlt-sat_neq
2139/2642 Test #1355: test_repl-realizable_cmd-ltl_correctness-equiv_02_r1_g_o_eq_1 ................................................................   Passed    0.08 sec
          Start 1897: test_repl-normalize_cmd-hooks_wff_equiv-06_x_equiv_negx_eq_f
2140/2642 Test  #926: test_repl-unsat_cmd-mem_T ....................................................................................................   Passed    0.06 sec
          Start 1793: test_repl-lgrs_cmd-sbf-or
2141/2642 Test #1971: test_repl-qelim_cmd-fall_binder_not_captured .................................................................................   Passed    0.06 sec
          Start  422: test_repl-ltl_cmd-no_spot_is_unknown
2142/2642 Test #2203: test_repl-substitution_cmd_groups_wff ........................................................................................   Passed    0.06 sec
          Start  370: test_repl-set_cmd-bvmaxwidth_flag_value_rejected
2143/2642 Test #2541: test_repl-cli-limit_long-max_fixpoint_steps ..................................................................................   Passed    0.05 sec
          Start 1237: test_repl-realizable_cmd-ltl_many_sorted-ms_0155_qlt_bv_sbf_tau_unreal_qlt_always_positive_but_f_requires_non_positive
2144/2642 Test #2215: test_repl-normal_forms-cnf_bf_1 ..............................................................................................   Passed    0.05 sec
          Start 2553: test_repl-cli-limit_long-max_def_passes
2145/2642 Test  #581: test_repl-ba_qlt-sat_neq .....................................................................................................   Passed    0.05 sec
          Start 2196: test_repl-substitution_cmd_no_match_warns_multi
2146/2642 Test #2191: test_repl-substitution_cmd_type_mismatch_inst ................................................................................   Passed    0.07 sec
          Start 1928: test_repl-normalize_cmd-qlt_end_is_no_point_all
2147/2642 Test #1897: test_repl-normalize_cmd-hooks_wff_equiv-06_x_equiv_negx_eq_f .................................................................   Passed    0.06 sec
          Start 1396: test_repl-realizable_cmd-by_grammar-shape_a_18_g_a1
2148/2642 Test #1793: test_repl-lgrs_cmd-sbf-or ....................................................................................................   Passed    0.06 sec
          Start 1638: test_repl-realizable_cmd-ltl_qlt_bv-br_20_g_neq_lookback_i1
2149/2642 Test  #422: test_repl-ltl_cmd-no_spot_is_unknown .........................................................................................   Passed    0.06 sec
          Start 2371: test_repl-whatis_cmd-bf_xr
2150/2642 Test  #370: test_repl-set_cmd-bvmaxwidth_flag_value_rejected .............................................................................   Passed    0.06 sec
          Start  344: test_repl-set_cmd-simplifyrounds
2151/2642 Test #2553: test_repl-cli-limit_long-max_def_passes ......................................................................................   Passed    0.05 sec
          Start 1647: test_repl-realizable_cmd-ltl_qlt_bv-gf_09_multi_output_bv_const_and_const
2152/2642 Test #2196: test_repl-substitution_cmd_no_match_warns_multi ..............................................................................   Passed    0.06 sec
          Start 2578: test_repl-cli-limit_short-max_cover_products
2153/2642 Test #1928: test_repl-normalize_cmd-qlt_end_is_no_point_all ..............................................................................   Passed    0.06 sec
          Start  949: test_repl-realizable_cmd-mem_last
2154/2642 Test #1237: test_repl-realizable_cmd-ltl_many_sorted-ms_0155_qlt_bv_sbf_tau_unreal_qlt_always_positive_but_f_requires_non_positive .......   Passed    0.07 sec
          Start 1064: test_repl-realizable_cmd-ltl_benchmarks-lb_04_always_grant_impossibility_g_o1_f_o1
2155/2642 Test #1396: test_repl-realizable_cmd-by_grammar-shape_a_18_g_a1 ..........................................................................   Passed    0.06 sec
          Start 1058: test_repl-realizable_cmd-bv-cvc5-plus_one_eq_unsat
2156/2642 Test #1638: test_repl-realizable_cmd-ltl_qlt_bv-br_20_g_neq_lookback_i1 ..................................................................   Passed    0.06 sec
          Start 1159: test_repl-realizable_cmd-ltl_many_sorted-ms_0077_qlt_bv_tau_unreal_bv_forever_0_and_f_requires_non_0
2157/2642 Test #2371: test_repl-whatis_cmd-bf_xr ...................................................................................................   Passed    0.06 sec
          Start 1113: test_repl-realizable_cmd-ltl_many_sorted-ms_0031_sbf_hsb_unreal_sbf_x_and_not_x_simultaneously
2158/2642 Test  #344: test_repl-set_cmd-simplifyrounds .............................................................................................   Passed    0.06 sec
          Start 2572: test_repl-cli-limit_short-max_consistency_subsets
2159/2642 Test  #949: test_repl-realizable_cmd-mem_last ............................................................................................   Passed    0.05 sec
          Start 2326: test_repl-definitions-rec_quant_body_fixed_point
2160/2642 Test #2578: test_repl-cli-limit_short-max_cover_products .................................................................................   Passed    0.06 sec
          Start 1826: test_repl-solver_cmd-sbf-solve-lucca_interpreter
2161/2642 Test #1647: test_repl-realizable_cmd-ltl_qlt_bv-gf_09_multi_output_bv_const_and_const ....................................................   Passed    0.07 sec
          Start 2590: test_repl-cli-help_lists-ltl_data_game_max_nodes
2162/2642 Test #1064: test_repl-realizable_cmd-ltl_benchmarks-lb_04_always_grant_impossibility_g_o1_f_o1 ...........................................   Passed    0.06 sec
          Start  282: test_repl-set_cmd-highlighting_on
2163/2642 Test #1159: test_repl-realizable_cmd-ltl_many_sorted-ms_0077_qlt_bv_tau_unreal_bv_forever_0_and_f_requires_non_0 .........................   Passed    0.06 sec
          Start  969: test_repl-realizable_cmd-sbf-always_one_conflicts_with_sometimes_zero_unsat
2164/2642 Test #1058: test_repl-realizable_cmd-bv-cvc5-plus_one_eq_unsat ...........................................................................   Passed    0.07 sec
2165/2642 Test #1113: test_repl-realizable_cmd-ltl_many_sorted-ms_0031_sbf_hsb_unreal_sbf_x_and_not_x_simultaneously ...............................   Passed    0.06 sec
          Start 2193: test_repl-substitution_cmd_type_ok_bv
          Start 1770: test_repl-solver_cmd-qlt-solve-neq0_neq1-max
2166/2642 Test #2572: test_repl-cli-limit_short-max_consistency_subsets ............................................................................   Passed    0.06 sec
          Start  371: test_repl-set_cmd-bvmaxwidth_enable_rejected
2167/2642 Test #2326: test_repl-definitions-rec_quant_body_fixed_point .............................................................................   Passed    0.07 sec
2168/2642 Test #2590: test_repl-cli-help_lists-ltl_data_game_max_nodes .............................................................................   Passed    0.05 sec
          Start  503: test_repl-ltl_env-timeout_flag_beats_env
          Start  248: test_repl-get_cmd-all_lists_rewriterounds
2169/2642 Test  #282: test_repl-set_cmd-highlighting_on ............................................................................................   Passed    0.06 sec
          Start  914: test_repl-temporal_ops-always_and_T
2170/2642 Test #1826: test_repl-solver_cmd-sbf-solve-lucca_interpreter .............................................................................   Passed    0.07 sec
          Start  331: test_repl-set_cmd-stepprop_off
2171/2642 Test  #969: test_repl-realizable_cmd-sbf-always_one_conflicts_with_sometimes_zero_unsat ..................................................   Passed    0.06 sec
          Start 1831: test_repl-solver_cmd-sbf-solve-lucca_interpreter_sbf-max
2172/2642 Test #2193: test_repl-substitution_cmd_type_ok_bv ........................................................................................   Passed    0.07 sec
          Start 2364: test_repl-reset_cmd-sat_after_reset
2173/2642 Test #1770: test_repl-solver_cmd-qlt-solve-neq0_neq1-max .................................................................................   Passed    0.07 sec
          Start 2555: test_repl-cli-help_lists-max_def_passes
2174/2642 Test  #503: test_repl-ltl_env-timeout_flag_beats_env .....................................................................................   Passed    0.05 sec
          Start  629: test_repl-option_alias-V
2175/2642 Test  #371: test_repl-set_cmd-bvmaxwidth_enable_rejected .................................................................................   Passed    0.07 sec
          Start 2605: test_repl-limit_effect-fixpointsteps_giveup
2176/2642 Test  #248: test_repl-get_cmd-all_lists_rewriterounds ....................................................................................   Passed    0.05 sec
          Start  397: test_repl-ctl_star-sat_A_sometimes_contradiction_no_abort
2177/2642 Test  #914: test_repl-temporal_ops-always_and_T ..........................................................................................   Passed    0.06 sec
          Start 2335: test_repl-io_definition_cmd-in_file
2178/2642 Test  #331: test_repl-set_cmd-stepprop_off ...............................................................................................   Passed    0.06 sec
          Start 2289: test_repl-history_store_cmd-quantifiers-all_ex_01_all_x_ex_y_x_eq_y
2179/2642 Test #2555: test_repl-cli-help_lists-max_def_passes ......................................................................................   Passed    0.05 sec
          Start  247: test_repl-get_cmd-all_lists_probesteps
2180/2642 Test #1831: test_repl-solver_cmd-sbf-solve-lucca_interpreter_sbf-max .....................................................................   Passed    0.07 sec
          Start 1871: test_repl-normalize_cmd_bf_nonmem
2181/2642 Test #2364: test_repl-reset_cmd-sat_after_reset ..........................................................................................   Passed    0.06 sec
          Start 2612: test_repl-limit_effect-enumsteps_giveup
2182/2642 Test  #629: test_repl-option_alias-V .....................................................................................................   Passed    0.06 sec
          Start 2323: test_repl-definitions-rec_bound_var_fixed_point
2183/2642 Test #2605: test_repl-limit_effect-fixpointsteps_giveup ..................................................................................   Passed    0.06 sec
          Start 1964: test_repl-normalize_cmd-issue185_definition_ref_kept
2184/2642 Test  #397: test_repl-ctl_star-sat_A_sometimes_contradiction_no_abort ....................................................................   Passed    0.06 sec
          Start 1639: test_repl-realizable_cmd-ltl_qlt_bv-gf_01_depth1_qlt_neq_quarter
2185/2642 Test #2289: test_repl-history_store_cmd-quantifiers-all_ex_01_all_x_ex_y_x_eq_y ..........................................................   Passed    0.07 sec
          Start 2187: test_repl-substitution_cmd_type_mismatch_sbf_bv
2186/2642 Test #2335: test_repl-io_definition_cmd-in_file ..........................................................................................   Passed    0.07 sec
          Start  873: test_repl-temporal_ops-valid_brackets
2187/2642 Test #1871: test_repl-normalize_cmd_bf_nonmem ............................................................................................   Passed    0.07 sec
          Start 1911: test_repl-normalize_cmd-oscillating_definition
2188/2642 Test #2323: test_repl-definitions-rec_bound_var_fixed_point ..............................................................................   Passed    0.06 sec
          Start  283: test_repl-set_cmd-highlighting_off
2189/2642 Test #2612: test_repl-limit_effect-enumsteps_giveup ......................................................................................   Passed    0.07 sec
          Start 1829: test_repl-solver_cmd-sbf-solve-lucca_interpreter_sbf
2190/2642 Test  #247: test_repl-get_cmd-all_lists_probesteps .......................................................................................   Passed    0.08 sec
          Start 1102: test_repl-realizable_cmd-ltl_many_sorted-ms_0020_bv_hsb_g_disjunction_across_types
2191/2642 Test #1964: test_repl-normalize_cmd-issue185_definition_ref_kept .........................................................................   Passed    0.06 sec
          Start 2279: test_repl-history_store_cmd-printers-different_01_paren_x_eq_1
2192/2642 Test #1639: test_repl-realizable_cmd-ltl_qlt_bv-gf_01_depth1_qlt_neq_quarter .............................................................   Passed    0.08 sec
2193/2642 Test #2187: test_repl-substitution_cmd_type_mismatch_sbf_bv ..............................................................................   Passed    0.06 sec
          Start 2571: test_repl-cli-limit_long-max_consistency_subsets
          Start 2209: test_repl-normal_forms-cnf_wff_T
2194/2642 Test  #873: test_repl-temporal_ops-valid_brackets ........................................................................................   Passed    0.06 sec
          Start 1749: test_repl-solver_cmd-qint-solve-neq0-min
2195/2642 Test  #283: test_repl-set_cmd-highlighting_off ...........................................................................................   Passed    0.06 sec
          Start  274: test_repl-get_cmd-charvar
2196/2642 Test #1911: test_repl-normalize_cmd-oscillating_definition ...............................................................................   Passed    0.07 sec
          Start  681: test_repl-valid_cmd-not_valid2
2197/2642 Test #1829: test_repl-solver_cmd-sbf-solve-lucca_interpreter_sbf .........................................................................   Passed    0.07 sec
          Start  341: test_repl-set_cmd-flagsteps
2198/2642 Test #2279: test_repl-history_store_cmd-printers-different_01_paren_x_eq_1 ...............................................................   Passed    0.07 sec
          Start  761: test_repl-sat_cmd-tc-triple_g_and_g_and_g_one_contradictory_pair
2199/2642 Test #1102: test_repl-realizable_cmd-ltl_many_sorted-ms_0020_bv_hsb_g_disjunction_across_types ...........................................   Passed    0.07 sec
          Start 1808: test_repl-solver_cmd-sbf-solve_system-y_eq_a_x_lt_y
2200/2642 Test #2209: test_repl-normal_forms-cnf_wff_T .............................................................................................   Passed    0.05 sec
          Start 1598: test_repl-realizable_cmd-ltl_qlt_bv-qr_15_g_gt_lookback_increasing
2201/2642 Test #2571: test_repl-cli-limit_long-max_consistency_subsets .............................................................................   Passed    0.06 sec
2202/2642 Test #1749: test_repl-solver_cmd-qint-solve-neq0-min .....................................................................................   Passed    0.06 sec
          Start  504: test_repl-ltl_env-timeout_flag_rejects_garbage
          Start 1775: test_repl-solver_cmd-qlt-solve-strict_pair_reversed
2203/2642 Test  #681: test_repl-valid_cmd-not_valid2 ...............................................................................................   Passed    0.05 sec
          Start 1922: test_repl-normalize_cmd-cast_of_tau_stream_rejected
2204/2642 Test  #274: test_repl-get_cmd-charvar ....................................................................................................   Passed    0.06 sec
          Start  892: test_repl-temporal_ops-normalize_weak_until_prints_W
2205/2642 Test  #341: test_repl-set_cmd-flagsteps ..................................................................................................   Passed    0.06 sec
          Start 2581: test_repl-cli-limit_short-max_constant_size
2206/2642 Test  #761: test_repl-sat_cmd-tc-triple_g_and_g_and_g_one_contradictory_pair .............................................................   Passed    0.07 sec
          Start 2554: test_repl-cli-limit_short-max_def_passes
2207/2642 Test #1808: test_repl-solver_cmd-sbf-solve_system-y_eq_a_x_lt_y ..........................................................................   Passed    0.07 sec
          Start  725: test_repl-sat_cmd-t
2208/2642 Test #1598: test_repl-realizable_cmd-ltl_qlt_bv-qr_15_g_gt_lookback_increasing ...........................................................   Passed    0.07 sec
          Start  673: test_repl-option_alias-bv_max_width
2209/2642 Test  #504: test_repl-ltl_env-timeout_flag_rejects_garbage ...............................................................................   Passed    0.06 sec
          Start  377: test_repl-ba_options-found
2210/2642 Test #1775: test_repl-solver_cmd-qlt-solve-strict_pair_reversed ..........................................................................   Passed    0.06 sec
          Start 2182: test_repl-substitution_cmd_multi_wff0
2211/2642 Test  #892: test_repl-temporal_ops-normalize_weak_until_prints_W .........................................................................   Passed    0.06 sec
          Start 2529: test_repl-cli-limit_long-max_revision_alts
2212/2642 Test #2581: test_repl-cli-limit_short-max_constant_size ..................................................................................   Passed    0.06 sec
          Start  718: test_repl-valid_cmd-issue144_sometimes_atom
2213/2642 Test #1922: test_repl-normalize_cmd-cast_of_tau_stream_rejected ..........................................................................   Passed    0.08 sec
          Start 1914: test_repl-normalize_cmd-prior_step_recurrence_no_cvc5_error
2214/2642 Test #2554: test_repl-cli-limit_short-max_def_passes .....................................................................................   Passed    0.05 sec
          Start 1603: test_repl-realizable_cmd-ltl_qlt_bv-qr_21_g_gt1_and_g_lt0_unreal
2215/2642 Test  #725: test_repl-sat_cmd-t ..........................................................................................................   Passed    0.07 sec
          Start 1404: test_repl-realizable_cmd-by_grammar-shape_a_26_g_a1
2216/2642 Test  #673: test_repl-option_alias-bv_max_width ..........................................................................................   Passed    0.06 sec
          Start  326: test_repl-get_cmd-lgrsmaxvars
2217/2642 Test  #377: test_repl-ba_options-found ...................................................................................................   Passed    0.06 sec
2218/2642 Test #2182: test_repl-substitution_cmd_multi_wff0 ........................................................................................   Passed    0.06 sec
          Start 2370: test_repl-whatis_cmd-bf_0
          Start 1836: test_repl-solver_cmd-sbf-solve-bv_single_var_eq-min
2219/2642 Test #2529: test_repl-cli-limit_long-max_revision_alts ...................................................................................   Passed    0.05 sec
          Start 1881: test_repl-normalize_cmd-by_grammar-shape_i_04_g_fex_x_o1_and_x_eq_o1
2220/2642 Test  #718: test_repl-valid_cmd-issue144_sometimes_atom ..................................................................................   Passed    0.07 sec
          Start  850: test_repl-word_synonym-release_equals_R
2221/2642 Test #1603: test_repl-realizable_cmd-ltl_qlt_bv-qr_21_g_gt1_and_g_lt0_unreal .............................................................   Passed    0.07 sec
          Start 2344: test_repl-adt-unsat
2222/2642 Test #1914: test_repl-normalize_cmd-prior_step_recurrence_no_cvc5_error ..................................................................   Passed    0.08 sec
          Start  618: test_repl-evalspec-no_history
2223/2642 Test #1404: test_repl-realizable_cmd-by_grammar-shape_a_26_g_a1 ..........................................................................   Passed    0.06 sec
          Start 1106: test_repl-realizable_cmd-ltl_many_sorted-ms_0024_bv_qint_unreal_bv_contradicts_itself
2224/2642 Test #2370: test_repl-whatis_cmd-bf_0 ....................................................................................................   Passed    0.06 sec
          Start 1147: test_repl-realizable_cmd-ltl_many_sorted-ms_0065_qlt_bv_hsb_unreal_qlt_always_positive_but_f_requires_negative
2225/2642 Test #1836: test_repl-solver_cmd-sbf-solve-bv_single_var_eq-min ..........................................................................   Passed    0.06 sec
2226/2642 Test  #326: test_repl-get_cmd-lgrsmaxvars ................................................................................................   Passed    0.06 sec
          Start  925: test_repl-unsat_cmd-rr_pred
          Start 1367: test_repl-realizable_cmd-ltl_correctness-cross_03_ltl_g_o_eq_i_tau
2227/2642 Test #1881: test_repl-normalize_cmd-by_grammar-shape_i_04_g_fex_x_o1_and_x_eq_o1 .........................................................   Passed    0.07 sec
          Start 1316: test_repl-realizable_cmd-ltl_many_sorted-ms_0234_6_type_unreal_bv_always_42_but_f_needs_0
2228/2642 Test  #850: test_repl-word_synonym-release_equals_R ......................................................................................   Passed    0.06 sec
          Start  939: test_repl-realizable_cmd-disjunct
2229/2642 Test #2344: test_repl-adt-unsat ..........................................................................................................   Passed    0.07 sec
          Start  249: test_repl-get_cmd-all_lists_gcminsize
2230/2642 Test  #618: test_repl-evalspec-no_history ................................................................................................   Passed    0.06 sec
          Start 1634: test_repl-realizable_cmd-ltl_qlt_bv-br_16_g_const_or_const_choice
2231/2642 Test  #925: test_repl-unsat_cmd-rr_pred ..................................................................................................   Passed    0.06 sec
          Start  453: test_repl-ltl_decisions-dnf_keeps_until
2232/2642 Test #1147: test_repl-realizable_cmd-ltl_many_sorted-ms_0065_qlt_bv_hsb_unreal_qlt_always_positive_but_f_requires_negative ...............   Passed    0.07 sec
          Start 1066: test_repl-realizable_cmd-ltl_benchmarks-lb_06_mutual_exclusion_g_o1_o2
2233/2642 Test #1106: test_repl-realizable_cmd-ltl_many_sorted-ms_0024_bv_qint_unreal_bv_contradicts_itself ........................................   Passed    0.08 sec
          Start 1584: test_repl-realizable_cmd-by_grammar-shape_u_15_f_f_always_unrealizable
2234/2642 Test #1367: test_repl-realizable_cmd-ltl_correctness-cross_03_ltl_g_o_eq_i_tau ...........................................................   Passed    0.08 sec
          Start 1628: test_repl-realizable_cmd-ltl_qlt_bv-br_10_g_const_lookback
2235/2642 Test  #939: test_repl-realizable_cmd-disjunct ............................................................................................   Passed    0.08 sec
          Start 1646: test_repl-realizable_cmd-ltl_qlt_bv-gf_08_multi_output_qlt_gt0_lt1
2236/2642 Test #1316: test_repl-realizable_cmd-ltl_many_sorted-ms_0234_6_type_unreal_bv_always_42_but_f_needs_0 ....................................   Passed    0.09 sec
          Start  936: test_repl-realizable_cmd-T
2237/2642 Test  #249: test_repl-get_cmd-all_lists_gcminsize ........................................................................................   Passed    0.07 sec
          Start  683: test_repl-valid_cmd-mem_rel
2238/2642 Test #1584: test_repl-realizable_cmd-by_grammar-shape_u_15_f_f_always_unrealizable .......................................................   Passed    0.06 sec
          Start  259: test_repl-get_cmd-maxsubsets_default_finite
2239/2642 Test #1066: test_repl-realizable_cmd-ltl_benchmarks-lb_06_mutual_exclusion_g_o1_o2 .......................................................   Passed    0.07 sec
          Start 1347: test_repl-realizable_cmd-ltl_correctness-equiv_13_g_o_eq_0_and_g_o_eq_1
2240/2642 Test #1634: test_repl-realizable_cmd-ltl_qlt_bv-br_16_g_const_or_const_choice ............................................................   Passed    0.09 sec
          Start 2149: test_repl-instantiation_cmd_multi_dup
2241/2642 Test  #453: test_repl-ltl_decisions-dnf_keeps_until ......................................................................................   Passed    0.08 sec
          Start  394: test_repl-ctl_star-sat_F_output_realizable
2242/2642 Test #1628: test_repl-realizable_cmd-ltl_qlt_bv-br_10_g_const_lookback ...................................................................   Passed    0.08 sec
          Start  893: test_repl-temporal_ops-normalize_since_prints_S
2243/2642 Test  #936: test_repl-realizable_cmd-T ...................................................................................................   Passed    0.05 sec
          Start 2539: test_repl-cli-limit_short-ba_decision_pins
2244/2642 Test #1646: test_repl-realizable_cmd-ltl_qlt_bv-gf_08_multi_output_qlt_gt0_lt1 ...........................................................   Passed    0.06 sec
2245/2642 Test  #683: test_repl-valid_cmd-mem_rel ..................................................................................................   Passed    0.06 sec
          Start 1818: test_repl-solver_cmd-sbf-solve-neq0-min
          Start  520: test_repl-ltl_env-qlt_const_output_max_flag
2246/2642 Test #2149: test_repl-instantiation_cmd_multi_dup ........................................................................................   Passed    0.06 sec
          Start 2557: test_repl-cli-limit_short-max_enum_steps
2247/2642 Test  #259: test_repl-get_cmd-maxsubsets_default_finite ..................................................................................   Passed    0.07 sec
          Start 1838: test_repl-solver_cmd-sbf-solve-bv_two_var_eq
2248/2642 Test #1347: test_repl-realizable_cmd-ltl_correctness-equiv_13_g_o_eq_0_and_g_o_eq_1 ......................................................   Passed    0.07 sec
          Start 2283: test_repl-history_store_cmd-quantifiers-ex_03_ex_x_ex_y_xy_eq_0
2249/2642 Test  #893: test_repl-temporal_ops-normalize_since_prints_S ..............................................................................   Passed    0.06 sec
          Start  623: test_repl-toggle_cmd-bvwidening
2250/2642 Test  #394: test_repl-ctl_star-sat_F_output_realizable ...................................................................................   Passed    0.07 sec
          Start 2562: test_repl-cli-limit_long-max_rewrite_rounds
2251/2642 Test #2539: test_repl-cli-limit_short-ba_decision_pins ...................................................................................   Passed    0.06 sec
          Start  680: test_repl-valid_cmd-not_valid
2252/2642 Test #1818: test_repl-solver_cmd-sbf-solve-neq0-min ......................................................................................   Passed    0.06 sec
          Start 1366: test_repl-realizable_cmd-ltl_correctness-cross_02_safe_o_eq_1
2253/2642 Test  #520: test_repl-ltl_env-qlt_const_output_max_flag ..................................................................................   Passed    0.07 sec
          Start 1376: test_repl-realizable_cmd-ltl_correctness-cross_07_safe_o_bv8_b10110101
2254/2642 Test #1838: test_repl-solver_cmd-sbf-solve-bv_two_var_eq .................................................................................   Passed    0.06 sec
          Start  684: test_repl-valid_cmd-mem_abs
2255/2642 Test #2557: test_repl-cli-limit_short-max_enum_steps .....................................................................................   Passed    0.07 sec
          Start 2200: test_repl-substitution_cmd_untyped_arith_multi
2256/2642 Test #2283: test_repl-history_store_cmd-quantifiers-ex_03_ex_x_ex_y_xy_eq_0 ..............................................................   Passed    0.07 sec
          Start  865: test_repl-temporal_ops-trigger_T_same_formula
2257/2642 Test #2562: test_repl-cli-limit_long-max_rewrite_rounds ..................................................................................   Passed    0.06 sec
          Start  935: test_repl-realizable_cmd-formula
2258/2642 Test  #623: test_repl-toggle_cmd-bvwidening ..............................................................................................   Passed    0.07 sec
          Start 2285: test_repl-history_store_cmd-quantifiers-all_02_all_x_y_xy_ne_0
2259/2642 Test #1366: test_repl-realizable_cmd-ltl_correctness-cross_02_safe_o_eq_1 ................................................................   Passed    0.06 sec
          Start  728: test_repl-sat_cmd-T
2260/2642 Test  #680: test_repl-valid_cmd-not_valid ................................................................................................   Passed    0.07 sec
          Start 1906: test_repl-normalize_cmd-quantifiers-all_03_all_x_all_y_xy_ne_0
2261/2642 Test #1376: test_repl-realizable_cmd-ltl_correctness-cross_07_safe_o_bv8_b10110101 .......................................................   Passed    0.07 sec
          Start  995: test_repl-realizable_cmd-qlt-strictly_increasing_sat
2262/2642 Test  #684: test_repl-valid_cmd-mem_abs ..................................................................................................   Passed    0.07 sec
2263/2642 Test #2200: test_repl-substitution_cmd_untyped_arith_multi ...............................................................................   Passed    0.06 sec
          Start 2288: test_repl-history_store_cmd-quantifiers-ex_all_02_ex_xy_all_wz_x_eq_w_and_y_eq_z
          Start 1851: test_repl-solver_cmd-term_rejected
2264/2642 Test  #865: test_repl-temporal_ops-trigger_T_same_formula ................................................................................   Passed    0.06 sec
          Start 2569: test_repl-cli-limit_short-gc_growth_factor
2265/2642 Test #2285: test_repl-history_store_cmd-quantifiers-all_02_all_x_y_xy_ne_0 ...............................................................   Passed    0.06 sec
          Start  638: test_repl-option_alias-debug
2266/2642 Test  #935: test_repl-realizable_cmd-formula .............................................................................................   Passed    0.07 sec
          Start 2195: test_repl-substitution_cmd_no_match_warns
2267/2642 Test  #728: test_repl-sat_cmd-T ..........................................................................................................   Passed    0.06 sec
2268/2642 Test #1906: test_repl-normalize_cmd-quantifiers-all_03_all_x_all_y_xy_ne_0 ...............................................................   Passed    0.06 sec
          Start 1811: test_repl-solver_cmd-sbf-solve_system-monotonicity3
          Start 2294: test_repl-def_list_cmd-with_defs
2269/2642 Test #2288: test_repl-history_store_cmd-quantifiers-ex_all_02_ex_xy_all_wz_x_eq_w_and_y_eq_z .............................................   Passed    0.05 sec
          Start 1368: test_repl-realizable_cmd-ltl_correctness-cross_03_safe_o_eq_i_tau
2270/2642 Test  #995: test_repl-realizable_cmd-qlt-strictly_increasing_sat .........................................................................   Passed    0.07 sec
          Start 2610: test_repl-limit_effect-fixpointsteps_via_set
2271/2642 Test #1851: test_repl-solver_cmd-term_rejected ...........................................................................................   Passed    0.06 sec
          Start 1622: test_repl-realizable_cmd-ltl_qlt_bv-br_04_g_neq_const_b10110101
2272/2642 Test #2569: test_repl-cli-limit_short-gc_growth_factor ...................................................................................   Passed    0.06 sec
          Start 1469: test_repl-realizable_cmd-by_grammar-shape_j_05_g_all_x_ex_y_f_o1_bv_8_x_o2_bv_8_y
2273/2642 Test  #638: test_repl-option_alias-debug .................................................................................................   Passed    0.07 sec
          Start 1762: test_repl-solver_cmd-qlt-solve_system-basic
2274/2642 Test #2195: test_repl-substitution_cmd_no_match_warns ....................................................................................   Passed    0.07 sec
          Start 2231: test_repl-normal_forms-dnf_bf_0
2275/2642 Test #2294: test_repl-def_list_cmd-with_defs .............................................................................................   Passed    0.06 sec
          Start 2580: test_repl-cli-limit_long-max_constant_size
2276/2642 Test #1811: test_repl-solver_cmd-sbf-solve_system-monotonicity3 ..........................................................................   Passed    0.08 sec
          Start 2155: test_repl-substitution_cmd_wff1
2277/2642 Test #1368: test_repl-realizable_cmd-ltl_correctness-cross_03_safe_o_eq_i_tau ............................................................   Passed    0.07 sec
          Start 1370: test_repl-realizable_cmd-ltl_correctness-cross_04_safe_o_eq_i_lookback_tau
2278/2642 Test #1622: test_repl-realizable_cmd-ltl_qlt_bv-br_04_g_neq_const_b10110101 ..............................................................   Passed    0.07 sec
          Start  727: test_repl-sat_cmd-formula
2279/2642 Test #2610: test_repl-limit_effect-fixpointsteps_via_set .................................................................................   Passed    0.08 sec
          Start  506: test_repl-ltl_env-alg_flag_beats_env
2280/2642 Test #1469: test_repl-realizable_cmd-by_grammar-shape_j_05_g_all_x_ex_y_f_o1_bv_8_x_o2_bv_8_y ............................................   Passed    0.08 sec
          Start 1478: test_repl-realizable_cmd-by_grammar-shape_k_09_g_a1_t_u_t
2281/2642 Test #2231: test_repl-normal_forms-dnf_bf_0 ..............................................................................................   Passed    0.06 sec
          Start  350: test_repl-set_cmd-gcminsize
2282/2642 Test #1762: test_repl-solver_cmd-qlt-solve_system-basic ..................................................................................   Passed    0.07 sec
          Start 1780: test_repl-solver_cmd-mixed-qint_qlt
2283/2642 Test #2580: test_repl-cli-limit_long-max_constant_size ...................................................................................   Passed    0.07 sec
          Start 2608: test_repl-limit_effect-fixpointsteps_default_completes
2284/2642 Test #2155: test_repl-substitution_cmd_wff1 ..............................................................................................   Passed    0.05 sec
          Start 2336: test_repl-io_definition_cmd-sbf_out_file
2285/2642 Test  #506: test_repl-ltl_env-alg_flag_beats_env .........................................................................................   Passed    0.05 sec
          Start 1459: test_repl-realizable_cmd-by_grammar-shape_g_02_g_o1_x_y_sbf
2286/2642 Test #1370: test_repl-realizable_cmd-ltl_correctness-cross_04_safe_o_eq_i_lookback_tau ...................................................   Passed    0.08 sec
          Start 1359: test_repl-realizable_cmd-ltl_correctness-equiv_11_r1_g_o_eq_0
2287/2642 Test  #727: test_repl-sat_cmd-formula ....................................................................................................   Passed    0.08 sec
          Start 1447: test_repl-realizable_cmd-by_grammar-shape_e_02_g_0_o1_1_qlt
2288/2642 Test #1478: test_repl-realizable_cmd-by_grammar-shape_k_09_g_a1_t_u_t ....................................................................   Passed    0.07 sec
          Start 2276: test_repl-history_store_cmd-printers-identical_03_x_or_ba_ne_1
2289/2642 Test  #350: test_repl-set_cmd-gcminsize ..................................................................................................   Passed    0.07 sec
2290/2642 Test #1780: test_repl-solver_cmd-mixed-qint_qlt ..........................................................................................   Passed    0.07 sec
          Start 2272: test_repl-history_ref-absolute_missing
          Start 2577: test_repl-cli-limit_long-max_cover_products
2291/2642 Test #2608: test_repl-limit_effect-fixpointsteps_default_completes .......................................................................   Passed    0.06 sec
          Start  994: test_repl-realizable_cmd-qlt-always_half_conflicts_sometimes_above_three_quarter_unsat
2292/2642 Test #2336: test_repl-io_definition_cmd-sbf_out_file .....................................................................................   Passed    0.08 sec
          Start  921: test_repl-unsat_cmd-contradiction
2293/2642 Test #1359: test_repl-realizable_cmd-ltl_correctness-equiv_11_r1_g_o_eq_0 ................................................................   Passed    0.06 sec
          Start  950: test_repl-realizable_cmd-mem_F
2294/2642 Test #1459: test_repl-realizable_cmd-by_grammar-shape_g_02_g_o1_x_y_sbf ..................................................................   Passed    0.07 sec
          Start 1891: test_repl-normalize_cmd-hooks_wff_imply-01_f_imply_x_eq_t
2295/2642 Test #2276: test_repl-history_store_cmd-printers-identical_03_x_or_ba_ne_1 ...............................................................   Passed    0.06 sec
          Start 1631: test_repl-realizable_cmd-ltl_qlt_bv-br_13_g_neq_lookback_and_eq_lookback_unreal
2296/2642 Test #1447: test_repl-realizable_cmd-by_grammar-shape_e_02_g_0_o1_1_qlt ..................................................................   Passed    0.07 sec
          Start  351: test_repl-set_cmd-gcgrowth_decimal
2297/2642 Test #2577: test_repl-cli-limit_long-max_cover_products ..................................................................................   Passed    0.06 sec
          Start 1959: test_repl-normalize_cmd-qlt_density_point_excluded
2298/2642 Test #2272: test_repl-history_ref-absolute_missing .......................................................................................   Passed    0.07 sec
          Start 2181: test_repl-substitution_cmd_multi_history
2299/2642 Test  #921: test_repl-unsat_cmd-contradiction ............................................................................................   Passed    0.06 sec
          Start 2172: test_repl-substitution_cmd-inst_into_dnf_result
2300/2642 Test  #994: test_repl-realizable_cmd-qlt-always_half_conflicts_sometimes_above_three_quarter_unsat .......................................   Passed    0.08 sec
          Start 1321: test_repl-realizable_cmd-ltl_many_sorted-ms_0239_6_type_unreal_qlt_positive_forever_but_f_needs_non_positive
2301/2642 Test  #950: test_repl-realizable_cmd-mem_F ...............................................................................................   Passed    0.06 sec
          Start 1360: test_repl-realizable_cmd-ltl_correctness-equiv_11_r2_not_not_g_o_eq_0
2302/2642 Test #1891: test_repl-normalize_cmd-hooks_wff_imply-01_f_imply_x_eq_t ....................................................................   Passed    0.07 sec
          Start 1954: test_repl-normalize_cmd-fex_equals_body
2303/2642 Test #1631: test_repl-realizable_cmd-ltl_qlt_bv-br_13_g_neq_lookback_and_eq_lookback_unreal ..............................................   Passed    0.07 sec
          Start 2584: test_repl-cli-limit_short-tref_budget
2304/2642 Test #2181: test_repl-substitution_cmd_multi_history .....................................................................................   Passed    0.06 sec
          Start 1582: test_repl-realizable_cmd-by_grammar-shape_u_13_bv_contradiction_o1_bv_8_0_and_o1_bv_8_0
2305/2642 Test  #351: test_repl-set_cmd-gcgrowth_decimal ...........................................................................................   Passed    0.08 sec
2306/2642 Test #1959: test_repl-normalize_cmd-qlt_density_point_excluded ...........................................................................   Passed    0.07 sec
          Start  911: test_repl-temporal_ops-normalize_E_prints_E_F
          Start 1895: test_repl-normalize_cmd-hooks_wff_rimply-05_x_rimply_f_eq_t
2307/2642 Test #1321: test_repl-realizable_cmd-ltl_many_sorted-ms_0239_6_type_unreal_qlt_positive_forever_but_f_needs_non_positive .................   Passed    0.06 sec
          Start 1816: test_repl-solver_cmd-sbf-solve-monotonicity2_y2
2308/2642 Test #2172: test_repl-substitution_cmd-inst_into_dnf_result ..............................................................................   Passed    0.07 sec
          Start 1057: test_repl-realizable_cmd-bv-cvc5-positive_unsat
2309/2642 Test #1360: test_repl-realizable_cmd-ltl_correctness-equiv_11_r2_not_not_g_o_eq_0 ........................................................   Passed    0.08 sec
          Start  414: test_repl-fragment_gate-ltl_blocks_A_by_default
2310/2642 Test #2584: test_repl-cli-limit_short-tref_budget ........................................................................................   Passed    0.06 sec
          Start  676: test_repl-valid_cmd-excluded_middle
2311/2642 Test #1954: test_repl-normalize_cmd-fex_equals_body ......................................................................................   Passed    0.07 sec
          Start  709: test_repl-valid_cmd-hooks_wff_lt_lteq-02_lteq_expansion
2312/2642 Test #1895: test_repl-normalize_cmd-hooks_wff_rimply-05_x_rimply_f_eq_t ..................................................................   Passed    0.06 sec
          Start 2158: test_repl-substitution_cmd_wff4
2313/2642 Test  #911: test_repl-temporal_ops-normalize_E_prints_E_F ................................................................................   Passed    0.06 sec
          Start 2545: test_repl-cli-limit_short-max_flag_search_steps
2314/2642 Test #1057: test_repl-realizable_cmd-bv-cvc5-positive_unsat ..............................................................................   Passed    0.06 sec
          Start  679: test_repl-valid_cmd-F
2315/2642 Test #1582: test_repl-realizable_cmd-by_grammar-shape_u_13_bv_contradiction_o1_bv_8_0_and_o1_bv_8_0 ......................................   Passed    0.08 sec
          Start 1477: test_repl-realizable_cmd-by_grammar-shape_k_08_f_f_f_unrealizable_innermost_f_is_wff_f
2316/2642 Test #1816: test_repl-solver_cmd-sbf-solve-monotonicity2_y2 ..............................................................................   Passed    0.08 sec
2317/2642 Test  #414: test_repl-fragment_gate-ltl_blocks_A_by_default ..............................................................................   Passed    0.06 sec
          Start  603: test_repl-disable_enable_roundtrip
          Start 2611: test_repl-limit_effect-defpasses_giveup
2318/2642 Test  #676: test_repl-valid_cmd-excluded_middle ..........................................................................................   Passed    0.06 sec
          Start 1869: test_repl-normalize_cmd_func_app_1
2319/2642 Test  #709: test_repl-valid_cmd-hooks_wff_lt_lteq-02_lteq_expansion ......................................................................   Passed    0.07 sec
          Start 2300: test_repl-def_input_stream_cmd
2320/2642 Test #2545: test_repl-cli-limit_short-max_flag_search_steps ..............................................................................   Passed    0.06 sec
          Start 2573: test_repl-cli-help_lists-max_consistency_subsets
2321/2642 Test #2158: test_repl-substitution_cmd_wff4 ..............................................................................................   Passed    0.07 sec
          Start 1778: test_repl-solver_cmd-qlt-solve-bounded_chain
2322/2642 Test  #679: test_repl-valid_cmd-F ........................................................................................................   Passed    0.06 sec
          Start 1764: test_repl-solver_cmd-qlt-solve_system-relational
2323/2642 Test #1477: test_repl-realizable_cmd-by_grammar-shape_k_08_f_f_f_unrealizable_innermost_f_is_wff_f .......................................   Passed    0.08 sec
          Start  971: test_repl-realizable_cmd-hsb-top_always_sat
2324/2642 Test  #603: test_repl-disable_enable_roundtrip ...........................................................................................   Passed    0.07 sec
          Start 1003: test_repl-realizable_cmd-tau_ba-always_t_conflicts_with_sometimes_f_unsat
2325/2642 Test #2611: test_repl-limit_effect-defpasses_giveup ......................................................................................   Passed    0.07 sec
          Start 1894: test_repl-normalize_cmd-hooks_wff_rimply-04_t_rimply_x_eq_t
2326/2642 Test #1869: test_repl-normalize_cmd_func_app_1 ...........................................................................................   Passed    0.07 sec
          Start 2143: test_repl-instantiation_cmd_multi
2327/2642 Test #2573: test_repl-cli-help_lists-max_consistency_subsets .............................................................................   Passed    0.06 sec
          Start 1823: test_repl-solver_cmd-sbf-solve-x_neq0_y_neq0
2328/2642 Test #1778: test_repl-solver_cmd-qlt-solve-bounded_chain .................................................................................   Passed    0.06 sec
          Start 1840: test_repl-solver_cmd-sbf-solve-bv_two_var_eq-max
2329/2642 Test #2300: test_repl-def_input_stream_cmd ...............................................................................................   Passed    0.08 sec
          Start  941: test_repl-realizable_cmd-contradiction
2330/2642 Test #1764: test_repl-solver_cmd-qlt-solve_system-relational .............................................................................   Passed    0.07 sec
          Start 1609: test_repl-realizable_cmd-ltl_qlt_bv-qr_30_g_ge_or_le_i1_tautology
2331/2642 Test  #971: test_repl-realizable_cmd-hsb-top_always_sat ..................................................................................   Passed    0.07 sec
          Start 1817: test_repl-solver_cmd-sbf-solve-neq0
2332/2642 Test #2143: test_repl-instantiation_cmd_multi ............................................................................................   Passed    0.07 sec
          Start  671: test_repl-option_numeric-toggle_refused
2333/2642 Test  #941: test_repl-realizable_cmd-contradiction .......................................................................................   Passed    0.05 sec
2334/2642 Test #1894: test_repl-normalize_cmd-hooks_wff_rimply-04_t_rimply_x_eq_t ..................................................................   Passed    0.07 sec
          Start 1393: test_repl-realizable_cmd-by_grammar-shape_a_15_g_g_a1
          Start 1901: test_repl-normalize_cmd-quantifiers-ex_01_ex_x_x_eq_0
2335/2642 Test #1823: test_repl-solver_cmd-sbf-solve-x_neq0_y_neq0 .................................................................................   Passed    0.08 sec
          Start  922: test_repl-unsat_cmd-T
2336/2642 Test #1003: test_repl-realizable_cmd-tau_ba-always_t_conflicts_with_sometimes_f_unsat ....................................................   Passed    0.10 sec
          Start  849: test_repl-word_synonym-until_equals_U
2337/2642 Test #1840: test_repl-solver_cmd-sbf-solve-bv_two_var_eq-max .............................................................................   Passed    0.07 sec
          Start  620: test_repl-evalspec-zero_history
2338/2642 Test #1817: test_repl-solver_cmd-sbf-solve-neq0 ..........................................................................................   Passed    0.06 sec
          Start 1468: test_repl-realizable_cmd-by_grammar-shape_j_04_f_ex_x_g_f_o1_bv_8_x_bv_8
2339/2642 Test #1609: test_repl-realizable_cmd-ltl_qlt_bv-qr_30_g_ge_or_le_i1_tautology ............................................................   Passed    0.08 sec
          Start 2530: test_repl-cli-limit_short-max_revision_alts
2340/2642 Test #1901: test_repl-normalize_cmd-quantifiers-ex_01_ex_x_x_eq_0 ........................................................................   Passed    0.06 sec
          Start 2504: test_repl-strategy_exec-exec_ver_01_g_o1_eq0_5steps
2341/2642 Test #1393: test_repl-realizable_cmd-by_grammar-shape_a_15_g_g_a1 ........................................................................   Passed    0.06 sec
          Start  674: test_repl-valid_cmd-t
2342/2642 Test  #671: test_repl-option_numeric-toggle_refused ......................................................................................   Passed    0.07 sec
          Start  643: test_repl-severity_value-e
2343/2642 Test  #922: test_repl-unsat_cmd-T ........................................................................................................   Passed    0.06 sec
          Start 1966: test_repl-qelim_cmd-form
2344/2642 Test  #849: test_repl-word_synonym-until_equals_U ........................................................................................   Passed    0.06 sec
          Start  348: test_repl-set_cmd-probesteps_unlimited
2345/2642 Test  #620: test_repl-evalspec-zero_history ..............................................................................................   Passed    0.08 sec
          Start 2563: test_repl-cli-limit_short-max_rewrite_rounds
2346/2642 Test #1468: test_repl-realizable_cmd-by_grammar-shape_j_04_f_ex_x_g_f_o1_bv_8_x_bv_8 .....................................................   Passed    0.07 sec
          Start 1365: test_repl-realizable_cmd-ltl_correctness-cross_02_ltl_g_o_eq_1
2347/2642 Test #2530: test_repl-cli-limit_short-max_revision_alts ..................................................................................   Passed    0.07 sec
          Start 2148: test_repl-instantiation_cmd_groups_non_variable
2348/2642 Test  #674: test_repl-valid_cmd-t ........................................................................................................   Passed    0.06 sec
          Start 1797: test_repl-solver_cmd-sbf-ineq_system-same_exponent
2349/2642 Test  #643: test_repl-severity_value-e ...................................................................................................   Passed    0.07 sec
          Start 2514: test_repl-cli-interactive_command
2350/2642 Test #2504: test_repl-strategy_exec-exec_ver_01_g_o1_eq0_5steps ..........................................................................   Passed    0.08 sec
          Start 1640: test_repl-realizable_cmd-ltl_qlt_bv-gf_02_depth1_bv_neq_b10101010
2351/2642 Test #1966: test_repl-qelim_cmd-form .....................................................................................................   Passed    0.07 sec
          Start 1852: test_repl-solver_cmd-bv_term_rejected
2352/2642 Test  #348: test_repl-set_cmd-probesteps_unlimited .......................................................................................   Passed    0.06 sec
          Start 2533: test_repl-cli-limit_short-block_max_splits
2353/2642 Test #2563: test_repl-cli-limit_short-max_rewrite_rounds .................................................................................   Passed    0.07 sec
          Start  675: test_repl-valid_cmd-formula
2354/2642 Test #2148: test_repl-instantiation_cmd_groups_non_variable ..............................................................................   Passed    0.06 sec
          Start  602: test_repl-enable_disable_roundtrip
2355/2642 Test #1365: test_repl-realizable_cmd-ltl_correctness-cross_02_ltl_g_o_eq_1 ...............................................................   Passed    0.07 sec
          Start 1927: test_repl-normalize_cmd-qlt_end_is_no_point_ex
2356/2642 Test #2533: test_repl-cli-limit_short-block_max_splits ...................................................................................   Passed    0.06 sec
          Start  686: test_repl-valid_cmd-mem_F
2357/2642 Test #1852: test_repl-solver_cmd-bv_term_rejected ........................................................................................   Passed    0.07 sec
          Start 2258: test_repl-onf_cmd-no_crash_on_variable_equality
2358/2642 Test #1797: test_repl-solver_cmd-sbf-ineq_system-same_exponent ...........................................................................   Passed    0.09 sec
          Start 1835: test_repl-solver_cmd-sbf-solve-bv_single_var_eq
2359/2642 Test #2514: test_repl-cli-interactive_command ............................................................................................   Passed    0.08 sec
          Start 1910: test_repl-normalize_cmd-quantifiers-all_ex_02_all_xy_ex_wz_x_eq_w_and_y_eq_z
2360/2642 Test #1640: test_repl-realizable_cmd-ltl_qlt_bv-gf_02_depth1_bv_neq_b10101010 ............................................................   Passed    0.08 sec
          Start 1794: test_repl-lgrs_cmd-sbf-and
2361/2642 Test  #675: test_repl-valid_cmd-formula ..................................................................................................   Passed    0.06 sec
          Start  891: test_repl-temporal_ops-normalize_release_prints_R
2362/2642 Test  #602: test_repl-enable_disable_roundtrip ...........................................................................................   Passed    0.07 sec
          Start 1581: test_repl-realizable_cmd-by_grammar-shape_u_12_two_outputs_with_cross_dependency_cycle
2363/2642 Test  #686: test_repl-valid_cmd-mem_F ....................................................................................................   Passed    0.05 sec
          Start 2221: test_repl-normal_forms-cnf_bf_xor
2364/2642 Test #1835: test_repl-solver_cmd-sbf-solve-bv_single_var_eq ..............................................................................   Passed    0.05 sec
          Start 1919: test_repl-normalize_cmd-fp_call_function_converging
2365/2642 Test #1794: test_repl-lgrs_cmd-sbf-and ...................................................................................................   Passed    0.06 sec
          Start 2566: test_repl-cli-limit_short-gc_min_size
2366/2642 Test #1927: test_repl-normalize_cmd-qlt_end_is_no_point_ex ...............................................................................   Passed    0.09 sec
2367/2642 Test #2258: test_repl-onf_cmd-no_crash_on_variable_equality ..............................................................................   Passed    0.07 sec
          Start 2312: test_repl-definitions-quant_body_no_capture-inner
          Start 2147: test_repl-instantiation_cmd_multi_non_variable
2368/2642 Test #1910: test_repl-normalize_cmd-quantifiers-all_ex_02_all_xy_ex_wz_x_eq_w_and_y_eq_z .................................................   Passed    0.07 sec
          Start 1708: test_repl-unrealizable_cmd-wff_sat
2369/2642 Test  #891: test_repl-temporal_ops-normalize_release_prints_R ............................................................................   Passed    0.07 sec
          Start 2228: test_repl-normal_forms-dnf_wff_mem_abs
2370/2642 Test #2221: test_repl-normal_forms-cnf_bf_xor ............................................................................................   Passed    0.06 sec
          Start 1821: test_repl-solver_cmd-sbf-solve-neq0_neq1-min
2371/2642 Test #1581: test_repl-realizable_cmd-by_grammar-shape_u_12_two_outputs_with_cross_dependency_cycle .......................................   Passed    0.08 sec
          Start  924: test_repl-unsat_cmd-disjunction
2372/2642 Test #2566: test_repl-cli-limit_short-gc_min_size ........................................................................................   Passed    0.05 sec
          Start  689: test_repl-valid_cmd-bv-cvc5-plus_one_eq_neg
2373/2642 Test #1919: test_repl-normalize_cmd-fp_call_function_converging ..........................................................................   Passed    0.06 sec
          Start 2267: test_repl-history_print_cmd-empty_absolute
2374/2642 Test #1708: test_repl-unrealizable_cmd-wff_sat ...........................................................................................   Passed    0.06 sec
          Start 2373: test_repl-whatis_cmd-mem_bf
2375/2642 Test #2312: test_repl-definitions-quant_body_no_capture-inner ............................................................................   Passed    0.07 sec
          Start 1372: test_repl-realizable_cmd-ltl_correctness-cross_05_safe_mixed_atom_tau
2376/2642 Test #2147: test_repl-instantiation_cmd_multi_non_variable ...............................................................................   Passed    0.07 sec
          Start  244: test_repl-get_cmd-all_lists_simplifyrounds
2377/2642 Test #2228: test_repl-normal_forms-dnf_wff_mem_abs .......................................................................................   Passed    0.07 sec
          Start 1963: test_repl-normalize_cmd-issue185_definition_min
2378/2642 Test #1821: test_repl-solver_cmd-sbf-solve-neq0_neq1-min .................................................................................   Passed    0.07 sec
          Start 1600: test_repl-realizable_cmd-ltl_qlt_bv-qr_17_g_eq_i1_and_gt1_unreal
2379/2642 Test  #924: test_repl-unsat_cmd-disjunction ..............................................................................................   Passed    0.06 sec
          Start 2587: test_repl-cli-limit_short-tref_budget_soft
2380/2642 Test  #689: test_repl-valid_cmd-bv-cvc5-plus_one_eq_neg ..................................................................................   Passed    0.07 sec
2381/2642 Test #2267: test_repl-history_print_cmd-empty_absolute ...................................................................................   Passed    0.07 sec
          Start 1356: test_repl-realizable_cmd-ltl_correctness-equiv_02_r2_not_f_not_o_eq_1
          Start  329: test_repl-help_set_lists_lgrsmaxvars
2382/2642 Test  #244: test_repl-get_cmd-all_lists_simplifyrounds ...................................................................................   Passed    0.05 sec
2383/2642 Test #2373: test_repl-whatis_cmd-mem_bf ..................................................................................................   Passed    0.06 sec
          Start 1592: test_repl-realizable_cmd-ltl_qlt_bv-qr_08_g_neq_i1
          Start  917: test_repl-unsat_cmd-f
2384/2642 Test #1372: test_repl-realizable_cmd-ltl_correctness-cross_05_safe_mixed_atom_tau ........................................................   Passed    0.06 sec
          Start 2269: test_repl-history_print_cmd-non_empty_absolute
2385/2642 Test #1963: test_repl-normalize_cmd-issue185_definition_min ..............................................................................   Passed    0.07 sec
          Start  928: test_repl-unsat_cmd-mem_rel
2386/2642 Test #2587: test_repl-cli-limit_short-tref_budget_soft ...................................................................................   Passed    0.06 sec
          Start 1731: test_repl-solver_cmd-hsb-solve-neq0
2387/2642 Test #1600: test_repl-realizable_cmd-ltl_qlt_bv-qr_17_g_eq_i1_and_gt1_unreal .............................................................   Passed    0.07 sec
          Start 2593: test_repl-cli-bv_blastdepth_flag
2388/2642 Test  #329: test_repl-help_set_lists_lgrsmaxvars .........................................................................................   Passed    0.07 sec
          Start 1908: test_repl-normalize_cmd-quantifiers-ex_all_02_ex_xy_all_wz_x_eq_w_and_y_eq_z
2389/2642 Test #1356: test_repl-realizable_cmd-ltl_correctness-equiv_02_r2_not_f_not_o_eq_1 ........................................................   Passed    0.08 sec
2390/2642 Test #2269: test_repl-history_print_cmd-non_empty_absolute ...............................................................................   Passed    0.07 sec
          Start 1352: test_repl-realizable_cmd-ltl_correctness-equiv_17_r2_not_f_not_o_sbf_x_and_y
          Start 1968: test_repl-qelim_cmd-rel_mem
2391/2642 Test #1592: test_repl-realizable_cmd-ltl_qlt_bv-qr_08_g_neq_i1 ...........................................................................   Passed    0.08 sec
          Start 2334: test_repl-io_definition_cmd-tau_in_file
2392/2642 Test  #917: test_repl-unsat_cmd-f ........................................................................................................   Passed    0.08 sec
          Start 2154: test_repl-substitution_cmd_bf6
2393/2642 Test  #928: test_repl-unsat_cmd-mem_rel ..................................................................................................   Passed    0.07 sec
          Start 1625: test_repl-realizable_cmd-ltl_qlt_bv-br_07_g_neq_i1
2394/2642 Test #1731: test_repl-solver_cmd-hsb-solve-neq0 ..........................................................................................   Passed    0.06 sec
          Start 2153: test_repl-substitution_cmd_bf5
2395/2642 Test #2593: test_repl-cli-bv_blastdepth_flag .............................................................................................   Passed    0.07 sec
          Start  630: test_repl-option_alias-preprocessing
2396/2642 Test #1352: test_repl-realizable_cmd-ltl_correctness-equiv_17_r2_not_f_not_o_sbf_x_and_y .................................................   Passed    0.06 sec
          Start 1824: test_repl-solver_cmd-sbf-solve-x_neq0_y_neq0-min
2397/2642 Test #1968: test_repl-qelim_cmd-rel_mem ..................................................................................................   Passed    0.06 sec
          Start 1350: test_repl-realizable_cmd-ltl_correctness-equiv_16_g_o_eq_i_tau
2398/2642 Test #1908: test_repl-normalize_cmd-quantifiers-ex_all_02_ex_xy_all_wz_x_eq_w_and_y_eq_z .................................................   Passed    0.07 sec
2399/2642 Test #2154: test_repl-substitution_cmd_bf6 ...............................................................................................   Passed    0.06 sec
          Start 2592: test_repl-cli-help_lists-ltl_data_game_max_memo
          Start  940: test_repl-realizable_cmd-F
2400/2642 Test #2334: test_repl-io_definition_cmd-tau_in_file ......................................................................................   Passed    0.06 sec
          Start 1766: test_repl-solver_cmd-qlt-solve-neq0-min
2401/2642 Test #2153: test_repl-substitution_cmd_bf5 ...............................................................................................   Passed    0.06 sec
          Start 2586: test_repl-cli-limit_long-tref_budget_soft
2402/2642 Test  #630: test_repl-option_alias-preprocessing .........................................................................................   Passed    0.06 sec
          Start 2582: test_repl-cli-help_lists-max_constant_size
2403/2642 Test #1625: test_repl-realizable_cmd-ltl_qlt_bv-br_07_g_neq_i1 ...........................................................................   Passed    0.08 sec
          Start 1369: test_repl-realizable_cmd-ltl_correctness-cross_04_ltl_g_o_eq_i_lookback_tau
2404/2642 Test #2592: test_repl-cli-help_lists-ltl_data_game_max_memo ..............................................................................   Passed    0.06 sec
          Start 2225: test_repl-normal_forms-dnf_wff_F
2405/2642 Test #1350: test_repl-realizable_cmd-ltl_correctness-equiv_16_g_o_eq_i_tau ...............................................................   Passed    0.07 sec
          Start  359: test_repl-set_cmd-maxrounds_roundtrip
2406/2642 Test #1824: test_repl-solver_cmd-sbf-solve-x_neq0_y_neq0-min .............................................................................   Passed    0.08 sec
          Start 2368: test_repl-whatis_cmd-wff_eq
2407/2642 Test  #940: test_repl-realizable_cmd-F ...................................................................................................   Passed    0.07 sec
          Start  562: test_repl-memory_cmd-no_run
2408/2642 Test #1766: test_repl-solver_cmd-qlt-solve-neq0-min ......................................................................................   Passed    0.08 sec
          Start 1620: test_repl-realizable_cmd-ltl_qlt_bv-br_02_g_const_b11110000
2409/2642 Test #2582: test_repl-cli-help_lists-max_constant_size ...................................................................................   Passed    0.07 sec
          Start 2235: test_repl-normal_forms-dnf_bf_mem_rel
2410/2642 Test #2586: test_repl-cli-limit_long-tref_budget_soft ....................................................................................   Passed    0.09 sec
          Start 2372: test_repl-whatis_cmd-mem_wff
2411/2642 Test #1369: test_repl-realizable_cmd-ltl_correctness-cross_04_ltl_g_o_eq_i_lookback_tau ..................................................   Passed    0.08 sec
          Start 2067: test_repl-run_cmd-ltl_aba_execution-g7_05_sbf_g_compound_4steps
2412/2642 Test #2225: test_repl-normal_forms-dnf_wff_F .............................................................................................   Passed    0.06 sec
          Start 2156: test_repl-substitution_cmd_wff2
2413/2642 Test  #562: test_repl-memory_cmd-no_run ..................................................................................................   Passed    0.06 sec
          Start  625: test_repl-option_alias-sev
2414/2642 Test #2368: test_repl-whatis_cmd-wff_eq ..................................................................................................   Passed    0.07 sec
          Start  931: test_repl-unsat_cmd-tc-g_o1_eq_0_and_bare_eq_mix
2415/2642 Test  #359: test_repl-set_cmd-maxrounds_roundtrip ........................................................................................   Passed    0.08 sec
          Start  946: test_repl-realizable_cmd-rr_pred
2416/2642 Test #1620: test_repl-realizable_cmd-ltl_qlt_bv-br_02_g_const_b11110000 ..................................................................   Passed    0.08 sec
          Start 1474: test_repl-realizable_cmd-by_grammar-shape_k_05_t_u_a1_u_t
2417/2642 Test #2235: test_repl-normal_forms-dnf_bf_mem_rel ........................................................................................   Passed    0.07 sec
          Start 1825: test_repl-solver_cmd-sbf-solve-x_neq0_y_neq0-max
2418/2642 Test #2372: test_repl-whatis_cmd-mem_wff .................................................................................................   Passed    0.06 sec
          Start  682: test_repl-valid_cmd-rr_pred
2419/2642 Test  #625: test_repl-option_alias-sev ...................................................................................................   Passed    0.06 sec
          Start 2521: test_repl-cli-max_fixpoint_steps_flag
2420/2642 Test #2067: test_repl-run_cmd-ltl_aba_execution-g7_05_sbf_g_compound_4steps ..............................................................   Passed    0.09 sec
          Start 1629: test_repl-realizable_cmd-ltl_qlt_bv-br_11_g_eq_i1_and_neq_const_unreal
2421/2642 Test #2156: test_repl-substitution_cmd_wff2 ..............................................................................................   Passed    0.09 sec
2422/2642 Test  #931: test_repl-unsat_cmd-tc-g_o1_eq_0_and_bare_eq_mix .............................................................................   Passed    0.07 sec
          Start 1787: test_repl-solver_cmd-sbf-find_solution-or
          Start 2226: test_repl-normal_forms-dnf_wff_dist_right
2423/2642 Test  #946: test_repl-realizable_cmd-rr_pred .............................................................................................   Passed    0.06 sec
          Start 2366: test_repl-whatis_cmd-wff_T
2424/2642 Test #1474: test_repl-realizable_cmd-by_grammar-shape_k_05_t_u_a1_u_t ....................................................................   Passed    0.06 sec
          Start 1887: test_repl-normalize_cmd-by_grammar-shape_o_03_f_f_g_i1_qlt_gt_0
2425/2642 Test  #682: test_repl-valid_cmd-rr_pred ..................................................................................................   Passed    0.06 sec
          Start  934: test_repl-realizable_cmd-f
2426/2642 Test #1825: test_repl-solver_cmd-sbf-solve-x_neq0_y_neq0-max .............................................................................   Passed    0.07 sec
          Start 1617: test_repl-realizable_cmd-ltl_qlt_bv-qr_39_g_neq_i1_and_neq_lookback
2427/2642 Test #2521: test_repl-cli-max_fixpoint_steps_flag ........................................................................................   Passed    0.05 sec
          Start 1868: test_repl-normalize_cmd_memory
2428/2642 Test #1629: test_repl-realizable_cmd-ltl_qlt_bv-br_11_g_eq_i1_and_neq_const_unreal .......................................................   Passed    0.07 sec
          Start 2128: test_repl-instantiation_cmd_bf1
2429/2642 Test #2226: test_repl-normal_forms-dnf_wff_dist_right ....................................................................................   Passed    0.07 sec
2430/2642 Test #1787: test_repl-solver_cmd-sbf-find_solution-or ....................................................................................   Passed    0.07 sec
2431/2642 Test #2366: test_repl-whatis_cmd-wff_T ...................................................................................................   Passed    0.06 sec
          Start 2152: test_repl-substitution_cmd_bf2
          Start 2248: test_repl-normal_forms-mnf_bf_mem_abs
          Start 1935: test_repl-normalize_cmd-qlt_compound_term_is_no_bound
2432/2642 Test #1887: test_repl-normalize_cmd-by_grammar-shape_o_03_f_f_g_i1_qlt_gt_0 ..............................................................   Passed    0.06 sec
          Start  601: test_repl-disable_cmd-charvar
2433/2642 Test  #934: test_repl-realizable_cmd-f ...................................................................................................   Passed    0.07 sec
          Start 2232: test_repl-normal_forms-dnf_bf_dist_right
2434/2642 Test #1868: test_repl-normalize_cmd_memory ...............................................................................................   Passed    0.06 sec
          Start 2311: test_repl-definitions-quant_body_no_capture
2435/2642 Test #1617: test_repl-realizable_cmd-ltl_qlt_bv-qr_39_g_neq_i1_and_neq_lookback ..........................................................   Passed    0.09 sec
          Start 1769: test_repl-solver_cmd-qlt-solve-neq0_neq1-min
2436/2642 Test #2128: test_repl-instantiation_cmd_bf1 ..............................................................................................   Passed    0.07 sec
          Start 1577: test_repl-realizable_cmd-by_grammar-shape_u_08_qlt_contradiction_o1_top
2437/2642 Test #2152: test_repl-substitution_cmd_bf2 ...............................................................................................   Passed    0.07 sec
          Start 2146: test_repl-instantiation_cmd_groups_chain
2438/2642 Test #2248: test_repl-normal_forms-mnf_bf_mem_abs ........................................................................................   Passed    0.07 sec
          Start 1378: test_repl-realizable_cmd-ltl_correctness-cross_08_safe_o_and_o_eq_0
2439/2642 Test  #601: test_repl-disable_cmd-charvar ................................................................................................   Passed    0.06 sec
          Start 2084: test_repl-run_cmd-ltl_aba_execution-g11_02_bv_g_b00001111_5steps
2440/2642 Test #2232: test_repl-normal_forms-dnf_bf_dist_right .....................................................................................   Passed    0.07 sec
          Start 1602: test_repl-realizable_cmd-ltl_qlt_bv-qr_19_g_gt_i1_and_lt_i1_unreal
2441/2642 Test #1935: test_repl-normalize_cmd-qlt_compound_term_is_no_bound ........................................................................   Passed    0.09 sec
          Start 1475: test_repl-realizable_cmd-by_grammar-shape_k_06_g_a1_t
2442/2642 Test #2311: test_repl-definitions-quant_body_no_capture ..................................................................................   Passed    0.08 sec
          Start 1791: test_repl-solver_cmd-sbf-find_solution-and_neg
2443/2642 Test #1769: test_repl-solver_cmd-qlt-solve-neq0_neq1-min .................................................................................   Passed    0.07 sec
          Start 2576: test_repl-cli-help_lists-cache_bound
2444/2642 Test #2146: test_repl-instantiation_cmd_groups_chain .....................................................................................   Passed    0.07 sec
          Start 2233: test_repl-normal_forms-dnf_bf_dist_left
2445/2642 Test #1378: test_repl-realizable_cmd-ltl_correctness-cross_08_safe_o_and_o_eq_0 ..........................................................   Passed    0.06 sec
          Start 2240: test_repl-normal_forms-nnf_wff_mem_rel
2446/2642 Test #1577: test_repl-realizable_cmd-by_grammar-shape_u_08_qlt_contradiction_o1_top ......................................................   Passed    0.08 sec
          Start 1351: test_repl-realizable_cmd-ltl_correctness-equiv_17_r1_g_o_sbf_x_and_y
2447/2642 Test #2084: test_repl-run_cmd-ltl_aba_execution-g11_02_bv_g_b00001111_5steps .............................................................   Passed    0.06 sec
          Start 1923: test_repl-normalize_cmd-cast_result_meets_sbf_rejected
2448/2642 Test #1475: test_repl-realizable_cmd-by_grammar-shape_k_06_g_a1_t ........................................................................   Passed    0.07 sec
          Start 1591: test_repl-realizable_cmd-ltl_qlt_bv-qr_07_g_mirror_lookback_i1
2449/2642 Test #1791: test_repl-solver_cmd-sbf-find_solution-and_neg ...............................................................................   Passed    0.07 sec
2450/2642 Test #2576: test_repl-cli-help_lists-cache_bound .........................................................................................   Passed    0.06 sec
          Start 2599: test_repl-cli-bv_widening_long_flag
          Start 2264: test_repl-history_store_cmd-tau
2451/2642 Test #1602: test_repl-realizable_cmd-ltl_qlt_bv-qr_19_g_gt_i1_and_lt_i1_unreal ...........................................................   Passed    0.10 sec
          Start 1616: test_repl-realizable_cmd-ltl_qlt_bv-qr_37_g_lookback_half_implies_two_thirds
2452/2642 Test #2233: test_repl-normal_forms-dnf_bf_dist_left ......................................................................................   Passed    0.06 sec
          Start 1354: test_repl-realizable_cmd-ltl_correctness-equiv_18_r2_g_o_sbf_x_and_y
2453/2642 Test #1923: test_repl-normalize_cmd-cast_result_meets_sbf_rejected .......................................................................   Passed    0.06 sec
          Start 2142: test_repl-instantiation_cmd-non_variable
2454/2642 Test #2240: test_repl-normal_forms-nnf_wff_mem_rel .......................................................................................   Passed    0.07 sec
          Start 2284: test_repl-history_store_cmd-quantifiers-all_01_all_x_x_ne_0
2455/2642 Test #1591: test_repl-realizable_cmd-ltl_qlt_bv-qr_07_g_mirror_lookback_i1 ...............................................................   Passed    0.07 sec
          Start 2598: test_repl-cli-bv_widening_flag
2456/2642 Test #1351: test_repl-realizable_cmd-ltl_correctness-equiv_17_r1_g_o_sbf_x_and_y .........................................................   Passed    0.10 sec
          Start 1465: test_repl-realizable_cmd-by_grammar-shape_j_01_g_all_x_f_f_f_o1_bv_8_x_bv_8
2457/2642 Test #2264: test_repl-history_store_cmd-tau ..............................................................................................   Passed    0.07 sec
          Start 2238: test_repl-normal_forms-nnf_wff
2458/2642 Test #2599: test_repl-cli-bv_widening_long_flag ..........................................................................................   Passed    0.07 sec
          Start 2308: test_repl-definitions-call_constant_arg_type_matches_bv
2459/2642 Test #1354: test_repl-realizable_cmd-ltl_correctness-equiv_18_r2_g_o_sbf_x_and_y .........................................................   Passed    0.06 sec
          Start 2286: test_repl-history_store_cmd-quantifiers-all_03_all_x_all_y_xy_ne_0
2460/2642 Test #2142: test_repl-instantiation_cmd-non_variable .....................................................................................   Passed    0.07 sec
          Start  619: test_repl-evalspec-huge_history
2461/2642 Test #1616: test_repl-realizable_cmd-ltl_qlt_bv-qr_37_g_lookback_half_implies_two_thirds .................................................   Passed    0.08 sec
          Start 2255: test_repl-pnf_cmd-F
2462/2642 Test #2284: test_repl-history_store_cmd-quantifiers-all_01_all_x_x_ne_0 ..................................................................   Passed    0.07 sec
          Start  730: test_repl-sat_cmd-wff_sat2
2463/2642 Test #2598: test_repl-cli-bv_widening_flag ...............................................................................................   Passed    0.08 sec
          Start 2585: test_repl-cli-help_lists-tref_budget
2464/2642 Test #1465: test_repl-realizable_cmd-by_grammar-shape_j_01_g_all_x_f_f_f_o1_bv_8_x_bv_8 ..................................................   Passed    0.08 sec
2465/2642 Test #2286: test_repl-history_store_cmd-quantifiers-all_03_all_x_all_y_xy_ne_0 ...........................................................   Passed    0.06 sec
          Start 1865: test_repl-normalize_cmd_bf
          Start 2265: test_repl-history_store_cmd-tau_fail
2466/2642 Test #2238: test_repl-normal_forms-nnf_wff ...............................................................................................   Passed    0.07 sec
          Start 2524: test_repl-cli-max_revision_alts_flag
2467/2642 Test  #730: test_repl-sat_cmd-wff_sat2 ...................................................................................................   Passed    0.06 sec
          Start  246: test_repl-get_cmd-all_lists_enumsteps
2468/2642 Test  #619: test_repl-evalspec-huge_history ..............................................................................................   Passed    0.09 sec
          Start 1467: test_repl-realizable_cmd-by_grammar-shape_j_03_f_all_x_g_o1_bv_8_x_bv_8
2469/2642 Test #2308: test_repl-definitions-call_constant_arg_type_matches_bv ......................................................................   Passed    0.10 sec
          Start 2339: test_repl-io_definition_cmd-w_prefix_out_rejected
2470/2642 Test #2585: test_repl-cli-help_lists-tref_budget .........................................................................................   Passed    0.05 sec
          Start 2527: test_repl-cli-limit_short-spec_size_warn
2471/2642 Test #2255: test_repl-pnf_cmd-F ..........................................................................................................   Passed    0.09 sec
          Start 1800: test_repl-solver_cmd-sbf-ineq_system-splitter_case4
2472/2642 Test #1865: test_repl-normalize_cmd_bf ...................................................................................................   Passed    0.07 sec
          Start 1619: test_repl-realizable_cmd-ltl_qlt_bv-br_01_g_const_b10110101
2473/2642 Test #2265: test_repl-history_store_cmd-tau_fail .........................................................................................   Passed    0.08 sec
          Start 2589: test_repl-cli-limit_long-ltl_data_game_max_nodes
2474/2642 Test #2524: test_repl-cli-max_revision_alts_flag .........................................................................................   Passed    0.08 sec
          Start 2359: test_repl-reset_cmd-basic
2475/2642 Test  #246: test_repl-get_cmd-all_lists_enumsteps ........................................................................................   Passed    0.07 sec
          Start 1579: test_repl-realizable_cmd-by_grammar-shape_u_10_g_o1_0_g_o1_0
2476/2642 Test #2339: test_repl-io_definition_cmd-w_prefix_out_rejected ............................................................................   Passed    0.06 sec
          Start 1377: test_repl-realizable_cmd-ltl_correctness-cross_08_ltl_g_o_and_o_eq_0
2477/2642 Test #1467: test_repl-realizable_cmd-by_grammar-shape_j_03_f_all_x_g_o1_bv_8_x_bv_8 ......................................................   Passed    0.09 sec
          Start 2132: test_repl-instantiation_cmd_wff1
2478/2642 Test #2527: test_repl-cli-limit_short-spec_size_warn .....................................................................................   Passed    0.08 sec
          Start 1804: test_repl-solver_cmd-sbf-solve_system-one_var
2479/2642 Test #1800: test_repl-solver_cmd-sbf-ineq_system-splitter_case4 ..........................................................................   Passed    0.09 sec
          Start 2230: test_repl-normal_forms-dnf_bf_1
2480/2642 Test #2589: test_repl-cli-limit_long-ltl_data_game_max_nodes .............................................................................   Passed    0.10 sec
          Start 1315: test_repl-realizable_cmd-ltl_many_sorted-ms_0233_6_type_unreal_g_always_half_but_f_needs_different
2481/2642 Test #2359: test_repl-reset_cmd-basic ....................................................................................................   Passed    0.15 sec
          Start 2535: test_repl-cli-limit_long-block_max_rounds
2482/2642 Test #1619: test_repl-realizable_cmd-ltl_qlt_bv-br_01_g_const_b10110101 ..................................................................   Passed    0.17 sec
          Start 2550: test_repl-cli-limit_long-max_simplify_rounds
2483/2642 Test #1579: test_repl-realizable_cmd-by_grammar-shape_u_10_g_o1_0_g_o1_0 .................................................................   Passed    0.15 sec
2484/2642 Test #1377: test_repl-realizable_cmd-ltl_correctness-cross_08_ltl_g_o_and_o_eq_0 .........................................................   Passed    0.15 sec
2485/2642 Test #2132: test_repl-instantiation_cmd_wff1 .............................................................................................   Passed    0.13 sec
          Start  731: test_repl-sat_cmd-disjunct
          Start 2362: test_repl-reset_cmd-reuse_after_reset
          Start 2201: test_repl-substitution_cmd_groups_chain
2486/2642 Test #1804: test_repl-solver_cmd-sbf-solve_system-one_var ................................................................................   Passed    0.13 sec
          Start 2234: test_repl-normal_forms-dnf_bf_mem_abs
2487/2642 Test #2230: test_repl-normal_forms-dnf_bf_1 ..............................................................................................   Passed    0.13 sec
          Start 2129: test_repl-instantiation_cmd_bf2
2488/2642 Test #1315: test_repl-realizable_cmd-ltl_many_sorted-ms_0233_6_type_unreal_g_always_half_but_f_needs_different ...........................   Passed    0.11 sec
          Start 2274: test_repl-history_store_cmd-printers-identical_01_x_eq_1
2489/2642 Test #2550: test_repl-cli-limit_long-max_simplify_rounds .................................................................................   Passed    0.07 sec
          Start 2262: test_repl-history_store_cmd-bf
2490/2642 Test #2535: test_repl-cli-limit_long-block_max_rounds ....................................................................................   Passed    0.09 sec
          Start  245: test_repl-get_cmd-all_lists_defpasses
2491/2642 Test  #731: test_repl-sat_cmd-disjunct ...................................................................................................   Passed    0.08 sec
          Start 2256: test_repl-pnf_cmd-wff
2492/2642 Test #2201: test_repl-substitution_cmd_groups_chain ......................................................................................   Passed    0.08 sec
          Start  726: test_repl-sat_cmd-f
2493/2642 Test #2362: test_repl-reset_cmd-reuse_after_reset ........................................................................................   Passed    0.09 sec
2494/2642 Test #2234: test_repl-normal_forms-dnf_bf_mem_abs ........................................................................................   Passed    0.08 sec
          Start 2374: test_repl-whatis_cmd-mem_abs
          Start  729: test_repl-sat_cmd-wff_sat
2495/2642 Test #2129: test_repl-instantiation_cmd_bf2 ..............................................................................................   Passed    0.08 sec
          Start 2515: test_repl-cli-spec_from_stdin
2496/2642 Test #2274: test_repl-history_store_cmd-printers-identical_01_x_eq_1 .....................................................................   Passed    0.07 sec
          Start 1898: test_repl-normalize_cmd-hooks_wff_equiv-07_negx_equiv_x_eq_f
2497/2642 Test #2262: test_repl-history_store_cmd-bf ...............................................................................................   Passed    0.06 sec
          Start 1364: test_repl-realizable_cmd-ltl_correctness-cross_01_safe_o_eq_0
2498/2642 Test  #245: test_repl-get_cmd-all_lists_defpasses ........................................................................................   Passed    0.06 sec
          Start 2281: test_repl-history_store_cmd-quantifiers-ex_01_ex_x_x_eq_0
2499/2642 Test #2256: test_repl-pnf_cmd-wff ........................................................................................................   Passed    0.05 sec
          Start 2602: test_repl-cli-bv_max_width_cap_exceeded
2500/2642 Test  #726: test_repl-sat_cmd-f ..........................................................................................................   Passed    0.06 sec
          Start 2363: test_repl-reset_cmd-frees_nodes
2501/2642 Test #2374: test_repl-whatis_cmd-mem_abs .................................................................................................   Passed    0.06 sec
          Start 1580: test_repl-realizable_cmd-by_grammar-shape_u_11_implication_contradiction_g_t_f
2502/2642 Test  #729: test_repl-sat_cmd-wff_sat ....................................................................................................   Passed    0.06 sec
          Start 1776: test_repl-solver_cmd-qlt-solve-increasing_chain
2503/2642 Test #2515: test_repl-cli-spec_from_stdin ................................................................................................   Passed    0.06 sec
          Start 2245: test_repl-normal_forms-mnf_wff_mem_abs
2504/2642 Test #1364: test_repl-realizable_cmd-ltl_correctness-cross_01_safe_o_eq_0 ................................................................   Passed    0.05 sec
          Start  465: test_repl-ltl_decisions-issue131_bv_constant
2505/2642 Test #1898: test_repl-normalize_cmd-hooks_wff_equiv-07_negx_equiv_x_eq_f .................................................................   Passed    0.06 sec
          Start 2548: test_repl-cli-limit_short-block_squeeze_cap
2506/2642 Test #2602: test_repl-cli-bv_max_width_cap_exceeded ......................................................................................   Passed    0.06 sec
          Start 2197: test_repl-substitution_cmd_no_match_multi_applies
2507/2642 Test #2281: test_repl-history_store_cmd-quantifiers-ex_01_ex_x_x_eq_0 ....................................................................   Passed    0.07 sec
          Start 2002: test_repl-stop_cmd-no_run_in_progress
2508/2642 Test #2363: test_repl-reset_cmd-frees_nodes ..............................................................................................   Passed    0.05 sec
          Start 2244: test_repl-normal_forms-mnf_wff
2509/2642 Test #1580: test_repl-realizable_cmd-by_grammar-shape_u_11_implication_contradiction_g_t_f ...............................................   Passed    0.06 sec
          Start 1921: test_repl-normalize_cmd-cast_of_sbf_operand_rejected
2510/2642 Test #2245: test_repl-normal_forms-mnf_wff_mem_abs .......................................................................................   Passed    0.06 sec
          Start 1892: test_repl-normalize_cmd-hooks_wff_imply-04_x_imply_t_eq_t
2511/2642 Test #1776: test_repl-solver_cmd-qlt-solve-increasing_chain ..............................................................................   Passed    0.07 sec
          Start 1590: test_repl-realizable_cmd-ltl_qlt_bv-qr_06_g_mirror_i1
2512/2642 Test  #465: test_repl-ltl_decisions-issue131_bv_constant .................................................................................   Passed    0.06 sec
          Start 1796: test_repl-solver_cmd-sbf-minterm_system-two_vars
2513/2642 Test #2548: test_repl-cli-limit_short-block_squeeze_cap ..................................................................................   Passed    0.06 sec
          Start 2534: test_repl-cli-help_lists-block_max_splits
2514/2642 Test #2244: test_repl-normal_forms-mnf_wff ...............................................................................................   Passed    0.05 sec
          Start 2293: test_repl-def_list_cmd
2515/2642 Test #2197: test_repl-substitution_cmd_no_match_multi_applies ............................................................................   Passed    0.06 sec
          Start 1470: test_repl-realizable_cmd-by_grammar-shape_k_01_f_f_t_wff_t_in_f
2516/2642 Test #2002: test_repl-stop_cmd-no_run_in_progress ........................................................................................   Passed    0.07 sec
          Start 2246: test_repl-normal_forms-mnf_wff_mem_rel
2517/2642 Test #1892: test_repl-normalize_cmd-hooks_wff_imply-04_x_imply_t_eq_t ....................................................................   Passed    0.05 sec
          Start 2270: test_repl-history_print_cmd-non_empty_relative
2518/2642 Test #1921: test_repl-normalize_cmd-cast_of_sbf_operand_rejected .........................................................................   Passed    0.06 sec
          Start 1767: test_repl-solver_cmd-qlt-solve-neq0-max
2519/2642 Test #1796: test_repl-solver_cmd-sbf-minterm_system-two_vars .............................................................................   Passed    0.06 sec
          Start  621: test_repl-toggle_cmd-status
2520/2642 Test #1590: test_repl-realizable_cmd-ltl_qlt_bv-qr_06_g_mirror_i1 ........................................................................   Passed    0.06 sec
          Start 2292: test_repl-def_bf_cmd
2521/2642 Test #2534: test_repl-cli-help_lists-block_max_splits ....................................................................................   Passed    0.05 sec
          Start 2271: test_repl-history_print_cmd-non_empty_last
2522/2642 Test #2293: test_repl-def_list_cmd .......................................................................................................   Passed    0.06 sec
          Start 2543: test_repl-cli-help_lists-max_fixpoint_steps
2523/2642 Test #1470: test_repl-realizable_cmd-by_grammar-shape_k_01_f_f_t_wff_t_in_f ..............................................................   Passed    0.07 sec
          Start  933: test_repl-realizable_cmd-t
2524/2642 Test #2246: test_repl-normal_forms-mnf_wff_mem_rel .......................................................................................   Passed    0.06 sec
          Start 2369: test_repl-whatis_cmd-bf_1
2525/2642 Test #2270: test_repl-history_print_cmd-non_empty_relative ...............................................................................   Passed    0.05 sec
          Start 2549: test_repl-cli-help_lists-block_squeeze_cap
2526/2642 Test #1767: test_repl-solver_cmd-qlt-solve-neq0-max ......................................................................................   Passed    0.06 sec
          Start 2595: test_repl-cli-bv_solve_timeout_flag
2527/2642 Test  #621: test_repl-toggle_cmd-status ..................................................................................................   Passed    0.06 sec
          Start 2354: test_repl-adt-type_def_echo_alias
2528/2642 Test #2292: test_repl-def_bf_cmd .........................................................................................................   Passed    0.06 sec
          Start 1819: test_repl-solver_cmd-sbf-solve-neq0-max
2529/2642 Test #2271: test_repl-history_print_cmd-non_empty_last ...................................................................................   Passed    0.06 sec
          Start 2574: test_repl-cli-limit_long-cache_bound
2530/2642 Test #2543: test_repl-cli-help_lists-max_fixpoint_steps ..................................................................................   Passed    0.05 sec
          Start 2360: test_repl-reset_cmd-clears_history
2531/2642 Test  #933: test_repl-realizable_cmd-t ...................................................................................................   Passed    0.06 sec
          Start 2546: test_repl-cli-help_lists-max_flag_search_steps
2532/2642 Test #2369: test_repl-whatis_cmd-bf_1 ....................................................................................................   Passed    0.06 sec
          Start 1929: test_repl-normalize_cmd-qlt_var_eq_end
2533/2642 Test #2549: test_repl-cli-help_lists-block_squeeze_cap ...................................................................................   Passed    0.06 sec
          Start 2253: test_repl-anf_cmd-bf
2534/2642 Test #2354: test_repl-adt-type_def_echo_alias ............................................................................................   Passed    0.05 sec
          Start 1943: test_repl-normalize_cmd-issue185_complement_min_sat
2535/2642 Test #2595: test_repl-cli-bv_solve_timeout_flag ..........................................................................................   Passed    0.07 sec
          Start 2575: test_repl-cli-limit_short-cache_bound
2536/2642 Test #1819: test_repl-solver_cmd-sbf-solve-neq0-max ......................................................................................   Passed    0.06 sec
          Start 2361: test_repl-reset_cmd-clears_defs
2537/2642 Test #2574: test_repl-cli-limit_long-cache_bound .........................................................................................   Passed    0.05 sec
          Start 1917: test_repl-normalize_cmd-fp_call_function_loop_default_fallback
2538/2642 Test #2360: test_repl-reset_cmd-clears_history ...........................................................................................   Passed    0.06 sec
          Start 1931: test_repl-normalize_cmd-qlt_all_below_end
2539/2642 Test #2546: test_repl-cli-help_lists-max_flag_search_steps ...............................................................................   Passed    0.06 sec
          Start 1624: test_repl-realizable_cmd-ltl_qlt_bv-br_06_g_mirror_lookback_i1
2540/2642 Test #1929: test_repl-normalize_cmd-qlt_var_eq_end .......................................................................................   Passed    0.07 sec
2541/2642 Test #2253: test_repl-anf_cmd-bf .........................................................................................................   Passed    0.06 sec
          Start 2547: test_repl-cli-limit_long-block_squeeze_cap
          Start 2564: test_repl-cli-help_lists-max_rewrite_rounds
2542/2642 Test #1943: test_repl-normalize_cmd-issue185_complement_min_sat ..........................................................................   Passed    0.07 sec
          Start 2237: test_repl-normal_forms-dnf_bf_xnor_conj
2543/2642 Test #2575: test_repl-cli-limit_short-cache_bound ........................................................................................   Passed    0.05 sec
          Start 1807: test_repl-solver_cmd-sbf-solve_system-x_lt_y
2544/2642 Test #2361: test_repl-reset_cmd-clears_defs ..............................................................................................   Passed    0.07 sec
          Start 1473: test_repl-realizable_cmd-by_grammar-shape_k_04_t_u_t
2545/2642 Test #1917: test_repl-normalize_cmd-fp_call_function_loop_default_fallback ...............................................................   Passed    0.07 sec
          Start 2331: test_repl-io_definition_cmd-tau_out_console
2546/2642 Test #1931: test_repl-normalize_cmd-qlt_all_below_end ....................................................................................   Passed    0.07 sec
          Start 2151: test_repl-substitution_cmd_bf1
2547/2642 Test #1624: test_repl-realizable_cmd-ltl_qlt_bv-br_06_g_mirror_lookback_i1 ...............................................................   Passed    0.08 sec
          Start 1930: test_repl-normalize_cmd-qlt_var_neq_end
2548/2642 Test #2547: test_repl-cli-limit_long-block_squeeze_cap ...................................................................................   Passed    0.07 sec
          Start 2329: test_repl-io_definition_cmd-in_console
2549/2642 Test #2237: test_repl-normal_forms-dnf_bf_xnor_conj ......................................................................................   Passed    0.06 sec
          Start 2261: test_repl-history_list_cmd-non_empty
2550/2642 Test #2564: test_repl-cli-help_lists-max_rewrite_rounds ..................................................................................   Passed    0.07 sec
          Start 1801: test_repl-solver_cmd-sbf-ineq_system-splitter_of_one
2551/2642 Test #1807: test_repl-solver_cmd-sbf-solve_system-x_lt_y .................................................................................   Passed    0.07 sec
          Start 1466: test_repl-realizable_cmd-by_grammar-shape_j_02_g_ex_x_f_f_f_o1_bv_8_x_bv_8
2552/2642 Test #1473: test_repl-realizable_cmd-by_grammar-shape_k_04_t_u_t .........................................................................   Passed    0.06 sec
          Start 2212: test_repl-normal_forms-cnf_wff_dist_left
2553/2642 Test #2331: test_repl-io_definition_cmd-tau_out_console ..................................................................................   Passed    0.06 sec
          Start 2559: test_repl-cli-limit_long-max_probe_steps
2554/2642 Test #2151: test_repl-substitution_cmd_bf1 ...............................................................................................   Passed    0.06 sec
          Start  923: test_repl-unsat_cmd-wff_sat
2555/2642 Test #2261: test_repl-history_list_cmd-non_empty .........................................................................................   Passed    0.06 sec
          Start 2220: test_repl-normal_forms-cnf_bf_mem_rel
2556/2642 Test #1930: test_repl-normalize_cmd-qlt_var_neq_end ......................................................................................   Passed    0.07 sec
          Start 2242: test_repl-normal_forms-nnf_bf_mem_abs
2557/2642 Test #1801: test_repl-solver_cmd-sbf-ineq_system-splitter_of_one .........................................................................   Passed    0.07 sec
          Start 2198: test_repl-substitution_cmd_no_match_wrong_type
2558/2642 Test #2329: test_repl-io_definition_cmd-in_console .......................................................................................   Passed    0.08 sec
          Start 1748: test_repl-solver_cmd-qint-solve-neq0
2559/2642 Test #2559: test_repl-cli-limit_long-max_probe_steps .....................................................................................   Passed    0.05 sec
          Start  947: test_repl-realizable_cmd-mem_rel
2560/2642 Test #2212: test_repl-normal_forms-cnf_wff_dist_left .....................................................................................   Passed    0.06 sec
          Start 2236: test_repl-normal_forms-dnf_bf_xor_nested
2561/2642 Test #1466: test_repl-realizable_cmd-by_grammar-shape_j_02_g_ex_x_f_f_f_o1_bv_8_x_bv_8 ...................................................   Passed    0.09 sec
          Start 2561: test_repl-cli-help_lists-max_probe_steps
2562/2642 Test  #923: test_repl-unsat_cmd-wff_sat ..................................................................................................   Passed    0.08 sec
          Start 2565: test_repl-cli-limit_long-gc_min_size
2563/2642 Test #2220: test_repl-normal_forms-cnf_bf_mem_rel ........................................................................................   Passed    0.05 sec
          Start 2511: test_repl-cli-version_flag
2564/2642 Test #1748: test_repl-solver_cmd-qint-solve-neq0 .........................................................................................   Passed    0.06 sec
          Start 1789: test_repl-solver_cmd-sbf-find_solution-xor
2565/2642 Test #2236: test_repl-normal_forms-dnf_bf_xor_nested .....................................................................................   Passed    0.06 sec
          Start 1907: test_repl-normalize_cmd-quantifiers-ex_all_01_ex_x_all_y_x_eq_y
2566/2642 Test #2198: test_repl-substitution_cmd_no_match_wrong_type ...............................................................................   Passed    0.07 sec
2567/2642 Test  #947: test_repl-realizable_cmd-mem_rel .............................................................................................   Passed    0.06 sec
          Start 2260: test_repl-history_list_cmd-empty
          Start 2327: test_repl-io_definition_cmd-sbf_in_console
2568/2642 Test #2242: test_repl-normal_forms-nnf_bf_mem_abs ........................................................................................   Passed    0.08 sec
          Start 1905: test_repl-normalize_cmd-quantifiers-all_02_all_x_y_xy_ne_0
2569/2642 Test #2561: test_repl-cli-help_lists-max_probe_steps .....................................................................................   Passed    0.05 sec
          Start 2241: test_repl-normal_forms-nnf_bf
2570/2642 Test #2565: test_repl-cli-limit_long-gc_min_size .........................................................................................   Passed    0.06 sec
          Start 2252: test_repl-anf_cmd-wff
2571/2642 Test #2511: test_repl-cli-version_flag ...................................................................................................   Passed    0.05 sec
          Start 1900: test_repl-normalize_cmd-hooks_wff_lt_lteq-04_lteq_self_eq_t
2572/2642 Test #1789: test_repl-solver_cmd-sbf-find_solution-xor ...................................................................................   Passed    0.06 sec
          Start 2512: test_repl-cli-version_flag_short
2573/2642 Test #2260: test_repl-history_list_cmd-empty .............................................................................................   Passed    0.05 sec
          Start 1472: test_repl-realizable_cmd-by_grammar-shape_k_03_g_f_t
2574/2642 Test #1905: test_repl-normalize_cmd-quantifiers-all_02_all_x_y_xy_ne_0 ...................................................................   Passed    0.06 sec
          Start 2330: test_repl-io_definition_cmd-sbf_out_console
2575/2642 Test #1907: test_repl-normalize_cmd-quantifiers-ex_all_01_ex_x_all_y_x_eq_y ..............................................................   Passed    0.07 sec
2576/2642 Test #2327: test_repl-io_definition_cmd-sbf_in_console ...................................................................................   Passed    0.06 sec
          Start  732: test_repl-sat_cmd-F
          Start 1790: test_repl-solver_cmd-sbf-find_solution-and
2577/2642 Test #2241: test_repl-normal_forms-nnf_bf ................................................................................................   Passed    0.07 sec
          Start 2202: test_repl-substitution_cmd_groups_mixed
2578/2642 Test #1900: test_repl-normalize_cmd-hooks_wff_lt_lteq-04_lteq_self_eq_t ..................................................................   Passed    0.07 sec
          Start 1363: test_repl-realizable_cmd-ltl_correctness-cross_01_ltl_g_o_eq_0
2579/2642 Test #2252: test_repl-anf_cmd-wff ........................................................................................................   Passed    0.07 sec
          Start 2250: test_repl-anf_cmd-T
2580/2642 Test #2512: test_repl-cli-version_flag_short .............................................................................................   Passed    0.06 sec
          Start 2522: test_repl-cli-max_fixpoint_steps_default
2581/2642 Test #1472: test_repl-realizable_cmd-by_grammar-shape_k_03_g_f_t .........................................................................   Passed    0.05 sec
          Start 1623: test_repl-realizable_cmd-ltl_qlt_bv-br_05_g_mirror_i1
2582/2642 Test  #732: test_repl-sat_cmd-F ..........................................................................................................   Passed    0.05 sec
          Start 2544: test_repl-cli-limit_long-max_flag_search_steps
2583/2642 Test #2330: test_repl-io_definition_cmd-sbf_out_console ..................................................................................   Passed    0.06 sec
          Start 1765: test_repl-solver_cmd-qlt-solve-neq0
2584/2642 Test #1790: test_repl-solver_cmd-sbf-find_solution-and ...................................................................................   Passed    0.06 sec
          Start 2528: test_repl-cli-help_lists-spec_size_warn
2585/2642 Test #2202: test_repl-substitution_cmd_groups_mixed ......................................................................................   Passed    0.06 sec
          Start 1471: test_repl-realizable_cmd-by_grammar-shape_k_02_g_t
2586/2642 Test #1363: test_repl-realizable_cmd-ltl_correctness-cross_01_ltl_g_o_eq_0 ...............................................................   Passed    0.07 sec
          Start 2239: test_repl-normal_forms-nnf_wff_mem_abs
2587/2642 Test #2522: test_repl-cli-max_fixpoint_steps_default .....................................................................................   Passed    0.06 sec
          Start 2594: test_repl-cli-bv_case_split_max_tests_flag
2588/2642 Test #2544: test_repl-cli-limit_long-max_flag_search_steps ...............................................................................   Passed    0.05 sec
          Start 2513: test_repl-cli-interactive_quit
2589/2642 Test #1623: test_repl-realizable_cmd-ltl_qlt_bv-br_05_g_mirror_i1 ........................................................................   Passed    0.06 sec
          Start 2552: test_repl-cli-help_lists-max_simplify_rounds
2590/2642 Test #2250: test_repl-anf_cmd-T ..........................................................................................................   Passed    0.07 sec
          Start 2268: test_repl-history_print_cmd-empty_relative
2591/2642 Test #2528: test_repl-cli-help_lists-spec_size_warn ......................................................................................   Passed    0.06 sec
          Start 2538: test_repl-cli-limit_long-ba_decision_pins
2592/2642 Test #1765: test_repl-solver_cmd-qlt-solve-neq0 ..........................................................................................   Passed    0.06 sec
          Start 2532: test_repl-cli-limit_long-block_max_splits
2593/2642 Test #1471: test_repl-realizable_cmd-by_grammar-shape_k_02_g_t ...........................................................................   Passed    0.06 sec
          Start 2568: test_repl-cli-limit_long-gc_growth_factor
2594/2642 Test #2513: test_repl-cli-interactive_quit ...............................................................................................   Passed    0.06 sec
          Start 2537: test_repl-cli-help_lists-block_max_rounds
2595/2642 Test #2552: test_repl-cli-help_lists-max_simplify_rounds .................................................................................   Passed    0.06 sec
          Start 1909: test_repl-normalize_cmd-quantifiers-all_ex_01_all_x_ex_y_x_eq_y
2596/2642 Test #2268: test_repl-history_print_cmd-empty_relative ...................................................................................   Passed    0.05 sec
          Start 2367: test_repl-whatis_cmd-wff_F
2597/2642 Test #2239: test_repl-normal_forms-nnf_wff_mem_abs .......................................................................................   Passed    0.07 sec
          Start 2570: test_repl-cli-help_lists-gc_growth_factor
2598/2642 Test #2594: test_repl-cli-bv_case_split_max_tests_flag ...................................................................................   Passed    0.07 sec
          Start 2523: test_repl-cli-gc_growth_factor_flag
2599/2642 Test #2538: test_repl-cli-limit_long-ba_decision_pins ....................................................................................   Passed    0.05 sec
          Start 2542: test_repl-cli-limit_short-max_fixpoint_steps
2600/2642 Test #2532: test_repl-cli-limit_long-block_max_splits ....................................................................................   Passed    0.06 sec
          Start 2588: test_repl-cli-help_lists-tref_budget_soft
2601/2642 Test #2568: test_repl-cli-limit_long-gc_growth_factor ....................................................................................   Passed    0.05 sec
          Start 2609: test_repl-limit_effect-fixpointsteps_cli_zero_unlimited
2602/2642 Test #2537: test_repl-cli-help_lists-block_max_rounds ....................................................................................   Passed    0.05 sec
          Start 2259: test_repl-onf_cmd-term_rejected
2603/2642 Test #2570: test_repl-cli-help_lists-gc_growth_factor ....................................................................................   Passed    0.05 sec
          Start 2263: test_repl-history_store_cmd-wff
2604/2642 Test #1909: test_repl-normalize_cmd-quantifiers-all_ex_01_all_x_ex_y_x_eq_y ..............................................................   Passed    0.06 sec
          Start 2243: test_repl-normal_forms-nnf_bf_mem_rel
2605/2642 Test #2367: test_repl-whatis_cmd-wff_F ...................................................................................................   Passed    0.06 sec
          Start 2526: test_repl-cli-limit_long-spec_size_warn
2606/2642 Test #2523: test_repl-cli-gc_growth_factor_flag ..........................................................................................   Passed    0.06 sec
          Start 2516: test_repl-cli-empty_spec_from_stdin
2607/2642 Test #2588: test_repl-cli-help_lists-tref_budget_soft ....................................................................................   Passed    0.06 sec
          Start 2567: test_repl-cli-help_lists-gc_min_size
2608/2642 Test #2542: test_repl-cli-limit_short-max_fixpoint_steps .................................................................................   Passed    0.07 sec
          Start 2257: test_repl-onf_cmd-no_crash_on_conjunction
2609/2642 Test #2609: test_repl-limit_effect-fixpointsteps_cli_zero_unlimited ......................................................................   Passed    0.06 sec
          Start 2579: test_repl-cli-help_lists-max_cover_products
2610/2642 Test #2263: test_repl-history_store_cmd-wff ..............................................................................................   Passed    0.06 sec
          Start 2247: test_repl-normal_forms-mnf_bf
2611/2642 Test #2259: test_repl-onf_cmd-term_rejected ..............................................................................................   Passed    0.07 sec
          Start 2249: test_repl-normal_forms-mnf_bf_mem_rel
2612/2642 Test #2567: test_repl-cli-help_lists-gc_min_size .........................................................................................   Passed    0.04 sec
          Start 2254: test_repl-pnf_cmd-T
2613/2642 Test #2243: test_repl-normal_forms-nnf_bf_mem_rel ........................................................................................   Passed    0.07 sec
          Start 2560: test_repl-cli-limit_short-max_probe_steps
2614/2642 Test #2526: test_repl-cli-limit_long-spec_size_warn ......................................................................................   Passed    0.06 sec
          Start 2531: test_repl-cli-help_lists-max_revision_alts
2615/2642 Test #2516: test_repl-cli-empty_spec_from_stdin ..........................................................................................   Passed    0.07 sec
          Start 2525: test_repl-cli-help_lists_limit_options
2616/2642 Test #2257: test_repl-onf_cmd-no_crash_on_conjunction ....................................................................................   Passed    0.06 sec
          Start 2517: test_repl-cli-missing_spec_file
2617/2642 Test #2579: test_repl-cli-help_lists-max_cover_products ..................................................................................   Passed    0.06 sec
          Start 2540: test_repl-cli-help_lists-ba_decision_pins
2618/2642 Test #2249: test_repl-normal_forms-mnf_bf_mem_rel ........................................................................................   Passed    0.06 sec
          Start  167: test_repl-pack_gate
2619/2642 Test #2254: test_repl-pnf_cmd-T ..........................................................................................................   Passed    0.06 sec
2620/2642 Test #2531: test_repl-cli-help_lists-max_revision_alts ...................................................................................   Passed    0.05 sec
2621/2642 Test #2247: test_repl-normal_forms-mnf_bf ................................................................................................   Passed    0.07 sec
2622/2642 Test #2525: test_repl-cli-help_lists_limit_options .......................................................................................   Passed    0.05 sec
2623/2642 Test #2560: test_repl-cli-limit_short-max_probe_steps ....................................................................................   Passed    0.07 sec
2624/2642 Test #2517: test_repl-cli-missing_spec_file ..............................................................................................   Passed    0.05 sec
2625/2642 Test  #167: test_repl-pack_gate ..........................................................................................................   Passed    0.03 sec
2626/2642 Test #2540: test_repl-cli-help_lists-ba_decision_pins ....................................................................................   Passed    0.06 sec
          Start 2639: test_repl-compile_verb-solves_as_run_from_start
2627/2642 Test #2639: test_repl-compile_verb-solves_as_run_from_start ..............................................................................   Passed   39.29 sec
          Start 2638: test_repl-compile_verb-solves_as_run
2628/2642 Test #2638: test_repl-compile_verb-solves_as_run .........................................................................................   Passed   37.46 sec
          Start 2640: test_repl-compile_verb-solves_as_run_witness
2629/2642 Test #2640: test_repl-compile_verb-solves_as_run_witness .................................................................................   Passed   37.93 sec
          Start 2629: test_repl-compile_verb-echo_dot
2630/2642 Test #2629: test_repl-compile_verb-echo_dot ..............................................................................................   Passed   36.33 sec
          Start 2628: test_repl-compile_verb-echo
2631/2642 Test #2628: test_repl-compile_verb-echo ..................................................................................................   Passed   36.87 sec
          Start 2635: test_repl-compile_verb-plays_run_strategy_goal_met
2632/2642 Test #2635: test_repl-compile_verb-plays_run_strategy_goal_met ...........................................................................   Passed   13.91 sec
          Start 2637: test_repl-compile_verb-prints_every_output
2633/2642 Test #2637: test_repl-compile_verb-prints_every_output ...................................................................................   Passed   13.38 sec
          Start 2636: test_repl-compile_verb-plays_run_strategy_witness
2634/2642 Test #2636: test_repl-compile_verb-plays_run_strategy_witness ............................................................................   Passed   13.39 sec
          Start 2630: test_repl-compile_verb-ltl_lookback_under_eventuality
2635/2642 Test #2630: test_repl-compile_verb-ltl_lookback_under_eventuality ........................................................................   Passed   13.45 sec
          Start 2632: test_repl-compile_verb-warm_up_tautology
2636/2642 Test #2632: test_repl-compile_verb-warm_up_tautology .....................................................................................   Passed   13.25 sec
          Start 2633: test_repl-compile_verb-plays_run_strategy
2637/2642 Test #2633: test_repl-compile_verb-plays_run_strategy ....................................................................................   Passed   13.01 sec
          Start 2634: test_repl-compile_verb-plays_run_strategy_from_start
2638/2642 Test #2634: test_repl-compile_verb-plays_run_strategy_from_start .........................................................................   Passed   12.88 sec
          Start 2641: test_repl-compile_verb-plays_view_on_bits
2639/2642 Test #2641: test_repl-compile_verb-plays_view_on_bits ....................................................................................   Passed   12.86 sec
          Start 2642: test_repl-compile_verb-plays_view_on_order_types
2640/2642 Test #2642: test_repl-compile_verb-plays_view_on_order_types .............................................................................   Passed   12.82 sec
          Start  579: test_codegen_cli-data_game_only_emits
2641/2642 Test  #579: test_codegen_cli-data_game_only_emits ........................................................................................   Passed   12.29 sec
          Start  580: test_codegen_cli-template_witness_atom_emitted
2642/2642 Test  #580: test_codegen_cli-template_witness_atom_emitted ...............................................................................   Passed   12.60 sec

99% tests passed, 3 tests failed out of 2642

Total Test time (real) = 479.17 sec

The following tests FAILED:
	1945 - test_repl-normalize_cmd-issue185_juxtaposed_min_printed (Failed)
	1951 - test_repl-normalize_cmd-qlt_pinned_neq_residual (Failed)
	1955 - test_repl-normalize_cmd-qlt_density_residual (Failed)
Errors while running CTest
